arm,sensor,treated,donor,n_matched
B,sentinel1,treatment_0001,counterfactual_0001_01,141
B,sentinel1,treatment_0001,counterfactual_0001_02,104
B,sentinel1,treatment_0001,counterfactual_0001_03,101
B,sentinel1,treatment_0001,counterfactual_0001_04,142
B,sentinel1,treatment_0001,counterfactual_0001_05,133
B,sentinel1,treatment_0002,counterfactual_0002_01,110
B,sentinel1,treatment_0002,counterfactual_0002_02,94
B,sentinel1,treatment_0002,counterfactual_0002_03,103
B,sentinel1,treatment_0002,counterfactual_0002_04,83
B,sentinel1,treatment_0002,counterfactual_0002_05,125
B,sentinel1,treatment_0003,counterfactual_0003_01,176
B,sentinel1,treatment_0003,counterfactual_0003_02,182
B,sentinel1,treatment_0003,counterfactual_0003_03,174
B,sentinel1,treatment_0003,counterfactual_0003_04,176
B,sentinel1,treatment_0003,counterfactual_0003_05,122
B,sentinel1,treatment_0004,counterfactual_0004_01,59
B,sentinel1,treatment_0004,counterfactual_0004_02,150
B,sentinel1,treatment_0004,counterfactual_0004_03,54
B,sentinel1,treatment_0004,counterfactual_0004_04,134
B,sentinel1,treatment_0004,counterfactual_0004_05,61
B,sentinel1,treatment_0005,counterfactual_0005_01,58
B,sentinel1,treatment_0005,counterfactual_0005_02,121
B,sentinel1,treatment_0005,counterfactual_0005_03,111
B,sentinel1,treatment_0005,counterfactual_0005_04,136
B,sentinel1,treatment_0005,counterfactual_0005_05,157
B,sentinel1,treatment_0006,counterfactual_0006_01,171
B,sentinel1,treatment_0006,counterfactual_0006_02,155
B,sentinel1,treatment_0006,counterfactual_0006_03,147
B,sentinel1,treatment_0006,counterfactual_0006_04,177
B,sentinel1,treatment_0006,counterfactual_0006_05,157
B,sentinel1,treatment_0007,counterfactual_0007_01,147
B,sentinel1,treatment_0007,counterfactual_0007_02,191
B,sentinel1,treatment_0007,counterfactual_0007_03,174
B,sentinel1,treatment_0007,counterfactual_0007_04,158
B,sentinel1,treatment_0007,counterfactual_0007_05,95
B,sentinel1,treatment_0008,counterfactual_0008_01,150
B,sentinel1,treatment_0008,counterfactual_0008_02,123
B,sentinel1,treatment_0008,counterfactual_0008_03,147
B,sentinel1,treatment_0008,counterfactual_0008_04,91
B,sentinel1,treatment_0008,counterfactual_0008_05,121
B,sentinel1,treatment_0009,counterfactual_0009_01,160
B,sentinel1,treatment_0009,counterfactual_0009_02,181
B,sentinel1,treatment_0009,counterfactual_0009_03,149
B,sentinel1,treatment_0009,counterfactual_0009_04,149
B,sentinel1,treatment_0009,counterfactual_0009_05,150
B,sentinel1,treatment_0010,counterfactual_0010_01,174
B,sentinel1,treatment_0010,counterfactual_0010_02,177
B,sentinel1,treatment_0010,counterfactual_0010_03,130
B,sentinel1,treatment_0010,counterfactual_0010_04,118
B,sentinel1,treatment_0010,counterfactual_0010_05,90
B,sentinel2,treatment_0001,counterfactual_0001_01,141
B,sentinel2,treatment_0001,counterfactual_0001_02,104
B,sentinel2,treatment_0001,counterfactual_0001_03,101
B,sentinel2,treatment_0001,counterfactual_0001_04,142
B,sentinel2,treatment_0001,counterfactual_0001_05,133
B,sentinel2,treatment_0002,counterfactual_0002_01,98
B,sentinel2,treatment_0002,counterfactual_0002_02,82
B,sentinel2,treatment_0002,counterfactual_0002_03,77
B,sentinel2,treatment_0002,counterfactual_0002_04,57
B,sentinel2,treatment_0002,counterfactual_0002_05,99
B,sentinel2,treatment_0003,counterfactual_0003_01,171
B,sentinel2,treatment_0003,counterfactual_0003_02,182
B,sentinel2,treatment_0003,counterfactual_0003_03,167
B,sentinel2,treatment_0003,counterfactual_0003_04,176
B,sentinel2,treatment_0003,counterfactual_0003_05,122
B,sentinel2,treatment_0004,counterfactual_0004_01,59
B,sentinel2,treatment_0004,counterfactual_0004_02,108
B,sentinel2,treatment_0004,counterfactual_0004_03,54
B,sentinel2,treatment_0004,counterfactual_0004_04,133
B,sentinel2,treatment_0004,counterfactual_0004_05,61
B,sentinel2,treatment_0005,counterfactual_0005_01,56
B,sentinel2,treatment_0005,counterfactual_0005_02,121
B,sentinel2,treatment_0005,counterfactual_0005_03,109
B,sentinel2,treatment_0005,counterfactual_0005_04,128
B,sentinel2,treatment_0005,counterfactual_0005_05,149
B,sentinel2,treatment_0006,counterfactual_0006_01,171
B,sentinel2,treatment_0006,counterfactual_0006_02,155
B,sentinel2,treatment_0006,counterfactual_0006_03,147
B,sentinel2,treatment_0006,counterfactual_0006_04,177
B,sentinel2,treatment_0006,counterfactual_0006_05,157
B,sentinel2,treatment_0007,counterfactual_0007_01,146
B,sentinel2,treatment_0007,counterfactual_0007_02,191
B,sentinel2,treatment_0007,counterfactual_0007_03,173
B,sentinel2,treatment_0007,counterfactual_0007_04,158
B,sentinel2,treatment_0007,counterfactual_0007_05,94
B,sentinel2,treatment_0008,counterfactual_0008_01,148
B,sentinel2,treatment_0008,counterfactual_0008_02,122
B,sentinel2,treatment_0008,counterfactual_0008_03,146
B,sentinel2,treatment_0008,counterfactual_0008_04,90
B,sentinel2,treatment_0008,counterfactual_0008_05,120
B,sentinel2,treatment_0009,counterfactual_0009_01,154
B,sentinel2,treatment_0009,counterfactual_0009_02,176
B,sentinel2,treatment_0009,counterfactual_0009_03,144
B,sentinel2,treatment_0009,counterfactual_0009_04,143
B,sentinel2,treatment_0009,counterfactual_0009_05,144
B,sentinel2,treatment_0010,counterfactual_0010_01,154
B,sentinel2,treatment_0010,counterfactual_0010_02,153
B,sentinel2,treatment_0010,counterfactual_0010_03,117
B,sentinel2,treatment_0010,counterfactual_0010_04,102
B,sentinel2,treatment_0010,counterfactual_0010_05,77
C,sentinel1,treatment_0001,counterfactual_0001_01,141
C,sentinel1,treatment_0001,counterfactual_0001_02,104
C,sentinel1,treatment_0001,counterfactual_0001_03,101
C,sentinel1,treatment_0001,counterfactual_0001_04,142
C,sentinel1,treatment_0001,counterfactual_0001_05,133
C,sentinel1,treatment_0002,counterfactual_0002_01,110
C,sentinel1,treatment_0002,counterfactual_0002_02,94
C,sentinel1,treatment_0002,counterfactual_0002_03,103
C,sentinel1,treatment_0002,counterfactual_0002_04,83
C,sentinel1,treatment_0002,counterfactual_0002_05,125
C,sentinel1,treatment_0003,counterfactual_0003_01,176
C,sentinel1,treatment_0003,counterfactual_0003_02,182
C,sentinel1,treatment_0003,counterfactual_0003_03,174
C,sentinel1,treatment_0003,counterfactual_0003_04,176
C,sentinel1,treatment_0003,counterfactual_0003_05,122
C,sentinel1,treatment_0004,counterfactual_0004_01,59
C,sentinel1,treatment_0004,counterfactual_0004_02,150
C,sentinel1,treatment_0004,counterfactual_0004_03,54
C,sentinel1,treatment_0004,counterfactual_0004_04,134
C,sentinel1,treatment_0004,counterfactual_0004_05,61
C,sentinel1,treatment_0005,counterfactual_0005_01,58
C,sentinel1,treatment_0005,counterfactual_0005_02,121
C,sentinel1,treatment_0005,counterfactual_0005_03,111
C,sentinel1,treatment_0005,counterfactual_0005_04,136
C,sentinel1,treatment_0005,counterfactual_0005_05,157
C,sentinel1,treatment_0006,counterfactual_0006_01,171
C,sentinel1,treatment_0006,counterfactual_0006_02,155
C,sentinel1,treatment_0006,counterfactual_0006_03,147
C,sentinel1,treatment_0006,counterfactual_0006_04,177
C,sentinel1,treatment_0006,counterfactual_0006_05,157
C,sentinel1,treatment_0007,counterfactual_0007_01,147
C,sentinel1,treatment_0007,counterfactual_0007_02,191
C,sentinel1,treatment_0007,counterfactual_0007_03,174
C,sentinel1,treatment_0007,counterfactual_0007_04,158
C,sentinel1,treatment_0007,counterfactual_0007_05,95
C,sentinel1,treatment_0008,counterfactual_0008_01,150
C,sentinel1,treatment_0008,counterfactual_0008_02,123
C,sentinel1,treatment_0008,counterfactual_0008_03,147
C,sentinel1,treatment_0008,counterfactual_0008_04,91
C,sentinel1,treatment_0008,counterfactual_0008_05,121
C,sentinel1,treatment_0009,counterfactual_0009_01,160
C,sentinel1,treatment_0009,counterfactual_0009_02,181
C,sentinel1,treatment_0009,counterfactual_0009_03,149
C,sentinel1,treatment_0009,counterfactual_0009_04,149
C,sentinel1,treatment_0009,counterfactual_0009_05,150
C,sentinel1,treatment_0010,counterfactual_0010_01,174
C,sentinel1,treatment_0010,counterfactual_0010_02,177
C,sentinel1,treatment_0010,counterfactual_0010_03,130
C,sentinel1,treatment_0010,counterfactual_0010_04,118
C,sentinel1,treatment_0010,counterfactual_0010_05,90
C,sentinel2,treatment_0001,counterfactual_0001_01,141
C,sentinel2,treatment_0001,counterfactual_0001_02,104
C,sentinel2,treatment_0001,counterfactual_0001_03,101
C,sentinel2,treatment_0001,counterfactual_0001_04,142
C,sentinel2,treatment_0001,counterfactual_0001_05,133
C,sentinel2,treatment_0002,counterfactual_0002_01,98
C,sentinel2,treatment_0002,counterfactual_0002_02,82
C,sentinel2,treatment_0002,counterfactual_0002_03,77
C,sentinel2,treatment_0002,counterfactual_0002_04,57
C,sentinel2,treatment_0002,counterfactual_0002_05,99
C,sentinel2,treatment_0003,counterfactual_0003_01,171
C,sentinel2,treatment_0003,counterfactual_0003_02,182
C,sentinel2,treatment_0003,counterfactual_0003_03,167
C,sentinel2,treatment_0003,counterfactual_0003_04,176
C,sentinel2,treatment_0003,counterfactual_0003_05,122
C,sentinel2,treatment_0004,counterfactual_0004_01,58
C,sentinel2,treatment_0004,counterfactual_0004_02,108
C,sentinel2,treatment_0004,counterfactual_0004_03,54
C,sentinel2,treatment_0004,counterfactual_0004_04,133
C,sentinel2,treatment_0004,counterfactual_0004_05,60
C,sentinel2,treatment_0005,counterfactual_0005_01,56
C,sentinel2,treatment_0005,counterfactual_0005_02,120
C,sentinel2,treatment_0005,counterfactual_0005_03,109
C,sentinel2,treatment_0005,counterfactual_0005_04,128
C,sentinel2,treatment_0005,counterfactual_0005_05,149
C,sentinel2,treatment_0006,counterfactual_0006_01,171
C,sentinel2,treatment_0006,counterfactual_0006_02,155
C,sentinel2,treatment_0006,counterfactual_0006_03,147
C,sentinel2,treatment_0006,counterfactual_0006_04,177
C,sentinel2,treatment_0006,counterfactual_0006_05,157
C,sentinel2,treatment_0007,counterfactual_0007_01,146
C,sentinel2,treatment_0007,counterfactual_0007_02,190
C,sentinel2,treatment_0007,counterfactual_0007_03,173
C,sentinel2,treatment_0007,counterfactual_0007_04,158
C,sentinel2,treatment_0007,counterfactual_0007_05,94
C,sentinel2,treatment_0008,counterfactual_0008_01,148
C,sentinel2,treatment_0008,counterfactual_0008_02,122
C,sentinel2,treatment_0008,counterfactual_0008_03,146
C,sentinel2,treatment_0008,counterfactual_0008_04,90
C,sentinel2,treatment_0008,counterfactual_0008_05,120
C,sentinel2,treatment_0009,counterfactual_0009_01,154
C,sentinel2,treatment_0009,counterfactual_0009_02,176
C,sentinel2,treatment_0009,counterfactual_0009_03,144
C,sentinel2,treatment_0009,counterfactual_0009_04,143
C,sentinel2,treatment_0009,counterfactual_0009_05,144
C,sentinel2,treatment_0010,counterfactual_0010_01,154
C,sentinel2,treatment_0010,counterfactual_0010_02,153
C,sentinel2,treatment_0010,counterfactual_0010_03,117
C,sentinel2,treatment_0010,counterfactual_0010_04,102
C,sentinel2,treatment_0010,counterfactual_0010_05,77
D_min,sentinel1,treatment_0001,counterfactual_0001_01,141
D_min,sentinel1,treatment_0001,counterfactual_0001_02,104
D_min,sentinel1,treatment_0001,counterfactual_0001_03,101
D_min,sentinel1,treatment_0001,counterfactual_0001_04,142
D_min,sentinel1,treatment_0001,counterfactual_0001_05,133
D_min,sentinel1,treatment_0002,counterfactual_0002_01,110
D_min,sentinel1,treatment_0002,counterfactual_0002_02,94
D_min,sentinel1,treatment_0002,counterfactual_0002_03,103
D_min,sentinel1,treatment_0002,counterfactual_0002_04,83
D_min,sentinel1,treatment_0002,counterfactual_0002_05,125
D_min,sentinel1,treatment_0003,counterfactual_0003_01,176
D_min,sentinel1,treatment_0003,counterfactual_0003_02,182
D_min,sentinel1,treatment_0003,counterfactual_0003_03,174
D_min,sentinel1,treatment_0003,counterfactual_0003_04,176
D_min,sentinel1,treatment_0003,counterfactual_0003_05,122
D_min,sentinel1,treatment_0004,counterfactual_0004_01,59
D_min,sentinel1,treatment_0004,counterfactual_0004_02,150
D_min,sentinel1,treatment_0004,counterfactual_0004_03,54
D_min,sentinel1,treatment_0004,counterfactual_0004_04,134
D_min,sentinel1,treatment_0004,counterfactual_0004_05,61
D_min,sentinel1,treatment_0005,counterfactual_0005_01,58
D_min,sentinel1,treatment_0005,counterfactual_0005_02,121
D_min,sentinel1,treatment_0005,counterfactual_0005_03,111
D_min,sentinel1,treatment_0005,counterfactual_0005_04,136
D_min,sentinel1,treatment_0005,counterfactual_0005_05,157
D_min,sentinel1,treatment_0006,counterfactual_0006_01,171
D_min,sentinel1,treatment_0006,counterfactual_0006_02,155
D_min,sentinel1,treatment_0006,counterfactual_0006_03,147
D_min,sentinel1,treatment_0006,counterfactual_0006_04,177
D_min,sentinel1,treatment_0006,counterfactual_0006_05,157
D_min,sentinel1,treatment_0007,counterfactual_0007_01,147
D_min,sentinel1,treatment_0007,counterfactual_0007_02,191
D_min,sentinel1,treatment_0007,counterfactual_0007_03,174
D_min,sentinel1,treatment_0007,counterfactual_0007_04,158
D_min,sentinel1,treatment_0007,counterfactual_0007_05,95
D_min,sentinel1,treatment_0008,counterfactual_0008_01,150
D_min,sentinel1,treatment_0008,counterfactual_0008_02,123
D_min,sentinel1,treatment_0008,counterfactual_0008_03,147
D_min,sentinel1,treatment_0008,counterfactual_0008_04,91
D_min,sentinel1,treatment_0008,counterfactual_0008_05,121
D_min,sentinel1,treatment_0009,counterfactual_0009_01,160
D_min,sentinel1,treatment_0009,counterfactual_0009_02,181
D_min,sentinel1,treatment_0009,counterfactual_0009_03,149
D_min,sentinel1,treatment_0009,counterfactual_0009_04,149
D_min,sentinel1,treatment_0009,counterfactual_0009_05,150
D_min,sentinel1,treatment_0010,counterfactual_0010_01,174
D_min,sentinel1,treatment_0010,counterfactual_0010_02,177
D_min,sentinel1,treatment_0010,counterfactual_0010_03,130
D_min,sentinel1,treatment_0010,counterfactual_0010_04,118
D_min,sentinel1,treatment_0010,counterfactual_0010_05,90
D_min,sentinel2,treatment_0001,counterfactual_0001_01,141
D_min,sentinel2,treatment_0001,counterfactual_0001_02,104
D_min,sentinel2,treatment_0001,counterfactual_0001_03,101
D_min,sentinel2,treatment_0001,counterfactual_0001_04,142
D_min,sentinel2,treatment_0001,counterfactual_0001_05,133
D_min,sentinel2,treatment_0002,counterfactual_0002_01,98
D_min,sentinel2,treatment_0002,counterfactual_0002_02,82
D_min,sentinel2,treatment_0002,counterfactual_0002_03,77
D_min,sentinel2,treatment_0002,counterfactual_0002_04,57
D_min,sentinel2,treatment_0002,counterfactual_0002_05,99
D_min,sentinel2,treatment_0003,counterfactual_0003_01,171
D_min,sentinel2,treatment_0003,counterfactual_0003_02,182
D_min,sentinel2,treatment_0003,counterfactual_0003_03,167
D_min,sentinel2,treatment_0003,counterfactual_0003_04,176
D_min,sentinel2,treatment_0003,counterfactual_0003_05,122
D_min,sentinel2,treatment_0004,counterfactual_0004_01,58
D_min,sentinel2,treatment_0004,counterfactual_0004_02,108
D_min,sentinel2,treatment_0004,counterfactual_0004_03,54
D_min,sentinel2,treatment_0004,counterfactual_0004_04,133
D_min,sentinel2,treatment_0004,counterfactual_0004_05,60
D_min,sentinel2,treatment_0005,counterfactual_0005_01,56
D_min,sentinel2,treatment_0005,counterfactual_0005_02,120
D_min,sentinel2,treatment_0005,counterfactual_0005_03,109
D_min,sentinel2,treatment_0005,counterfactual_0005_04,128
D_min,sentinel2,treatment_0005,counterfactual_0005_05,149
D_min,sentinel2,treatment_0006,counterfactual_0006_01,171
D_min,sentinel2,treatment_0006,counterfactual_0006_02,155
D_min,sentinel2,treatment_0006,counterfactual_0006_03,147
D_min,sentinel2,treatment_0006,counterfactual_0006_04,177
D_min,sentinel2,treatment_0006,counterfactual_0006_05,157
D_min,sentinel2,treatment_0007,counterfactual_0007_01,146
D_min,sentinel2,treatment_0007,counterfactual_0007_02,190
D_min,sentinel2,treatment_0007,counterfactual_0007_03,173
D_min,sentinel2,treatment_0007,counterfactual_0007_04,158
D_min,sentinel2,treatment_0007,counterfactual_0007_05,94
D_min,sentinel2,treatment_0008,counterfactual_0008_01,148
D_min,sentinel2,treatment_0008,counterfactual_0008_02,122
D_min,sentinel2,treatment_0008,counterfactual_0008_03,146
D_min,sentinel2,treatment_0008,counterfactual_0008_04,90
D_min,sentinel2,treatment_0008,counterfactual_0008_05,120
D_min,sentinel2,treatment_0009,counterfactual_0009_01,154
D_min,sentinel2,treatment_0009,counterfactual_0009_02,176
D_min,sentinel2,treatment_0009,counterfactual_0009_03,144
D_min,sentinel2,treatment_0009,counterfactual_0009_04,143
D_min,sentinel2,treatment_0009,counterfactual_0009_05,144
D_min,sentinel2,treatment_0010,counterfactual_0010_01,154
D_min,sentinel2,treatment_0010,counterfactual_0010_02,153
D_min,sentinel2,treatment_0010,counterfactual_0010_03,117
D_min,sentinel2,treatment_0010,counterfactual_0010_04,102
D_min,sentinel2,treatment_0010,counterfactual_0010_05,77
D_full,sentinel1,treatment_0001,counterfactual_0001_01,141
D_full,sentinel1,treatment_0001,counterfactual_0001_02,104
D_full,sentinel1,treatment_0001,counterfactual_0001_03,101
D_full,sentinel1,treatment_0001,counterfactual_0001_04,142
D_full,sentinel1,treatment_0001,counterfactual_0001_05,133
D_full,sentinel1,treatment_0002,counterfactual_0002_01,110
D_full,sentinel1,treatment_0002,counterfactual_0002_02,94
D_full,sentinel1,treatment_0002,counterfactual_0002_03,103
D_full,sentinel1,treatment_0002,counterfactual_0002_04,83
D_full,sentinel1,treatment_0002,counterfactual_0002_05,125
D_full,sentinel1,treatment_0003,counterfactual_0003_01,176
D_full,sentinel1,treatment_0003,counterfactual_0003_02,182
D_full,sentinel1,treatment_0003,counterfactual_0003_03,174
D_full,sentinel1,treatment_0003,counterfactual_0003_04,176
D_full,sentinel1,treatment_0003,counterfactual_0003_05,122
D_full,sentinel1,treatment_0004,counterfactual_0004_01,59
D_full,sentinel1,treatment_0004,counterfactual_0004_02,150
D_full,sentinel1,treatment_0004,counterfactual_0004_03,54
D_full,sentinel1,treatment_0004,counterfactual_0004_04,134
D_full,sentinel1,treatment_0004,counterfactual_0004_05,61
D_full,sentinel1,treatment_0005,counterfactual_0005_01,58
D_full,sentinel1,treatment_0005,counterfactual_0005_02,121
D_full,sentinel1,treatment_0005,counterfactual_0005_03,111
D_full,sentinel1,treatment_0005,counterfactual_0005_04,136
D_full,sentinel1,treatment_0005,counterfactual_0005_05,157
D_full,sentinel1,treatment_0006,counterfactual_0006_01,171
D_full,sentinel1,treatment_0006,counterfactual_0006_02,155
D_full,sentinel1,treatment_0006,counterfactual_0006_03,147
D_full,sentinel1,treatment_0006,counterfactual_0006_04,177
D_full,sentinel1,treatment_0006,counterfactual_0006_05,157
D_full,sentinel1,treatment_0007,counterfactual_0007_01,147
D_full,sentinel1,treatment_0007,counterfactual_0007_02,191
D_full,sentinel1,treatment_0007,counterfactual_0007_03,174
D_full,sentinel1,treatment_0007,counterfactual_0007_04,158
D_full,sentinel1,treatment_0007,counterfactual_0007_05,95
D_full,sentinel1,treatment_0008,counterfactual_0008_01,150
D_full,sentinel1,treatment_0008,counterfactual_0008_02,123
D_full,sentinel1,treatment_0008,counterfactual_0008_03,147
D_full,sentinel1,treatment_0008,counterfactual_0008_04,91
D_full,sentinel1,treatment_0008,counterfactual_0008_05,121
D_full,sentinel1,treatment_0009,counterfactual_0009_01,160
D_full,sentinel1,treatment_0009,counterfactual_0009_02,181
D_full,sentinel1,treatment_0009,counterfactual_0009_03,149
D_full,sentinel1,treatment_0009,counterfactual_0009_04,149
D_full,sentinel1,treatment_0009,counterfactual_0009_05,150
D_full,sentinel1,treatment_0010,counterfactual_0010_01,174
D_full,sentinel1,treatment_0010,counterfactual_0010_02,177
D_full,sentinel1,treatment_0010,counterfactual_0010_03,130
D_full,sentinel1,treatment_0010,counterfactual_0010_04,118
D_full,sentinel1,treatment_0010,counterfactual_0010_05,90
D_full,sentinel2,treatment_0001,counterfactual_0001_01,141
D_full,sentinel2,treatment_0001,counterfactual_0001_02,104
D_full,sentinel2,treatment_0001,counterfactual_0001_03,101
D_full,sentinel2,treatment_0001,counterfactual_0001_04,142
D_full,sentinel2,treatment_0001,counterfactual_0001_05,133
D_full,sentinel2,treatment_0002,counterfactual_0002_01,98
D_full,sentinel2,treatment_0002,counterfactual_0002_02,82
D_full,sentinel2,treatment_0002,counterfactual_0002_03,77
D_full,sentinel2,treatment_0002,counterfactual_0002_04,57
D_full,sentinel2,treatment_0002,counterfactual_0002_05,99
D_full,sentinel2,treatment_0003,counterfactual_0003_01,171
D_full,sentinel2,treatment_0003,counterfactual_0003_02,182
D_full,sentinel2,treatment_0003,counterfactual_0003_03,167
D_full,sentinel2,treatment_0003,counterfactual_0003_04,176
D_full,sentinel2,treatment_0003,counterfactual_0003_05,122
D_full,sentinel2,treatment_0004,counterfactual_0004_01,58
D_full,sentinel2,treatment_0004,counterfactual_0004_02,108
D_full,sentinel2,treatment_0004,counterfactual_0004_03,54
D_full,sentinel2,treatment_0004,counterfactual_0004_04,133
D_full,sentinel2,treatment_0004,counterfactual_0004_05,60
D_full,sentinel2,treatment_0005,counterfactual_0005_01,56
D_full,sentinel2,treatment_0005,counterfactual_0005_02,120
D_full,sentinel2,treatment_0005,counterfactual_0005_03,109
D_full,sentinel2,treatment_0005,counterfactual_0005_04,128
D_full,sentinel2,treatment_0005,counterfactual_0005_05,149
D_full,sentinel2,treatment_0006,counterfactual_0006_01,171
D_full,sentinel2,treatment_0006,counterfactual_0006_02,155
D_full,sentinel2,treatment_0006,counterfactual_0006_03,147
D_full,sentinel2,treatment_0006,counterfactual_0006_04,177
D_full,sentinel2,treatment_0006,counterfactual_0006_05,157
D_full,sentinel2,treatment_0007,counterfactual_0007_01,146
D_full,sentinel2,treatment_0007,counterfactual_0007_02,190
D_full,sentinel2,treatment_0007,counterfactual_0007_03,173
D_full,sentinel2,treatment_0007,counterfactual_0007_04,158
D_full,sentinel2,treatment_0007,counterfactual_0007_05,94
D_full,sentinel2,treatment_0008,counterfactual_0008_01,148
D_full,sentinel2,treatment_0008,counterfactual_0008_02,122
D_full,sentinel2,treatment_0008,counterfactual_0008_03,146
D_full,sentinel2,treatment_0008,counterfactual_0008_04,90
D_full,sentinel2,treatment_0008,counterfactual_0008_05,120
D_full,sentinel2,treatment_0009,counterfactual_0009_01,154
D_full,sentinel2,treatment_0009,counterfactual_0009_02,176
D_full,sentinel2,treatment_0009,counterfactual_0009_03,144
D_full,sentinel2,treatment_0009,counterfactual_0009_04,143
D_full,sentinel2,treatment_0009,counterfactual_0009_05,144
D_full,sentinel2,treatment_0010,counterfactual_0010_01,154
D_full,sentinel2,treatment_0010,counterfactual_0010_02,153
D_full,sentinel2,treatment_0010,counterfactual_0010_03,117
D_full,sentinel2,treatment_0010,counterfactual_0010_04,102
D_full,sentinel2,treatment_0010,counterfactual_0010_05,77
E,sentinel1,treatment_0001,counterfactual_0001_01,141
E,sentinel1,treatment_0001,counterfactual_0001_02,104
E,sentinel1,treatment_0001,counterfactual_0001_03,101
E,sentinel1,treatment_0001,counterfactual_0001_04,142
E,sentinel1,treatment_0001,counterfactual_0001_05,133
E,sentinel1,treatment_0002,counterfactual_0002_01,110
E,sentinel1,treatment_0002,counterfactual_0002_02,94
E,sentinel1,treatment_0002,counterfactual_0002_03,103
E,sentinel1,treatment_0002,counterfactual_0002_04,83
E,sentinel1,treatment_0002,counterfactual_0002_05,125
E,sentinel1,treatment_0003,counterfactual_0003_01,176
E,sentinel1,treatment_0003,counterfactual_0003_02,182
E,sentinel1,treatment_0003,counterfactual_0003_03,174
E,sentinel1,treatment_0003,counterfactual_0003_04,176
E,sentinel1,treatment_0003,counterfactual_0003_05,122
E,sentinel1,treatment_0004,counterfactual_0004_01,59
E,sentinel1,treatment_0004,counterfactual_0004_02,150
E,sentinel1,treatment_0004,counterfactual_0004_03,54
E,sentinel1,treatment_0004,counterfactual_0004_04,134
E,sentinel1,treatment_0004,counterfactual_0004_05,61
E,sentinel1,treatment_0005,counterfactual_0005_01,58
E,sentinel1,treatment_0005,counterfactual_0005_02,121
E,sentinel1,treatment_0005,counterfactual_0005_03,111
E,sentinel1,treatment_0005,counterfactual_0005_04,136
E,sentinel1,treatment_0005,counterfactual_0005_05,157
E,sentinel1,treatment_0006,counterfactual_0006_01,171
E,sentinel1,treatment_0006,counterfactual_0006_02,155
E,sentinel1,treatment_0006,counterfactual_0006_03,147
E,sentinel1,treatment_0006,counterfactual_0006_04,177
E,sentinel1,treatment_0006,counterfactual_0006_05,157
E,sentinel1,treatment_0007,counterfactual_0007_01,147
E,sentinel1,treatment_0007,counterfactual_0007_02,191
E,sentinel1,treatment_0007,counterfactual_0007_03,174
E,sentinel1,treatment_0007,counterfactual_0007_04,158
E,sentinel1,treatment_0007,counterfactual_0007_05,95
E,sentinel1,treatment_0008,counterfactual_0008_01,150
E,sentinel1,treatment_0008,counterfactual_0008_02,123
E,sentinel1,treatment_0008,counterfactual_0008_03,147
E,sentinel1,treatment_0008,counterfactual_0008_04,91
E,sentinel1,treatment_0008,counterfactual_0008_05,121
E,sentinel1,treatment_0009,counterfactual_0009_01,160
E,sentinel1,treatment_0009,counterfactual_0009_02,181
E,sentinel1,treatment_0009,counterfactual_0009_03,149
E,sentinel1,treatment_0009,counterfactual_0009_04,149
E,sentinel1,treatment_0009,counterfactual_0009_05,150
E,sentinel1,treatment_0010,counterfactual_0010_01,174
E,sentinel1,treatment_0010,counterfactual_0010_02,177
E,sentinel1,treatment_0010,counterfactual_0010_03,130
E,sentinel1,treatment_0010,counterfactual_0010_04,118
E,sentinel1,treatment_0010,counterfactual_0010_05,90
E,sentinel2,treatment_0001,counterfactual_0001_01,141
E,sentinel2,treatment_0001,counterfactual_0001_02,104
E,sentinel2,treatment_0001,counterfactual_0001_03,101
E,sentinel2,treatment_0001,counterfactual_0001_04,142
E,sentinel2,treatment_0001,counterfactual_0001_05,133
E,sentinel2,treatment_0002,counterfactual_0002_01,98
E,sentinel2,treatment_0002,counterfactual_0002_02,82
E,sentinel2,treatment_0002,counterfactual_0002_03,77
E,sentinel2,treatment_0002,counterfactual_0002_04,57
E,sentinel2,treatment_0002,counterfactual_0002_05,99
E,sentinel2,treatment_0003,counterfactual_0003_01,171
E,sentinel2,treatment_0003,counterfactual_0003_02,182
E,sentinel2,treatment_0003,counterfactual_0003_03,167
E,sentinel2,treatment_0003,counterfactual_0003_04,176
E,sentinel2,treatment_0003,counterfactual_0003_05,122
E,sentinel2,treatment_0004,counterfactual_0004_01,58
E,sentinel2,treatment_0004,counterfactual_0004_02,108
E,sentinel2,treatment_0004,counterfactual_0004_03,54
E,sentinel2,treatment_0004,counterfactual_0004_04,133
E,sentinel2,treatment_0004,counterfactual_0004_05,60
E,sentinel2,treatment_0005,counterfactual_0005_01,56
E,sentinel2,treatment_0005,counterfactual_0005_02,120
E,sentinel2,treatment_0005,counterfactual_0005_03,109
E,sentinel2,treatment_0005,counterfactual_0005_04,128
E,sentinel2,treatment_0005,counterfactual_0005_05,149
E,sentinel2,treatment_0006,counterfactual_0006_01,171
E,sentinel2,treatment_0006,counterfactual_0006_02,155
E,sentinel2,treatment_0006,counterfactual_0006_03,147
E,sentinel2,treatment_0006,counterfactual_0006_04,177
E,sentinel2,treatment_0006,counterfactual_0006_05,157
E,sentinel2,treatment_0007,counterfactual_0007_01,146
E,sentinel2,treatment_0007,counterfactual_0007_02,190
E,sentinel2,treatment_0007,counterfactual_0007_03,173
E,sentinel2,treatment_0007,counterfactual_0007_04,158
E,sentinel2,treatment_0007,counterfactual_0007_05,94
E,sentinel2,treatment_0008,counterfactual_0008_01,148
E,sentinel2,treatment_0008,counterfactual_0008_02,122
E,sentinel2,treatment_0008,counterfactual_0008_03,146
E,sentinel2,treatment_0008,counterfactual_0008_04,90
E,sentinel2,treatment_0008,counterfactual_0008_05,120
E,sentinel2,treatment_0009,counterfactual_0009_01,154
E,sentinel2,treatment_0009,counterfactual_0009_02,176
E,sentinel2,treatment_0009,counterfactual_0009_03,144
E,sentinel2,treatment_0009,counterfactual_0009_04,143
E,sentinel2,treatment_0009,counterfactual_0009_05,144
E,sentinel2,treatment_0010,counterfactual_0010_01,154
E,sentinel2,treatment_0010,counterfactual_0010_02,153
E,sentinel2,treatment_0010,counterfactual_0010_03,117
E,sentinel2,treatment_0010,counterfactual_0010_04,102
E,sentinel2,treatment_0010,counterfactual_0010_05,77
