variant,sensor,treatment_site_id,period,latent_gap_norm,treated_latent_present,donors_present
paper,sentinel1,treatment_0001,P11,1.0042818419221713,True,True
paper,sentinel1,treatment_0001,P12,,False,False
paper,sentinel1,treatment_0001,P13,1.0288961002152506,True,True
paper,sentinel1,treatment_0001,P14,1.0160455114706697,True,True
paper,sentinel1,treatment_0001,P15,,False,False
paper,sentinel1,treatment_0001,P16,0.9881998599204375,True,True
paper,sentinel1,treatment_0001,P17,1.0199096119213813,True,True
paper,sentinel1,treatment_0001,P18,1.021017742979992,True,True
paper,sentinel1,treatment_0001,P19,1.0174400216022612,True,True
paper,sentinel1,treatment_0001,P20,1.007493414280373,True,True
paper,sentinel1,treatment_0002,P11,0.9585533172816565,True,True
paper,sentinel1,treatment_0002,P12,,False,False
paper,sentinel1,treatment_0002,P13,0.9736622013649034,True,True
paper,sentinel1,treatment_0002,P14,0.9755875095454578,True,True
paper,sentinel1,treatment_0002,P15,,False,False
paper,sentinel1,treatment_0002,P16,0.974149611360095,True,True
paper,sentinel1,treatment_0002,P17,0.98345057102336,True,True
paper,sentinel1,treatment_0002,P18,0.9578865680639552,True,True
paper,sentinel1,treatment_0002,P19,0.9864293342930112,True,True
paper,sentinel1,treatment_0002,P20,0.9728642266165135,True,True
paper,sentinel1,treatment_0003,P11,0.9644037964593901,True,True
paper,sentinel1,treatment_0003,P12,,True,False
paper,sentinel1,treatment_0003,P13,0.9706416456233925,True,True
paper,sentinel1,treatment_0003,P14,0.9377766257444013,True,True
paper,sentinel1,treatment_0003,P15,,True,False
paper,sentinel1,treatment_0003,P16,0.9681140179485381,True,True
paper,sentinel1,treatment_0003,P17,0.9622761477955404,True,True
paper,sentinel1,treatment_0003,P18,0.9955265136568945,True,True
paper,sentinel1,treatment_0003,P19,0.9324180097924387,True,True
paper,sentinel1,treatment_0003,P20,0.957005251666209,True,True
paper,sentinel1,treatment_0004,P11,0.986846025692875,True,True
paper,sentinel1,treatment_0004,P12,,True,False
paper,sentinel1,treatment_0004,P13,0.9762931705541056,True,True
paper,sentinel1,treatment_0004,P14,0.9777491398834802,True,True
paper,sentinel1,treatment_0004,P15,,True,False
paper,sentinel1,treatment_0004,P16,0.9833666373072577,True,True
paper,sentinel1,treatment_0004,P17,0.9925960027897572,True,True
paper,sentinel1,treatment_0004,P18,1.0184527354581658,True,True
paper,sentinel1,treatment_0004,P19,0.9948801042871707,True,True
paper,sentinel1,treatment_0004,P20,0.9925862197557855,True,True
paper,sentinel1,treatment_0005,P11,0.9491086230295966,True,True
paper,sentinel1,treatment_0005,P12,,True,False
paper,sentinel1,treatment_0005,P13,0.9733156653707047,True,True
paper,sentinel1,treatment_0005,P14,0.977717112295444,True,True
paper,sentinel1,treatment_0005,P15,,True,False
paper,sentinel1,treatment_0005,P16,0.9706053443593378,True,True
paper,sentinel1,treatment_0005,P17,0.9360203070515899,True,True
paper,sentinel1,treatment_0005,P18,0.9553975917752452,True,True
paper,sentinel1,treatment_0005,P19,0.9382131952226975,True,True
paper,sentinel1,treatment_0005,P20,0.9376472901037658,True,True
paper,sentinel1,treatment_0006,P11,1.0129551422776102,True,True
paper,sentinel1,treatment_0006,P12,,False,False
paper,sentinel1,treatment_0006,P13,1.0116601025809318,True,True
paper,sentinel1,treatment_0006,P14,1.0046261831114207,True,True
paper,sentinel1,treatment_0006,P15,,False,False
paper,sentinel1,treatment_0006,P16,0.9917550080353441,True,True
paper,sentinel1,treatment_0006,P17,1.006401779726166,True,True
paper,sentinel1,treatment_0006,P18,1.0128502420525043,True,True
paper,sentinel1,treatment_0006,P19,1.0096358601312871,True,True
paper,sentinel1,treatment_0006,P20,1.0046347785579606,True,True
paper,sentinel1,treatment_0007,P11,0.9943456615016558,True,True
paper,sentinel1,treatment_0007,P12,,True,False
paper,sentinel1,treatment_0007,P13,0.9713830663666949,True,True
paper,sentinel1,treatment_0007,P14,0.9792874862757306,True,True
paper,sentinel1,treatment_0007,P15,,True,False
paper,sentinel1,treatment_0007,P16,,True,False
paper,sentinel1,treatment_0007,P17,0.9869895056536206,True,True
paper,sentinel1,treatment_0007,P18,1.002242445437661,True,True
paper,sentinel1,treatment_0007,P19,1.0053285511044614,True,True
paper,sentinel1,treatment_0007,P20,0.9738283361855427,True,True
paper,sentinel1,treatment_0008,P11,0.9718434914443003,True,True
paper,sentinel1,treatment_0008,P12,,True,False
paper,sentinel1,treatment_0008,P13,1.0257220447756166,True,True
paper,sentinel1,treatment_0008,P14,0.9883270567768695,True,True
paper,sentinel1,treatment_0008,P15,,True,False
paper,sentinel1,treatment_0008,P16,,True,False
paper,sentinel1,treatment_0008,P17,1.0172349599892838,True,True
paper,sentinel1,treatment_0008,P18,1.0378199240644819,True,True
paper,sentinel1,treatment_0008,P19,1.0102113252339218,True,True
paper,sentinel1,treatment_0008,P20,0.996911144170969,True,True
paper,sentinel1,treatment_0009,P11,0.9765020916487002,True,True
paper,sentinel1,treatment_0009,P12,,True,False
paper,sentinel1,treatment_0009,P13,1.009433788807475,True,True
paper,sentinel1,treatment_0009,P14,0.9804109490443905,True,True
paper,sentinel1,treatment_0009,P15,,True,False
paper,sentinel1,treatment_0009,P16,1.0000896720054886,True,True
paper,sentinel1,treatment_0009,P17,0.9913614994798585,True,True
paper,sentinel1,treatment_0009,P18,1.0064849165205343,True,True
paper,sentinel1,treatment_0009,P19,0.9880398365697589,True,True
paper,sentinel1,treatment_0009,P20,0.9909902588800141,True,True
paper,sentinel1,treatment_0010,P11,1.0017277842795729,True,True
paper,sentinel1,treatment_0010,P12,,True,False
paper,sentinel1,treatment_0010,P13,0.9994358856002928,True,True
paper,sentinel1,treatment_0010,P14,1.0041706132975106,True,True
paper,sentinel1,treatment_0010,P15,,True,False
paper,sentinel1,treatment_0010,P16,,True,False
paper,sentinel1,treatment_0010,P17,1.0072282673375588,True,True
paper,sentinel1,treatment_0010,P18,1.0254677185405165,True,True
paper,sentinel1,treatment_0010,P19,1.0067097773784912,True,True
paper,sentinel1,treatment_0010,P20,0.9903112844816974,True,True
paper,sentinel2,treatment_0001,P11,1.2362960301697907,True,True
paper,sentinel2,treatment_0001,P12,1.2253917055177161,True,True
paper,sentinel2,treatment_0001,P13,0.9798785427731554,True,True
paper,sentinel2,treatment_0001,P14,1.1800514999295724,True,True
paper,sentinel2,treatment_0001,P15,,False,False
paper,sentinel2,treatment_0001,P16,1.284425942043959,True,True
paper,sentinel2,treatment_0001,P17,0.748688717716393,True,True
paper,sentinel2,treatment_0001,P18,0.7817971602313738,True,True
paper,sentinel2,treatment_0001,P19,1.4163345866014398,True,True
paper,sentinel2,treatment_0001,P20,1.4629321657654553,True,True
paper,sentinel2,treatment_0002,P11,1.260199176459304,True,True
paper,sentinel2,treatment_0002,P12,1.2760862716496415,True,True
paper,sentinel2,treatment_0002,P13,0.8597384554362015,True,True
paper,sentinel2,treatment_0002,P14,1.297069147296378,True,True
paper,sentinel2,treatment_0002,P15,,False,False
paper,sentinel2,treatment_0002,P16,1.2106248318890414,True,True
paper,sentinel2,treatment_0002,P17,0.8737906414090215,True,True
paper,sentinel2,treatment_0002,P18,0.8315143498623421,True,True
paper,sentinel2,treatment_0002,P19,1.3413765656964969,True,True
paper,sentinel2,treatment_0002,P20,1.3160071480096174,True,True
paper,sentinel2,treatment_0003,P11,1.0295948927479934,True,True
paper,sentinel2,treatment_0003,P12,1.0651381163366593,True,True
paper,sentinel2,treatment_0003,P13,1.3012906968648728,True,True
paper,sentinel2,treatment_0003,P14,0.6235169268947544,True,True
paper,sentinel2,treatment_0003,P15,,False,False
paper,sentinel2,treatment_0003,P16,1.1014517990316854,True,True
paper,sentinel2,treatment_0003,P17,1.0993328117636807,True,True
paper,sentinel2,treatment_0003,P18,1.0895324727485811,True,True
paper,sentinel2,treatment_0003,P19,1.1701258315227967,True,True
paper,sentinel2,treatment_0003,P20,1.2548682348197493,True,True
paper,sentinel2,treatment_0004,P11,1.2052695181939852,True,True
paper,sentinel2,treatment_0004,P12,1.228324905049682,True,True
paper,sentinel2,treatment_0004,P13,0.5687153407033616,True,True
paper,sentinel2,treatment_0004,P14,1.1995559685146702,True,True
paper,sentinel2,treatment_0004,P15,,True,False
paper,sentinel2,treatment_0004,P16,1.030990810175517,True,True
paper,sentinel2,treatment_0004,P17,0.9875996663903279,True,True
paper,sentinel2,treatment_0004,P18,0.9288738166794163,True,True
paper,sentinel2,treatment_0004,P19,1.2933626503921767,True,True
paper,sentinel2,treatment_0004,P20,1.3939607429806966,True,True
paper,sentinel2,treatment_0005,P11,1.2128038188524226,True,True
paper,sentinel2,treatment_0005,P12,1.240674762996576,True,True
paper,sentinel2,treatment_0005,P13,0.6568570262786756,True,True
paper,sentinel2,treatment_0005,P14,1.0917407074170133,True,True
paper,sentinel2,treatment_0005,P15,,True,False
paper,sentinel2,treatment_0005,P16,1.185615300993191,True,True
paper,sentinel2,treatment_0005,P17,1.0296811167481386,True,True
paper,sentinel2,treatment_0005,P18,0.780206985059699,True,True
paper,sentinel2,treatment_0005,P19,1.2386390373708365,True,True
paper,sentinel2,treatment_0005,P20,1.305575206742609,True,True
paper,sentinel2,treatment_0006,P11,1.2594597570493826,True,True
paper,sentinel2,treatment_0006,P12,1.2859043728034105,True,True
paper,sentinel2,treatment_0006,P13,0.8320486026120003,True,True
paper,sentinel2,treatment_0006,P14,1.248328816829613,True,True
paper,sentinel2,treatment_0006,P15,,False,False
paper,sentinel2,treatment_0006,P16,1.0223843767279919,True,True
paper,sentinel2,treatment_0006,P17,1.16867359662873,True,True
paper,sentinel2,treatment_0006,P18,0.7282320005300663,True,True
paper,sentinel2,treatment_0006,P19,1.312428944860422,True,True
paper,sentinel2,treatment_0006,P20,1.3978000581883616,True,True
paper,sentinel2,treatment_0007,P11,1.110043687938056,True,True
paper,sentinel2,treatment_0007,P12,1.132146283434825,True,True
paper,sentinel2,treatment_0007,P13,1.1465430157518088,True,True
paper,sentinel2,treatment_0007,P14,0.4990853182739366,True,True
paper,sentinel2,treatment_0007,P15,,True,False
paper,sentinel2,treatment_0007,P16,1.1906916826684866,True,True
paper,sentinel2,treatment_0007,P17,1.1925296638934049,True,True
paper,sentinel2,treatment_0007,P18,1.0841001708325655,True,True
paper,sentinel2,treatment_0007,P19,1.199077392749249,True,True
paper,sentinel2,treatment_0007,P20,1.2203129548707452,True,True
paper,sentinel2,treatment_0008,P11,1.161922563129701,True,True
paper,sentinel2,treatment_0008,P12,1.255270846683885,True,True
paper,sentinel2,treatment_0008,P13,1.137449271400964,True,True
paper,sentinel2,treatment_0008,P14,1.2196707410569798,True,True
paper,sentinel2,treatment_0008,P15,,True,False
paper,sentinel2,treatment_0008,P16,0.6607831203677221,True,True
paper,sentinel2,treatment_0008,P17,1.2680793130257972,True,True
paper,sentinel2,treatment_0008,P18,0.8065533835040369,True,True
paper,sentinel2,treatment_0008,P19,1.2313242769028172,True,True
paper,sentinel2,treatment_0008,P20,1.4018876258100559,True,True
paper,sentinel2,treatment_0009,P11,1.2472894802170944,True,True
paper,sentinel2,treatment_0009,P12,1.2881382290629102,True,True
paper,sentinel2,treatment_0009,P13,0.8361196931361421,True,True
paper,sentinel2,treatment_0009,P14,1.2593732402614768,True,True
paper,sentinel2,treatment_0009,P15,,True,False
paper,sentinel2,treatment_0009,P16,0.871511665055589,True,True
paper,sentinel2,treatment_0009,P17,1.402008151791755,True,True
paper,sentinel2,treatment_0009,P18,0.8589512712716438,True,True
paper,sentinel2,treatment_0009,P19,1.3272258369785788,True,True
paper,sentinel2,treatment_0009,P20,1.411024196959619,True,True
paper,sentinel2,treatment_0010,P11,1.2695011562572645,True,True
paper,sentinel2,treatment_0010,P12,1.289913250870326,True,True
paper,sentinel2,treatment_0010,P13,0.747360220144497,True,True
paper,sentinel2,treatment_0010,P14,1.298762281834202,True,True
paper,sentinel2,treatment_0010,P15,,True,False
paper,sentinel2,treatment_0010,P16,1.0511805955735667,True,True
paper,sentinel2,treatment_0010,P17,1.2964297498946877,True,True
paper,sentinel2,treatment_0010,P18,0.8417350896903925,True,True
paper,sentinel2,treatment_0010,P19,1.2553521238949887,True,True
paper,sentinel2,treatment_0010,P20,1.395737326067421,True,True
unitnorm,sentinel1,treatment_0001,P11,1.0055820948291518,True,True
unitnorm,sentinel1,treatment_0001,P12,,False,False
unitnorm,sentinel1,treatment_0001,P13,1.0299325530905359,True,True
unitnorm,sentinel1,treatment_0001,P14,1.0178800378690993,True,True
unitnorm,sentinel1,treatment_0001,P15,,False,False
unitnorm,sentinel1,treatment_0001,P16,0.9914258083829085,True,True
unitnorm,sentinel1,treatment_0001,P17,1.0214486379243581,True,True
unitnorm,sentinel1,treatment_0001,P18,1.0217653708764078,True,True
unitnorm,sentinel1,treatment_0001,P19,1.017139797370516,True,True
unitnorm,sentinel1,treatment_0001,P20,1.0090613893636549,True,True
unitnorm,sentinel1,treatment_0002,P11,0.9583267796209095,True,True
unitnorm,sentinel1,treatment_0002,P12,,False,False
unitnorm,sentinel1,treatment_0002,P13,0.9735312311484369,True,True
unitnorm,sentinel1,treatment_0002,P14,0.9737618166690521,True,True
unitnorm,sentinel1,treatment_0002,P15,,False,False
unitnorm,sentinel1,treatment_0002,P16,0.9730832705842399,True,True
unitnorm,sentinel1,treatment_0002,P17,0.9825539658425828,True,True
unitnorm,sentinel1,treatment_0002,P18,0.9576581901667566,True,True
unitnorm,sentinel1,treatment_0002,P19,0.9852529845679102,True,True
unitnorm,sentinel1,treatment_0002,P20,0.9716306092199788,True,True
unitnorm,sentinel1,treatment_0003,P11,0.9664185474484323,True,True
unitnorm,sentinel1,treatment_0003,P12,,True,False
unitnorm,sentinel1,treatment_0003,P13,0.9700706497887073,True,True
unitnorm,sentinel1,treatment_0003,P14,0.9408808010320363,True,True
unitnorm,sentinel1,treatment_0003,P15,,True,False
unitnorm,sentinel1,treatment_0003,P16,0.9734749704375055,True,True
unitnorm,sentinel1,treatment_0003,P17,0.9654679181113002,True,True
unitnorm,sentinel1,treatment_0003,P18,0.9965959069627097,True,True
unitnorm,sentinel1,treatment_0003,P19,0.9322059928638253,True,True
unitnorm,sentinel1,treatment_0003,P20,0.9598759503630155,True,True
unitnorm,sentinel1,treatment_0004,P11,0.9886287608561393,True,True
unitnorm,sentinel1,treatment_0004,P12,,True,False
unitnorm,sentinel1,treatment_0004,P13,0.9762137480879606,True,True
unitnorm,sentinel1,treatment_0004,P14,0.977430728466308,True,True
unitnorm,sentinel1,treatment_0004,P15,,True,False
unitnorm,sentinel1,treatment_0004,P16,0.9829947203044379,True,True
unitnorm,sentinel1,treatment_0004,P17,0.9944480104447446,True,True
unitnorm,sentinel1,treatment_0004,P18,1.0205949376364423,True,True
unitnorm,sentinel1,treatment_0004,P19,0.9963569858235872,True,True
unitnorm,sentinel1,treatment_0004,P20,0.9930202282885476,True,True
unitnorm,sentinel1,treatment_0005,P11,0.9490373857444286,True,True
unitnorm,sentinel1,treatment_0005,P12,,True,False
unitnorm,sentinel1,treatment_0005,P13,0.9723673969288731,True,True
unitnorm,sentinel1,treatment_0005,P14,0.9786974066829845,True,True
unitnorm,sentinel1,treatment_0005,P15,,True,False
unitnorm,sentinel1,treatment_0005,P16,0.9711038000293927,True,True
unitnorm,sentinel1,treatment_0005,P17,0.9362111206947563,True,True
unitnorm,sentinel1,treatment_0005,P18,0.9559640947327496,True,True
unitnorm,sentinel1,treatment_0005,P19,0.9378788195058592,True,True
unitnorm,sentinel1,treatment_0005,P20,0.9388683798752224,True,True
unitnorm,sentinel1,treatment_0006,P11,1.0146596601763382,True,True
unitnorm,sentinel1,treatment_0006,P12,,False,False
unitnorm,sentinel1,treatment_0006,P13,1.0138227953317764,True,True
unitnorm,sentinel1,treatment_0006,P14,1.007860880050824,True,True
unitnorm,sentinel1,treatment_0006,P15,,False,False
unitnorm,sentinel1,treatment_0006,P16,0.9931397779210958,True,True
unitnorm,sentinel1,treatment_0006,P17,1.0050556963925272,True,True
unitnorm,sentinel1,treatment_0006,P18,1.0139467468062924,True,True
unitnorm,sentinel1,treatment_0006,P19,1.010950340551479,True,True
unitnorm,sentinel1,treatment_0006,P20,1.004742906702208,True,True
unitnorm,sentinel1,treatment_0007,P11,0.9957057554052219,True,True
unitnorm,sentinel1,treatment_0007,P12,,True,False
unitnorm,sentinel1,treatment_0007,P13,0.975849843575924,True,True
unitnorm,sentinel1,treatment_0007,P14,0.9828488908748968,True,True
unitnorm,sentinel1,treatment_0007,P15,,True,False
unitnorm,sentinel1,treatment_0007,P16,,True,False
unitnorm,sentinel1,treatment_0007,P17,0.9882497157015924,True,True
unitnorm,sentinel1,treatment_0007,P18,1.0040970070102455,True,True
unitnorm,sentinel1,treatment_0007,P19,1.0065549932879228,True,True
unitnorm,sentinel1,treatment_0007,P20,0.9787536909647321,True,True
unitnorm,sentinel1,treatment_0008,P11,0.9727363000337392,True,True
unitnorm,sentinel1,treatment_0008,P12,,True,False
unitnorm,sentinel1,treatment_0008,P13,1.0253869886170282,True,True
unitnorm,sentinel1,treatment_0008,P14,0.9890101710930229,True,True
unitnorm,sentinel1,treatment_0008,P15,,True,False
unitnorm,sentinel1,treatment_0008,P16,,True,False
unitnorm,sentinel1,treatment_0008,P17,1.0182689666949534,True,True
unitnorm,sentinel1,treatment_0008,P18,1.036058699914761,True,True
unitnorm,sentinel1,treatment_0008,P19,1.0101328148223048,True,True
unitnorm,sentinel1,treatment_0008,P20,0.9986896645699386,True,True
unitnorm,sentinel1,treatment_0009,P11,0.9778572143374905,True,True
unitnorm,sentinel1,treatment_0009,P12,,True,False
unitnorm,sentinel1,treatment_0009,P13,1.0087451946306294,True,True
unitnorm,sentinel1,treatment_0009,P14,0.9811020391728565,True,True
unitnorm,sentinel1,treatment_0009,P15,,True,False
unitnorm,sentinel1,treatment_0009,P16,1.001931484996664,True,True
unitnorm,sentinel1,treatment_0009,P17,0.9927082514354258,True,True
unitnorm,sentinel1,treatment_0009,P18,1.008037779851932,True,True
unitnorm,sentinel1,treatment_0009,P19,0.9909457121326372,True,True
unitnorm,sentinel1,treatment_0009,P20,0.9915171303127163,True,True
unitnorm,sentinel1,treatment_0010,P11,1.0010480785511835,True,True
unitnorm,sentinel1,treatment_0010,P12,,True,False
unitnorm,sentinel1,treatment_0010,P13,0.9996063008771492,True,True
unitnorm,sentinel1,treatment_0010,P14,1.005080648310233,True,True
unitnorm,sentinel1,treatment_0010,P15,,True,False
unitnorm,sentinel1,treatment_0010,P16,,True,False
unitnorm,sentinel1,treatment_0010,P17,1.0085459108978805,True,True
unitnorm,sentinel1,treatment_0010,P18,1.0252189377731726,True,True
unitnorm,sentinel1,treatment_0010,P19,1.0058903898921336,True,True
unitnorm,sentinel1,treatment_0010,P20,0.9915471923224406,True,True
unitnorm,sentinel2,treatment_0001,P11,1.1922527779538215,True,True
unitnorm,sentinel2,treatment_0001,P12,1.1828238242472644,True,True
unitnorm,sentinel2,treatment_0001,P13,1.0854055802251086,True,True
unitnorm,sentinel2,treatment_0001,P14,1.0749028594947516,True,True
unitnorm,sentinel2,treatment_0001,P15,,False,False
unitnorm,sentinel2,treatment_0001,P16,1.245576444934197,True,True
unitnorm,sentinel2,treatment_0001,P17,0.9312645142330257,True,True
unitnorm,sentinel2,treatment_0001,P18,0.8083083250161972,True,True
unitnorm,sentinel2,treatment_0001,P19,1.3883414879427518,True,True
unitnorm,sentinel2,treatment_0001,P20,1.3970678018651685,True,True
unitnorm,sentinel2,treatment_0002,P11,1.2409640133458728,True,True
unitnorm,sentinel2,treatment_0002,P12,1.249359079694506,True,True
unitnorm,sentinel2,treatment_0002,P13,1.0538560602732256,True,True
unitnorm,sentinel2,treatment_0002,P14,1.2822001241560275,True,True
unitnorm,sentinel2,treatment_0002,P15,,False,False
unitnorm,sentinel2,treatment_0002,P16,1.2134533507999903,True,True
unitnorm,sentinel2,treatment_0002,P17,0.9381526340333675,True,True
unitnorm,sentinel2,treatment_0002,P18,0.8739320665227952,True,True
unitnorm,sentinel2,treatment_0002,P19,1.3178284724550848,True,True
unitnorm,sentinel2,treatment_0002,P20,1.299015868536715,True,True
unitnorm,sentinel2,treatment_0003,P11,1.0385630537042403,True,True
unitnorm,sentinel2,treatment_0003,P12,1.073370853475209,True,True
unitnorm,sentinel2,treatment_0003,P13,1.280629448013277,True,True
unitnorm,sentinel2,treatment_0003,P14,0.616621332376634,True,True
unitnorm,sentinel2,treatment_0003,P15,,False,False
unitnorm,sentinel2,treatment_0003,P16,1.0619120429028566,True,True
unitnorm,sentinel2,treatment_0003,P17,1.0793789933404487,True,True
unitnorm,sentinel2,treatment_0003,P18,1.1132991523878932,True,True
unitnorm,sentinel2,treatment_0003,P19,1.1560786173521043,True,True
unitnorm,sentinel2,treatment_0003,P20,1.2433979330585607,True,True
unitnorm,sentinel2,treatment_0004,P11,1.1799435660673498,True,True
unitnorm,sentinel2,treatment_0004,P12,1.1911936315481204,True,True
unitnorm,sentinel2,treatment_0004,P13,0.8713022938356554,True,True
unitnorm,sentinel2,treatment_0004,P14,1.1875092056616854,True,True
unitnorm,sentinel2,treatment_0004,P15,,True,False
unitnorm,sentinel2,treatment_0004,P16,1.0381682096583398,True,True
unitnorm,sentinel2,treatment_0004,P17,0.9787506278522716,True,True
unitnorm,sentinel2,treatment_0004,P18,1.0436124187686828,True,True
unitnorm,sentinel2,treatment_0004,P19,1.2631950306304929,True,True
unitnorm,sentinel2,treatment_0004,P20,1.3773647867542995,True,True
unitnorm,sentinel2,treatment_0005,P11,1.2002432556054998,True,True
unitnorm,sentinel2,treatment_0005,P12,1.2165750340876336,True,True
unitnorm,sentinel2,treatment_0005,P13,0.9432755323396406,True,True
unitnorm,sentinel2,treatment_0005,P14,1.0899263855862977,True,True
unitnorm,sentinel2,treatment_0005,P15,,True,False
unitnorm,sentinel2,treatment_0005,P16,1.1509677773538511,True,True
unitnorm,sentinel2,treatment_0005,P17,0.9139228357636144,True,True
unitnorm,sentinel2,treatment_0005,P18,0.8699778463214708,True,True
unitnorm,sentinel2,treatment_0005,P19,1.2327147056037475,True,True
unitnorm,sentinel2,treatment_0005,P20,1.2795134642867187,True,True
unitnorm,sentinel2,treatment_0006,P11,1.2108552616104202,True,True
unitnorm,sentinel2,treatment_0006,P12,1.2387113704654602,True,True
unitnorm,sentinel2,treatment_0006,P13,1.0188827926760393,True,True
unitnorm,sentinel2,treatment_0006,P14,1.2335729328131075,True,True
unitnorm,sentinel2,treatment_0006,P15,,False,False
unitnorm,sentinel2,treatment_0006,P16,0.9951907792517893,True,True
unitnorm,sentinel2,treatment_0006,P17,1.0092271020175776,True,True
unitnorm,sentinel2,treatment_0006,P18,0.7441102358730548,True,True
unitnorm,sentinel2,treatment_0006,P19,1.2817113233963324,True,True
unitnorm,sentinel2,treatment_0006,P20,1.38182707870268,True,True
unitnorm,sentinel2,treatment_0007,P11,1.0964343827234702,True,True
unitnorm,sentinel2,treatment_0007,P12,1.1139511118515446,True,True
unitnorm,sentinel2,treatment_0007,P13,1.1508130109578096,True,True
unitnorm,sentinel2,treatment_0007,P14,0.5760770575076868,True,True
unitnorm,sentinel2,treatment_0007,P15,,True,False
unitnorm,sentinel2,treatment_0007,P16,1.17114161706106,True,True
unitnorm,sentinel2,treatment_0007,P17,1.1424730013943571,True,True
unitnorm,sentinel2,treatment_0007,P18,1.1013225823053552,True,True
unitnorm,sentinel2,treatment_0007,P19,1.1796078125616862,True,True
unitnorm,sentinel2,treatment_0007,P20,1.2192464538197572,True,True
unitnorm,sentinel2,treatment_0008,P11,1.1486673665541822,True,True
unitnorm,sentinel2,treatment_0008,P12,1.2317827685004035,True,True
unitnorm,sentinel2,treatment_0008,P13,1.153476731735325,True,True
unitnorm,sentinel2,treatment_0008,P14,1.2460647363209354,True,True
unitnorm,sentinel2,treatment_0008,P15,,True,False
unitnorm,sentinel2,treatment_0008,P16,0.755671958399481,True,True
unitnorm,sentinel2,treatment_0008,P17,1.2004955399446584,True,True
unitnorm,sentinel2,treatment_0008,P18,0.848732706474307,True,True
unitnorm,sentinel2,treatment_0008,P19,1.2217064887381883,True,True
unitnorm,sentinel2,treatment_0008,P20,1.4026385542568418,True,True
unitnorm,sentinel2,treatment_0009,P11,1.2207222401867937,True,True
unitnorm,sentinel2,treatment_0009,P12,1.2646785887908352,True,True
unitnorm,sentinel2,treatment_0009,P13,1.0242929951607684,True,True
unitnorm,sentinel2,treatment_0009,P14,1.2786140503738384,True,True
unitnorm,sentinel2,treatment_0009,P15,,True,False
unitnorm,sentinel2,treatment_0009,P16,0.9216785535998955,True,True
unitnorm,sentinel2,treatment_0009,P17,1.3020707141217411,True,True
unitnorm,sentinel2,treatment_0009,P18,0.8956050621961039,True,True
unitnorm,sentinel2,treatment_0009,P19,1.301419358596264,True,True
unitnorm,sentinel2,treatment_0009,P20,1.4248535133633287,True,True
unitnorm,sentinel2,treatment_0010,P11,1.227194994503624,True,True
unitnorm,sentinel2,treatment_0010,P12,1.2532875610684913,True,True
unitnorm,sentinel2,treatment_0010,P13,0.941923529424422,True,True
unitnorm,sentinel2,treatment_0010,P14,1.2650190371133299,True,True
unitnorm,sentinel2,treatment_0010,P15,,True,False
unitnorm,sentinel2,treatment_0010,P16,1.0437897705069534,True,True
unitnorm,sentinel2,treatment_0010,P17,1.291964464988025,True,True
unitnorm,sentinel2,treatment_0010,P18,0.8832218468411306,True,True
unitnorm,sentinel2,treatment_0010,P19,1.2372417339365653,True,True
unitnorm,sentinel2,treatment_0010,P20,1.3971035717095286,True,True
cv,sentinel1,treatment_0001,P11,1.004366877728042,True,True
cv,sentinel1,treatment_0001,P12,,False,False
cv,sentinel1,treatment_0001,P13,1.028934430633262,True,True
cv,sentinel1,treatment_0001,P14,1.016184417900864,True,True
cv,sentinel1,treatment_0001,P15,,False,False
cv,sentinel1,treatment_0001,P16,0.9885001168131963,True,True
cv,sentinel1,treatment_0001,P17,1.0200048459354047,True,True
cv,sentinel1,treatment_0001,P18,1.0210119520006409,True,True
cv,sentinel1,treatment_0001,P19,1.0173178821995805,True,True
cv,sentinel1,treatment_0001,P20,1.0075833081326335,True,True
cv,sentinel1,treatment_0002,P11,0.9583859500543096,True,True
cv,sentinel1,treatment_0002,P12,,False,False
cv,sentinel1,treatment_0002,P13,0.9735305791196593,True,True
cv,sentinel1,treatment_0002,P14,0.9749618449908238,True,True
cv,sentinel1,treatment_0002,P15,,False,False
cv,sentinel1,treatment_0002,P16,0.9737460552583589,True,True
cv,sentinel1,treatment_0002,P17,0.9830881587932735,True,True
cv,sentinel1,treatment_0002,P18,0.9577181525688647,True,True
cv,sentinel1,treatment_0002,P19,0.9859903824018236,True,True
cv,sentinel1,treatment_0002,P20,0.9724112088923519,True,True
cv,sentinel1,treatment_0003,P11,0.9644493763172353,True,True
cv,sentinel1,treatment_0003,P12,,True,False
cv,sentinel1,treatment_0003,P13,0.9704695222106262,True,True
cv,sentinel1,treatment_0003,P14,0.9378918995523585,True,True
cv,sentinel1,treatment_0003,P15,,True,False
cv,sentinel1,treatment_0003,P16,0.9684191504733415,True,True
cv,sentinel1,treatment_0003,P17,0.9624027760130265,True,True
cv,sentinel1,treatment_0003,P18,0.9955035210324914,True,True
cv,sentinel1,treatment_0003,P19,0.9322799434679443,True,True
cv,sentinel1,treatment_0003,P20,0.9571037882435758,True,True
cv,sentinel1,treatment_0004,P11,0.9870379445585059,True,True
cv,sentinel1,treatment_0004,P12,,True,False
cv,sentinel1,treatment_0004,P13,0.9761468745315196,True,True
cv,sentinel1,treatment_0004,P14,0.9775569045050252,True,True
cv,sentinel1,treatment_0004,P15,,True,False
cv,sentinel1,treatment_0004,P16,0.9831595506569247,True,True
cv,sentinel1,treatment_0004,P17,0.9928051198768636,True,True
cv,sentinel1,treatment_0004,P18,1.0187168398397466,True,True
cv,sentinel1,treatment_0004,P19,0.9950098230103722,True,True
cv,sentinel1,treatment_0004,P20,0.9925283964427847,True,True
cv,sentinel1,treatment_0005,P11,0.9490498131525812,True,True
cv,sentinel1,treatment_0005,P12,,True,False
cv,sentinel1,treatment_0005,P13,0.973086265624687,True,True
cv,sentinel1,treatment_0005,P14,0.9778597797590312,True,True
cv,sentinel1,treatment_0005,P15,,True,False
cv,sentinel1,treatment_0005,P16,0.9706487859179489,True,True
cv,sentinel1,treatment_0005,P17,0.9360059012478088,True,True
cv,sentinel1,treatment_0005,P18,0.9554605630188148,True,True
cv,sentinel1,treatment_0005,P19,0.938098581543857,True,True
cv,sentinel1,treatment_0005,P20,0.9378271917755089,True,True
cv,sentinel1,treatment_0006,P11,1.0131647573127525,True,True
cv,sentinel1,treatment_0006,P12,,False,False
cv,sentinel1,treatment_0006,P13,1.0119607607259695,True,True
cv,sentinel1,treatment_0006,P14,1.005121159416669,True,True
cv,sentinel1,treatment_0006,P15,,False,False
cv,sentinel1,treatment_0006,P16,0.9919083801683519,True,True
cv,sentinel1,treatment_0006,P17,1.0060672852627153,True,True
cv,sentinel1,treatment_0006,P18,1.0129614070691573,True,True
cv,sentinel1,treatment_0006,P19,1.0097823468184286,True,True
cv,sentinel1,treatment_0006,P20,1.0045621458498224,True,True
cv,sentinel1,treatment_0007,P11,0.9943569637418723,True,True
cv,sentinel1,treatment_0007,P12,,True,False
cv,sentinel1,treatment_0007,P13,0.9718480003001412,True,True
cv,sentinel1,treatment_0007,P14,0.9796156429448795,True,True
cv,sentinel1,treatment_0007,P15,,True,False
cv,sentinel1,treatment_0007,P16,,True,False
cv,sentinel1,treatment_0007,P17,0.9869856769251755,True,True
cv,sentinel1,treatment_0007,P18,1.0023245066621411,True,True
cv,sentinel1,treatment_0007,P19,1.0053111019048921,True,True
cv,sentinel1,treatment_0007,P20,0.9743403085303155,True,True
cv,sentinel1,treatment_0008,P11,0.97199862155986,True,True
cv,sentinel1,treatment_0008,P12,,True,False
cv,sentinel1,treatment_0008,P13,1.0255480520356242,True,True
cv,sentinel1,treatment_0008,P14,0.9884363903273427,True,True
cv,sentinel1,treatment_0008,P15,,True,False
cv,sentinel1,treatment_0008,P16,,True,False
cv,sentinel1,treatment_0008,P17,1.0174389728677313,True,True
cv,sentinel1,treatment_0008,P18,1.0372373250235096,True,True
cv,sentinel1,treatment_0008,P19,1.010111881906024,True,True
cv,sentinel1,treatment_0008,P20,0.9973318211804935,True,True
cv,sentinel1,treatment_0009,P11,0.9765171453783902,True,True
cv,sentinel1,treatment_0009,P12,,True,False
cv,sentinel1,treatment_0009,P13,1.0092805465784143,True,True
cv,sentinel1,treatment_0009,P14,0.9803629858870082,True,True
cv,sentinel1,treatment_0009,P15,,True,False
cv,sentinel1,treatment_0009,P16,1.0001472034786776,True,True
cv,sentinel1,treatment_0009,P17,0.9913746807307801,True,True
cv,sentinel1,treatment_0009,P18,1.00651166676798,True,True
cv,sentinel1,treatment_0009,P19,0.988171701396696,True,True
cv,sentinel1,treatment_0009,P20,0.9909386564548569,True,True
cv,sentinel1,treatment_0010,P11,1.0016000154698503,True,True
cv,sentinel1,treatment_0010,P12,,True,False
cv,sentinel1,treatment_0010,P13,0.999358474594982,True,True
cv,sentinel1,treatment_0010,P14,1.0041395682868512,True,True
cv,sentinel1,treatment_0010,P15,,True,False
cv,sentinel1,treatment_0010,P16,,True,False
cv,sentinel1,treatment_0010,P17,1.007221522038826,True,True
cv,sentinel1,treatment_0010,P18,1.0253690218528748,True,True
cv,sentinel1,treatment_0010,P19,1.0065695660570049,True,True
cv,sentinel1,treatment_0010,P20,0.9902996013869798,True,True
cv,sentinel2,treatment_0001,P11,1.2363052352259274,True,True
cv,sentinel2,treatment_0001,P12,1.225400438227504,True,True
cv,sentinel2,treatment_0001,P13,0.9798474732337485,True,True
cv,sentinel2,treatment_0001,P14,1.1800657522254587,True,True
cv,sentinel2,treatment_0001,P15,,False,False
cv,sentinel2,treatment_0001,P16,1.2844363982084641,True,True
cv,sentinel2,treatment_0001,P17,0.7486508638915059,True,True
cv,sentinel2,treatment_0001,P18,0.7817981775711296,True,True
cv,sentinel2,treatment_0001,P19,1.4163423011473044,True,True
cv,sentinel2,treatment_0001,P20,1.4629478589819018,True,True
cv,sentinel2,treatment_0002,P11,1.244583722015219,True,True
cv,sentinel2,treatment_0002,P12,1.2510144143501796,True,True
cv,sentinel2,treatment_0002,P13,1.0670331567915976,True,True
cv,sentinel2,treatment_0002,P14,1.2853077510807636,True,True
cv,sentinel2,treatment_0002,P15,,False,False
cv,sentinel2,treatment_0002,P16,1.2217643275181116,True,True
cv,sentinel2,treatment_0002,P17,0.9428851548253276,True,True
cv,sentinel2,treatment_0002,P18,0.8999953514286307,True,True
cv,sentinel2,treatment_0002,P19,1.3128223948607491,True,True
cv,sentinel2,treatment_0002,P20,1.2995778359023058,True,True
cv,sentinel2,treatment_0003,P11,1.0291812588841178,True,True
cv,sentinel2,treatment_0003,P12,1.06471607071358,True,True
cv,sentinel2,treatment_0003,P13,1.2979799092522,True,True
cv,sentinel2,treatment_0003,P14,0.6189736127159757,True,True
cv,sentinel2,treatment_0003,P15,,False,False
cv,sentinel2,treatment_0003,P16,1.0955187647413342,True,True
cv,sentinel2,treatment_0003,P17,1.0905501496940728,True,True
cv,sentinel2,treatment_0003,P18,1.0902397566521562,True,True
cv,sentinel2,treatment_0003,P19,1.1671965585184751,True,True
cv,sentinel2,treatment_0003,P20,1.252494449456103,True,True
cv,sentinel2,treatment_0004,P11,1.196620692258628,True,True
cv,sentinel2,treatment_0004,P12,1.2168655419037595,True,True
cv,sentinel2,treatment_0004,P13,0.6459078700396993,True,True
cv,sentinel2,treatment_0004,P14,1.19174633159373,True,True
cv,sentinel2,treatment_0004,P15,,True,False
cv,sentinel2,treatment_0004,P16,1.0284561976744429,True,True
cv,sentinel2,treatment_0004,P17,0.9780594893146888,True,True
cv,sentinel2,treatment_0004,P18,0.9610856951521559,True,True
cv,sentinel2,treatment_0004,P19,1.2843797955181195,True,True
cv,sentinel2,treatment_0004,P20,1.3854346160514786,True,True
cv,sentinel2,treatment_0005,P11,1.209336566009693,True,True
cv,sentinel2,treatment_0005,P12,1.2358750837400205,True,True
cv,sentinel2,treatment_0005,P13,0.6891979200868886,True,True
cv,sentinel2,treatment_0005,P14,1.089531780024296,True,True
cv,sentinel2,treatment_0005,P15,,True,False
cv,sentinel2,treatment_0005,P16,1.1782045938854662,True,True
cv,sentinel2,treatment_0005,P17,1.0158220165053695,True,True
cv,sentinel2,treatment_0005,P18,0.7856202659743978,True,True
cv,sentinel2,treatment_0005,P19,1.2353285415558488,True,True
cv,sentinel2,treatment_0005,P20,1.299949212873246,True,True
cv,sentinel2,treatment_0006,P11,1.2196845684924114,True,True
cv,sentinel2,treatment_0006,P12,1.2472259759652418,True,True
cv,sentinel2,treatment_0006,P13,0.9618850275446229,True,True
cv,sentinel2,treatment_0006,P14,1.2307521678914548,True,True
cv,sentinel2,treatment_0006,P15,,False,False
cv,sentinel2,treatment_0006,P16,0.9984116418376278,True,True
cv,sentinel2,treatment_0006,P17,1.0448891504352877,True,True
cv,sentinel2,treatment_0006,P18,0.7224705225055026,True,True
cv,sentinel2,treatment_0006,P19,1.2836747645365005,True,True
cv,sentinel2,treatment_0006,P20,1.379943552731688,True,True
cv,sentinel2,treatment_0007,P11,1.1100491339837213,True,True
cv,sentinel2,treatment_0007,P12,1.1321526869058698,True,True
cv,sentinel2,treatment_0007,P13,1.1465426262774012,True,True
cv,sentinel2,treatment_0007,P14,0.49907715733897684,True,True
cv,sentinel2,treatment_0007,P15,,True,False
cv,sentinel2,treatment_0007,P16,1.1907001427602868,True,True
cv,sentinel2,treatment_0007,P17,1.1925419290710233,True,True
cv,sentinel2,treatment_0007,P18,1.084101019157971,True,True
cv,sentinel2,treatment_0007,P19,1.1990837606196898,True,True
cv,sentinel2,treatment_0007,P20,1.2203164195388574,True,True
cv,sentinel2,treatment_0008,P11,1.1619288797154053,True,True
cv,sentinel2,treatment_0008,P12,1.2552781895575849,True,True
cv,sentinel2,treatment_0008,P13,1.137452882342769,True,True
cv,sentinel2,treatment_0008,P14,1.2196692793282258,True,True
cv,sentinel2,treatment_0008,P15,,True,False
cv,sentinel2,treatment_0008,P16,0.6607694301719279,True,True
cv,sentinel2,treatment_0008,P17,1.268090789755529,True,True
cv,sentinel2,treatment_0008,P18,0.8065521322624019,True,True
cv,sentinel2,treatment_0008,P19,1.2313279294408277,True,True
cv,sentinel2,treatment_0008,P20,1.4018907209594798,True,True
cv,sentinel2,treatment_0009,P11,1.2436474766181405,True,True
cv,sentinel2,treatment_0009,P12,1.2853612376250516,True,True
cv,sentinel2,treatment_0009,P13,0.8495659321367686,True,True
cv,sentinel2,treatment_0009,P14,1.2591194367534613,True,True
cv,sentinel2,treatment_0009,P15,,True,False
cv,sentinel2,treatment_0009,P16,0.8711215996236653,True,True
cv,sentinel2,treatment_0009,P17,1.3956632778662914,True,True
cv,sentinel2,treatment_0009,P18,0.8576546845265468,True,True
cv,sentinel2,treatment_0009,P19,1.3240463818806418,True,True
cv,sentinel2,treatment_0009,P20,1.4100168099959598,True,True
cv,sentinel2,treatment_0010,P11,1.249905029040223,True,True
cv,sentinel2,treatment_0010,P12,1.2718275191170936,True,True
cv,sentinel2,treatment_0010,P13,0.815936703954606,True,True
cv,sentinel2,treatment_0010,P14,1.2811303206336626,True,True
cv,sentinel2,treatment_0010,P15,,True,False
cv,sentinel2,treatment_0010,P16,1.0369456997686628,True,True
cv,sentinel2,treatment_0010,P17,1.2879238108779802,True,True
cv,sentinel2,treatment_0010,P18,0.8480031723301957,True,True
cv,sentinel2,treatment_0010,P19,1.244870470665558,True,True
cv,sentinel2,treatment_0010,P20,1.387980990992031,True,True
cv_intercept,sentinel1,treatment_0001,P11,1.004349698563197,True,True
cv_intercept,sentinel1,treatment_0001,P12,,False,False
cv_intercept,sentinel1,treatment_0001,P13,1.028828263032189,True,True
cv_intercept,sentinel1,treatment_0001,P14,1.0161343230828341,True,True
cv_intercept,sentinel1,treatment_0001,P15,,False,False
cv_intercept,sentinel1,treatment_0001,P16,0.9884971003832714,True,True
cv_intercept,sentinel1,treatment_0001,P17,1.0199420774826398,True,True
cv_intercept,sentinel1,treatment_0001,P18,1.0209817329517086,True,True
cv_intercept,sentinel1,treatment_0001,P19,1.017429536170689,True,True
cv_intercept,sentinel1,treatment_0001,P20,1.0076947010462431,True,True
cv_intercept,sentinel1,treatment_0002,P11,0.9579756383686481,True,True
cv_intercept,sentinel1,treatment_0002,P12,,False,False
cv_intercept,sentinel1,treatment_0002,P13,0.9731160685081505,True,True
cv_intercept,sentinel1,treatment_0002,P14,0.9748709726318115,True,True
cv_intercept,sentinel1,treatment_0002,P15,,False,False
cv_intercept,sentinel1,treatment_0002,P16,0.973598922006878,True,True
cv_intercept,sentinel1,treatment_0002,P17,0.9824781282933769,True,True
cv_intercept,sentinel1,treatment_0002,P18,0.9575468244980351,True,True
cv_intercept,sentinel1,treatment_0002,P19,0.9858512587330486,True,True
cv_intercept,sentinel1,treatment_0002,P20,0.9719718310814459,True,True
cv_intercept,sentinel1,treatment_0003,P11,0.9638202051388222,True,True
cv_intercept,sentinel1,treatment_0003,P12,,True,False
cv_intercept,sentinel1,treatment_0003,P13,0.9691405556629629,True,True
cv_intercept,sentinel1,treatment_0003,P14,0.9366347784728857,True,True
cv_intercept,sentinel1,treatment_0003,P15,,True,False
cv_intercept,sentinel1,treatment_0003,P16,0.9685660696319722,True,True
cv_intercept,sentinel1,treatment_0003,P17,0.960676348718082,True,True
cv_intercept,sentinel1,treatment_0003,P18,0.9943269409601657,True,True
cv_intercept,sentinel1,treatment_0003,P19,0.9309670301690124,True,True
cv_intercept,sentinel1,treatment_0003,P20,0.9546056200348179,True,True
cv_intercept,sentinel1,treatment_0004,P11,0.986530050360837,True,True
cv_intercept,sentinel1,treatment_0004,P12,,True,False
cv_intercept,sentinel1,treatment_0004,P13,0.9757223548405264,True,True
cv_intercept,sentinel1,treatment_0004,P14,0.9770336336198003,True,True
cv_intercept,sentinel1,treatment_0004,P15,,True,False
cv_intercept,sentinel1,treatment_0004,P16,0.9830257604167723,True,True
cv_intercept,sentinel1,treatment_0004,P17,0.9922586323468923,True,True
cv_intercept,sentinel1,treatment_0004,P18,1.0182438643313407,True,True
cv_intercept,sentinel1,treatment_0004,P19,0.9946805207303033,True,True
cv_intercept,sentinel1,treatment_0004,P20,0.9916163466548581,True,True
cv_intercept,sentinel1,treatment_0005,P11,0.9499133469949675,True,True
cv_intercept,sentinel1,treatment_0005,P12,,True,False
cv_intercept,sentinel1,treatment_0005,P13,0.9741732438722505,True,True
cv_intercept,sentinel1,treatment_0005,P14,0.9799124353630233,True,True
cv_intercept,sentinel1,treatment_0005,P15,,True,False
cv_intercept,sentinel1,treatment_0005,P16,0.9704102704946153,True,True
cv_intercept,sentinel1,treatment_0005,P17,0.9373591787168317,True,True
cv_intercept,sentinel1,treatment_0005,P18,0.9565670378629387,True,True
cv_intercept,sentinel1,treatment_0005,P19,0.9385994023514951,True,True
cv_intercept,sentinel1,treatment_0005,P20,0.9398322505948662,True,True
cv_intercept,sentinel1,treatment_0006,P11,1.0117065350233638,True,True
cv_intercept,sentinel1,treatment_0006,P12,,False,False
cv_intercept,sentinel1,treatment_0006,P13,1.0098751507605674,True,True
cv_intercept,sentinel1,treatment_0006,P14,1.003198675325009,True,True
cv_intercept,sentinel1,treatment_0006,P15,,False,False
cv_intercept,sentinel1,treatment_0006,P16,0.9905217598890146,True,True
cv_intercept,sentinel1,treatment_0006,P17,1.0048220666402805,True,True
cv_intercept,sentinel1,treatment_0006,P18,1.0126352922616837,True,True
cv_intercept,sentinel1,treatment_0006,P19,1.0087395937546872,True,True
cv_intercept,sentinel1,treatment_0006,P20,1.0038066845192641,True,True
cv_intercept,sentinel1,treatment_0007,P11,0.9945797523427796,True,True
cv_intercept,sentinel1,treatment_0007,P12,,True,False
cv_intercept,sentinel1,treatment_0007,P13,0.9730034691579089,True,True
cv_intercept,sentinel1,treatment_0007,P14,0.9811657917844167,True,True
cv_intercept,sentinel1,treatment_0007,P15,,True,False
cv_intercept,sentinel1,treatment_0007,P16,,True,False
cv_intercept,sentinel1,treatment_0007,P17,0.987333591234332,True,True
cv_intercept,sentinel1,treatment_0007,P18,1.003375819925899,True,True
cv_intercept,sentinel1,treatment_0007,P19,1.0068402378876473,True,True
cv_intercept,sentinel1,treatment_0007,P20,0.9749240307199433,True,True
cv_intercept,sentinel1,treatment_0008,P11,0.9708496988739386,True,True
cv_intercept,sentinel1,treatment_0008,P12,,True,False
cv_intercept,sentinel1,treatment_0008,P13,1.024254397051265,True,True
cv_intercept,sentinel1,treatment_0008,P14,0.9863038426961281,True,True
cv_intercept,sentinel1,treatment_0008,P15,,True,False
cv_intercept,sentinel1,treatment_0008,P16,,True,False
cv_intercept,sentinel1,treatment_0008,P17,1.0166456235720904,True,True
cv_intercept,sentinel1,treatment_0008,P18,1.0372104442789822,True,True
cv_intercept,sentinel1,treatment_0008,P19,1.008967723663428,True,True
cv_intercept,sentinel1,treatment_0008,P20,0.9959649710726493,True,True
cv_intercept,sentinel1,treatment_0009,P11,0.9768304689424127,True,True
cv_intercept,sentinel1,treatment_0009,P12,,True,False
cv_intercept,sentinel1,treatment_0009,P13,1.009566569946315,True,True
cv_intercept,sentinel1,treatment_0009,P14,0.9805060636262639,True,True
cv_intercept,sentinel1,treatment_0009,P15,,True,False
cv_intercept,sentinel1,treatment_0009,P16,0.9998147641932168,True,True
cv_intercept,sentinel1,treatment_0009,P17,0.9914286561380762,True,True
cv_intercept,sentinel1,treatment_0009,P18,1.0066695441893558,True,True
cv_intercept,sentinel1,treatment_0009,P19,0.9883440917909629,True,True
cv_intercept,sentinel1,treatment_0009,P20,0.99131811821761,True,True
cv_intercept,sentinel1,treatment_0010,P11,1.000368937930267,True,True
cv_intercept,sentinel1,treatment_0010,P12,,True,False
cv_intercept,sentinel1,treatment_0010,P13,0.9965509310837514,True,True
cv_intercept,sentinel1,treatment_0010,P14,1.000075517252646,True,True
cv_intercept,sentinel1,treatment_0010,P15,,True,False
cv_intercept,sentinel1,treatment_0010,P16,,True,False
cv_intercept,sentinel1,treatment_0010,P17,1.007427039644948,True,True
cv_intercept,sentinel1,treatment_0010,P18,1.0245145818189632,True,True
cv_intercept,sentinel1,treatment_0010,P19,1.0056141662513511,True,True
cv_intercept,sentinel1,treatment_0010,P20,0.9906359585636487,True,True
cv_intercept,sentinel2,treatment_0001,P11,1.2365758238456008,True,True
cv_intercept,sentinel2,treatment_0001,P12,1.2250030182661185,True,True
cv_intercept,sentinel2,treatment_0001,P13,0.9669616920911412,True,True
cv_intercept,sentinel2,treatment_0001,P14,1.191276205749379,True,True
cv_intercept,sentinel2,treatment_0001,P15,,False,False
cv_intercept,sentinel2,treatment_0001,P16,1.2846455199693854,True,True
cv_intercept,sentinel2,treatment_0001,P17,0.7380227416098507,True,True
cv_intercept,sentinel2,treatment_0001,P18,0.7885420929000357,True,True
cv_intercept,sentinel2,treatment_0001,P19,1.414647311214709,True,True
cv_intercept,sentinel2,treatment_0001,P20,1.464760435555433,True,True
cv_intercept,sentinel2,treatment_0002,P11,1.2430459773094982,True,True
cv_intercept,sentinel2,treatment_0002,P12,1.2494734139973782,True,True
cv_intercept,sentinel2,treatment_0002,P13,1.0775034102564394,True,True
cv_intercept,sentinel2,treatment_0002,P14,1.287552871509764,True,True
cv_intercept,sentinel2,treatment_0002,P15,,False,False
cv_intercept,sentinel2,treatment_0002,P16,1.2249726016143387,True,True
cv_intercept,sentinel2,treatment_0002,P17,0.9451963681805418,True,True
cv_intercept,sentinel2,treatment_0002,P18,0.8987486811541313,True,True
cv_intercept,sentinel2,treatment_0002,P19,1.317050624648079,True,True
cv_intercept,sentinel2,treatment_0002,P20,1.3029412044308137,True,True
cv_intercept,sentinel2,treatment_0003,P11,1.0236460310571418,True,True
cv_intercept,sentinel2,treatment_0003,P12,1.0602585172892098,True,True
cv_intercept,sentinel2,treatment_0003,P13,1.2779520022729751,True,True
cv_intercept,sentinel2,treatment_0003,P14,0.6249879208357213,True,True
cv_intercept,sentinel2,treatment_0003,P15,,False,False
cv_intercept,sentinel2,treatment_0003,P16,1.0693138975157699,True,True
cv_intercept,sentinel2,treatment_0003,P17,1.1008596661673,True,True
cv_intercept,sentinel2,treatment_0003,P18,1.1107516997697529,True,True
cv_intercept,sentinel2,treatment_0003,P19,1.1529016006310908,True,True
cv_intercept,sentinel2,treatment_0003,P20,1.2509900253404502,True,True
cv_intercept,sentinel2,treatment_0004,P11,1.1997927880557804,True,True
cv_intercept,sentinel2,treatment_0004,P12,1.2187312317072767,True,True
cv_intercept,sentinel2,treatment_0004,P13,0.6348611244803608,True,True
cv_intercept,sentinel2,treatment_0004,P14,1.1982304279713591,True,True
cv_intercept,sentinel2,treatment_0004,P15,,True,False
cv_intercept,sentinel2,treatment_0004,P16,1.025858771700408,True,True
cv_intercept,sentinel2,treatment_0004,P17,0.9876070757434995,True,True
cv_intercept,sentinel2,treatment_0004,P18,0.943133023230873,True,True
cv_intercept,sentinel2,treatment_0004,P19,1.2816217117242088,True,True
cv_intercept,sentinel2,treatment_0004,P20,1.3798818059383793,True,True
cv_intercept,sentinel2,treatment_0005,P11,1.1911932135772882,True,True
cv_intercept,sentinel2,treatment_0005,P12,1.2086623270590502,True,True
cv_intercept,sentinel2,treatment_0005,P13,0.9837482727259821,True,True
cv_intercept,sentinel2,treatment_0005,P14,1.0923998771775516,True,True
cv_intercept,sentinel2,treatment_0005,P15,,True,False
cv_intercept,sentinel2,treatment_0005,P16,1.2050005301470308,True,True
cv_intercept,sentinel2,treatment_0005,P17,0.914732565772757,True,True
cv_intercept,sentinel2,treatment_0005,P18,0.8231352820751322,True,True
cv_intercept,sentinel2,treatment_0005,P19,1.2423802799791464,True,True
cv_intercept,sentinel2,treatment_0005,P20,1.2970469723552136,True,True
cv_intercept,sentinel2,treatment_0006,P11,1.2166460007391509,True,True
cv_intercept,sentinel2,treatment_0006,P12,1.2442702781595245,True,True
cv_intercept,sentinel2,treatment_0006,P13,0.9754336546904361,True,True
cv_intercept,sentinel2,treatment_0006,P14,1.2304575224890966,True,True
cv_intercept,sentinel2,treatment_0006,P15,,False,False
cv_intercept,sentinel2,treatment_0006,P16,0.9978109203336819,True,True
cv_intercept,sentinel2,treatment_0006,P17,1.0361151383197518,True,True
cv_intercept,sentinel2,treatment_0006,P18,0.7303423283393324,True,True
cv_intercept,sentinel2,treatment_0006,P19,1.2807319165331545,True,True
cv_intercept,sentinel2,treatment_0006,P20,1.378680165977361,True,True
cv_intercept,sentinel2,treatment_0007,P11,1.124814192284707,True,True
cv_intercept,sentinel2,treatment_0007,P12,1.1429880696712982,True,True
cv_intercept,sentinel2,treatment_0007,P13,1.094807315089573,True,True
cv_intercept,sentinel2,treatment_0007,P14,0.5232011762578825,True,True
cv_intercept,sentinel2,treatment_0007,P15,,True,False
cv_intercept,sentinel2,treatment_0007,P16,1.196799237839479,True,True
cv_intercept,sentinel2,treatment_0007,P17,1.2240532241937037,True,True
cv_intercept,sentinel2,treatment_0007,P18,1.0817824017887556,True,True
cv_intercept,sentinel2,treatment_0007,P19,1.1957492071582025,True,True
cv_intercept,sentinel2,treatment_0007,P20,1.215532209268536,True,True
cv_intercept,sentinel2,treatment_0008,P11,1.1738297242634734,True,True
cv_intercept,sentinel2,treatment_0008,P12,1.2623172110941263,True,True
cv_intercept,sentinel2,treatment_0008,P13,1.0564065921948544,True,True
cv_intercept,sentinel2,treatment_0008,P14,1.2205813141932986,True,True
cv_intercept,sentinel2,treatment_0008,P15,,True,False
cv_intercept,sentinel2,treatment_0008,P16,0.664397101695296,True,True
cv_intercept,sentinel2,treatment_0008,P17,1.3433236885900157,True,True
cv_intercept,sentinel2,treatment_0008,P18,0.8279653250584501,True,True
cv_intercept,sentinel2,treatment_0008,P19,1.2279503602229664,True,True
cv_intercept,sentinel2,treatment_0008,P20,1.3950564025000391,True,True
cv_intercept,sentinel2,treatment_0009,P11,1.2547503437500755,True,True
cv_intercept,sentinel2,treatment_0009,P12,1.287400316418372,True,True
cv_intercept,sentinel2,treatment_0009,P13,0.7378124808665325,True,True
cv_intercept,sentinel2,treatment_0009,P14,1.2650492064864431,True,True
cv_intercept,sentinel2,treatment_0009,P15,,True,False
cv_intercept,sentinel2,treatment_0009,P16,0.8605304071299567,True,True
cv_intercept,sentinel2,treatment_0009,P17,1.491129893886479,True,True
cv_intercept,sentinel2,treatment_0009,P18,0.8863925484936647,True,True
cv_intercept,sentinel2,treatment_0009,P19,1.3253289461396,True,True
cv_intercept,sentinel2,treatment_0009,P20,1.3951126474507798,True,True
cv_intercept,sentinel2,treatment_0010,P11,1.2616157327483262,True,True
cv_intercept,sentinel2,treatment_0010,P12,1.2815407822258047,True,True
cv_intercept,sentinel2,treatment_0010,P13,0.7181422214217731,True,True
cv_intercept,sentinel2,treatment_0010,P14,1.2786025316438319,True,True
cv_intercept,sentinel2,treatment_0010,P15,,True,False
cv_intercept,sentinel2,treatment_0010,P16,1.053063803644709,True,True
cv_intercept,sentinel2,treatment_0010,P17,1.3187504348254926,True,True
cv_intercept,sentinel2,treatment_0010,P18,0.8859190608725077,True,True
cv_intercept,sentinel2,treatment_0010,P19,1.2516359877368706,True,True
cv_intercept,sentinel2,treatment_0010,P20,1.389525119084468,True,True
