group,site_id,seq,n_valid_parcels,masked
1,treatment_0001,1,196,True
1,treatment_0001,2,195,True
1,treatment_0001,3,0,False
1,treatment_0001,4,44,True
1,treatment_0001,5,196,True
1,treatment_0001,6,0,False
1,treatment_0001,7,95,True
1,treatment_0001,8,149,True
1,treatment_0001,9,69,True
1,treatment_0001,10,196,True
1,treatment_0001,11,196,True
1,treatment_0001,12,196,True
1,treatment_0001,13,0,False
1,treatment_0001,14,30,True
1,treatment_0001,16,195,True
1,treatment_0001,17,0,False
1,treatment_0001,18,22,True
1,treatment_0001,19,196,True
1,treatment_0001,20,194,True
1,counterfactual_0001_01,1,193,True
1,counterfactual_0001_01,2,196,True
1,counterfactual_0001_01,3,0,False
1,counterfactual_0001_01,4,167,True
1,counterfactual_0001_01,5,88,True
1,counterfactual_0001_01,6,0,False
1,counterfactual_0001_01,7,86,True
1,counterfactual_0001_01,8,196,True
1,counterfactual_0001_01,9,178,True
1,counterfactual_0001_01,10,190,True
1,counterfactual_0001_01,11,196,True
1,counterfactual_0001_01,12,196,True
1,counterfactual_0001_01,13,0,False
1,counterfactual_0001_01,14,64,True
1,counterfactual_0001_01,16,196,True
1,counterfactual_0001_01,17,0,False
1,counterfactual_0001_01,18,4,False
1,counterfactual_0001_01,19,194,True
1,counterfactual_0001_01,20,196,True
1,counterfactual_0001_02,1,45,True
1,counterfactual_0001_02,2,141,True
1,counterfactual_0001_02,3,0,False
1,counterfactual_0001_02,4,196,True
1,counterfactual_0001_02,5,196,True
1,counterfactual_0001_02,6,61,True
1,counterfactual_0001_02,7,167,True
1,counterfactual_0001_02,8,196,True
1,counterfactual_0001_02,9,196,True
1,counterfactual_0001_02,10,196,True
1,counterfactual_0001_02,11,196,True
1,counterfactual_0001_02,12,196,True
1,counterfactual_0001_02,13,56,True
1,counterfactual_0001_02,14,175,True
1,counterfactual_0001_02,16,196,True
1,counterfactual_0001_02,17,110,True
1,counterfactual_0001_02,18,0,False
1,counterfactual_0001_02,19,196,True
1,counterfactual_0001_02,20,196,True
1,counterfactual_0001_03,1,196,True
1,counterfactual_0001_03,2,23,True
1,counterfactual_0001_03,3,196,True
1,counterfactual_0001_03,4,191,True
1,counterfactual_0001_03,5,196,True
1,counterfactual_0001_03,6,0,False
1,counterfactual_0001_03,7,159,True
1,counterfactual_0001_03,8,76,True
1,counterfactual_0001_03,9,147,True
1,counterfactual_0001_03,10,196,True
1,counterfactual_0001_03,11,196,True
1,counterfactual_0001_03,12,196,True
1,counterfactual_0001_03,13,0,False
1,counterfactual_0001_03,14,189,True
1,counterfactual_0001_03,16,192,True
1,counterfactual_0001_03,17,0,False
1,counterfactual_0001_03,18,0,False
1,counterfactual_0001_03,19,196,True
1,counterfactual_0001_03,20,78,True
1,counterfactual_0001_04,1,196,True
1,counterfactual_0001_04,2,195,True
1,counterfactual_0001_04,3,0,False
1,counterfactual_0001_04,4,196,True
1,counterfactual_0001_04,5,196,True
1,counterfactual_0001_04,6,0,False
1,counterfactual_0001_04,7,105,True
1,counterfactual_0001_04,8,188,True
1,counterfactual_0001_04,9,174,True
1,counterfactual_0001_04,10,196,True
1,counterfactual_0001_04,11,196,True
1,counterfactual_0001_04,12,196,True
1,counterfactual_0001_04,13,0,False
1,counterfactual_0001_04,14,191,True
1,counterfactual_0001_04,16,196,True
1,counterfactual_0001_04,17,120,True
1,counterfactual_0001_04,18,50,True
1,counterfactual_0001_04,19,196,True
1,counterfactual_0001_04,20,196,True
1,counterfactual_0001_05,1,196,True
1,counterfactual_0001_05,2,71,True
1,counterfactual_0001_05,3,0,False
1,counterfactual_0001_05,4,196,True
1,counterfactual_0001_05,5,196,True
1,counterfactual_0001_05,6,0,False
1,counterfactual_0001_05,7,51,True
1,counterfactual_0001_05,8,196,True
1,counterfactual_0001_05,9,156,True
1,counterfactual_0001_05,10,196,True
1,counterfactual_0001_05,11,196,True
1,counterfactual_0001_05,12,196,True
1,counterfactual_0001_05,13,3,False
1,counterfactual_0001_05,14,0,False
1,counterfactual_0001_05,16,196,True
1,counterfactual_0001_05,17,0,False
1,counterfactual_0001_05,18,0,False
1,counterfactual_0001_05,19,192,True
1,counterfactual_0001_05,20,196,True
2,treatment_0002,1,0,False
2,treatment_0002,2,52,True
2,treatment_0002,3,76,True
2,treatment_0002,4,101,True
2,treatment_0002,5,23,True
2,treatment_0002,6,4,False
2,treatment_0002,7,40,True
2,treatment_0002,8,196,True
2,treatment_0002,9,144,True
2,treatment_0002,10,196,True
2,treatment_0002,11,196,True
2,treatment_0002,12,196,True
2,treatment_0002,13,0,False
2,treatment_0002,14,196,True
2,treatment_0002,16,186,True
2,treatment_0002,17,24,True
2,treatment_0002,18,45,True
2,treatment_0002,19,196,True
2,treatment_0002,20,196,True
2,counterfactual_0002_01,1,168,True
2,counterfactual_0002_01,2,196,True
2,counterfactual_0002_01,3,0,False
2,counterfactual_0002_01,4,196,True
2,counterfactual_0002_01,5,196,True
2,counterfactual_0002_01,6,111,True
2,counterfactual_0002_01,7,0,False
2,counterfactual_0002_01,8,196,True
2,counterfactual_0002_01,9,196,True
2,counterfactual_0002_01,10,196,True
2,counterfactual_0002_01,11,196,True
2,counterfactual_0002_01,12,196,True
2,counterfactual_0002_01,13,6,False
2,counterfactual_0002_01,14,196,True
2,counterfactual_0002_01,16,196,True
2,counterfactual_0002_01,17,44,True
2,counterfactual_0002_01,18,13,True
2,counterfactual_0002_01,19,196,True
2,counterfactual_0002_01,20,196,True
2,counterfactual_0002_02,1,0,False
2,counterfactual_0002_02,2,94,True
2,counterfactual_0002_02,3,53,True
2,counterfactual_0002_02,4,196,True
2,counterfactual_0002_02,5,171,True
2,counterfactual_0002_02,6,137,True
2,counterfactual_0002_02,7,0,False
2,counterfactual_0002_02,8,196,True
2,counterfactual_0002_02,9,196,True
2,counterfactual_0002_02,10,196,True
2,counterfactual_0002_02,11,196,True
2,counterfactual_0002_02,12,196,True
2,counterfactual_0002_02,13,155,True
2,counterfactual_0002_02,14,196,True
2,counterfactual_0002_02,16,125,True
2,counterfactual_0002_02,17,116,True
2,counterfactual_0002_02,18,8,False
2,counterfactual_0002_02,19,196,True
2,counterfactual_0002_02,20,196,True
2,counterfactual_0002_03,1,0,False
2,counterfactual_0002_03,2,194,True
2,counterfactual_0002_03,3,195,True
2,counterfactual_0002_03,4,196,True
2,counterfactual_0002_03,5,196,True
2,counterfactual_0002_03,6,109,True
2,counterfactual_0002_03,7,0,False
2,counterfactual_0002_03,8,196,True
2,counterfactual_0002_03,9,196,True
2,counterfactual_0002_03,10,196,True
2,counterfactual_0002_03,11,196,True
2,counterfactual_0002_03,12,196,True
2,counterfactual_0002_03,13,191,True
2,counterfactual_0002_03,14,196,True
2,counterfactual_0002_03,16,196,True
2,counterfactual_0002_03,17,77,True
2,counterfactual_0002_03,18,25,True
2,counterfactual_0002_03,19,196,True
2,counterfactual_0002_03,20,196,True
2,counterfactual_0002_04,1,196,True
2,counterfactual_0002_04,2,35,True
2,counterfactual_0002_04,3,193,True
2,counterfactual_0002_04,4,196,True
2,counterfactual_0002_04,5,196,True
2,counterfactual_0002_04,6,196,True
2,counterfactual_0002_04,7,193,True
2,counterfactual_0002_04,8,196,True
2,counterfactual_0002_04,9,196,True
2,counterfactual_0002_04,10,196,True
2,counterfactual_0002_04,11,196,True
2,counterfactual_0002_04,12,196,True
2,counterfactual_0002_04,13,196,True
2,counterfactual_0002_04,14,196,True
2,counterfactual_0002_04,16,196,True
2,counterfactual_0002_04,17,196,True
2,counterfactual_0002_04,18,32,True
2,counterfactual_0002_04,19,196,True
2,counterfactual_0002_04,20,196,True
2,counterfactual_0002_05,1,196,True
2,counterfactual_0002_05,2,196,True
2,counterfactual_0002_05,3,0,False
2,counterfactual_0002_05,4,196,True
2,counterfactual_0002_05,5,196,True
2,counterfactual_0002_05,6,114,True
2,counterfactual_0002_05,7,154,True
2,counterfactual_0002_05,8,196,True
2,counterfactual_0002_05,9,166,True
2,counterfactual_0002_05,10,196,True
2,counterfactual_0002_05,11,196,True
2,counterfactual_0002_05,12,196,True
2,counterfactual_0002_05,13,0,False
2,counterfactual_0002_05,14,196,True
2,counterfactual_0002_05,16,164,True
2,counterfactual_0002_05,17,23,True
2,counterfactual_0002_05,18,26,True
2,counterfactual_0002_05,19,196,True
2,counterfactual_0002_05,20,196,True
3,treatment_0003,1,196,True
3,treatment_0003,2,186,True
3,treatment_0003,3,0,False
3,treatment_0003,4,196,True
3,treatment_0003,5,196,True
3,treatment_0003,6,39,True
3,treatment_0003,7,122,True
3,treatment_0003,8,132,True
3,treatment_0003,9,196,True
3,treatment_0003,10,196,True
3,treatment_0003,11,196,True
3,treatment_0003,12,196,True
3,treatment_0003,13,192,True
3,treatment_0003,14,0,False
3,treatment_0003,16,122,True
3,treatment_0003,17,0,False
3,treatment_0003,18,165,True
3,treatment_0003,19,196,True
3,treatment_0003,20,127,True
3,counterfactual_0003_01,1,133,True
3,counterfactual_0003_01,2,196,True
3,counterfactual_0003_01,3,0,False
3,counterfactual_0003_01,4,82,True
3,counterfactual_0003_01,5,196,True
3,counterfactual_0003_01,6,10,True
3,counterfactual_0003_01,7,116,True
3,counterfactual_0003_01,8,131,True
3,counterfactual_0003_01,9,171,True
3,counterfactual_0003_01,10,196,True
3,counterfactual_0003_01,11,196,True
3,counterfactual_0003_01,12,196,True
3,counterfactual_0003_01,13,125,True
3,counterfactual_0003_01,14,123,True
3,counterfactual_0003_01,16,124,True
3,counterfactual_0003_01,17,0,False
3,counterfactual_0003_01,18,111,True
3,counterfactual_0003_01,19,106,True
3,counterfactual_0003_01,20,195,True
3,counterfactual_0003_02,1,196,True
3,counterfactual_0003_02,2,196,True
3,counterfactual_0003_02,3,12,True
3,counterfactual_0003_02,4,187,True
3,counterfactual_0003_02,5,196,True
3,counterfactual_0003_02,6,38,True
3,counterfactual_0003_02,7,1,False
3,counterfactual_0003_02,8,19,True
3,counterfactual_0003_02,9,153,True
3,counterfactual_0003_02,10,196,True
3,counterfactual_0003_02,11,196,True
3,counterfactual_0003_02,12,196,True
3,counterfactual_0003_02,13,146,True
3,counterfactual_0003_02,14,79,True
3,counterfactual_0003_02,16,129,True
3,counterfactual_0003_02,17,0,False
3,counterfactual_0003_02,18,143,True
3,counterfactual_0003_02,19,192,True
3,counterfactual_0003_02,20,190,True
3,counterfactual_0003_03,1,137,True
3,counterfactual_0003_03,2,196,True
3,counterfactual_0003_03,3,0,False
3,counterfactual_0003_03,4,7,False
3,counterfactual_0003_03,5,196,True
3,counterfactual_0003_03,6,54,True
3,counterfactual_0003_03,7,65,True
3,counterfactual_0003_03,8,65,True
3,counterfactual_0003_03,9,183,True
3,counterfactual_0003_03,10,196,True
3,counterfactual_0003_03,11,196,True
3,counterfactual_0003_03,12,196,True
3,counterfactual_0003_03,13,81,True
3,counterfactual_0003_03,14,147,True
3,counterfactual_0003_03,16,60,True
3,counterfactual_0003_03,17,0,False
3,counterfactual_0003_03,18,105,True
3,counterfactual_0003_03,19,129,True
3,counterfactual_0003_03,20,175,True
3,counterfactual_0003_04,1,193,True
3,counterfactual_0003_04,2,169,True
3,counterfactual_0003_04,3,0,False
3,counterfactual_0003_04,4,196,True
3,counterfactual_0003_04,5,196,True
3,counterfactual_0003_04,6,4,False
3,counterfactual_0003_04,7,25,True
3,counterfactual_0003_04,8,189,True
3,counterfactual_0003_04,9,196,True
3,counterfactual_0003_04,10,196,True
3,counterfactual_0003_04,11,196,True
3,counterfactual_0003_04,12,196,True
3,counterfactual_0003_04,13,92,True
3,counterfactual_0003_04,14,86,True
3,counterfactual_0003_04,16,191,True
3,counterfactual_0003_04,17,0,False
3,counterfactual_0003_04,18,176,True
3,counterfactual_0003_04,19,196,True
3,counterfactual_0003_04,20,171,True
3,counterfactual_0003_05,1,196,True
3,counterfactual_0003_05,2,196,True
3,counterfactual_0003_05,3,59,True
3,counterfactual_0003_05,4,85,True
3,counterfactual_0003_05,5,196,True
3,counterfactual_0003_05,6,7,False
3,counterfactual_0003_05,7,6,False
3,counterfactual_0003_05,8,196,True
3,counterfactual_0003_05,9,195,True
3,counterfactual_0003_05,10,97,True
3,counterfactual_0003_05,11,196,True
3,counterfactual_0003_05,12,196,True
3,counterfactual_0003_05,13,0,False
3,counterfactual_0003_05,14,0,False
3,counterfactual_0003_05,16,178,True
3,counterfactual_0003_05,17,0,False
3,counterfactual_0003_05,18,21,True
3,counterfactual_0003_05,19,196,True
3,counterfactual_0003_05,20,196,True
4,treatment_0004,1,185,True
4,treatment_0004,2,147,True
4,treatment_0004,3,11,True
4,treatment_0004,4,85,True
4,treatment_0004,5,117,True
4,treatment_0004,6,0,False
4,treatment_0004,7,185,True
4,treatment_0004,8,196,True
4,treatment_0004,9,167,True
4,treatment_0004,10,196,True
4,treatment_0004,11,196,True
4,treatment_0004,12,196,True
4,treatment_0004,13,0,False
4,treatment_0004,14,79,True
4,treatment_0004,16,47,True
4,treatment_0004,17,6,False
4,treatment_0004,18,0,False
4,treatment_0004,19,181,True
4,treatment_0004,20,196,True
4,counterfactual_0004_01,1,53,True
4,counterfactual_0004_01,2,5,False
4,counterfactual_0004_01,3,66,True
4,counterfactual_0004_01,4,96,True
4,counterfactual_0004_01,5,196,True
4,counterfactual_0004_01,6,0,False
4,counterfactual_0004_01,7,67,True
4,counterfactual_0004_01,8,143,True
4,counterfactual_0004_01,9,194,True
4,counterfactual_0004_01,10,196,True
4,counterfactual_0004_01,11,196,True
4,counterfactual_0004_01,12,196,True
4,counterfactual_0004_01,13,4,False
4,counterfactual_0004_01,14,56,True
4,counterfactual_0004_01,16,196,True
4,counterfactual_0004_01,17,2,False
4,counterfactual_0004_01,18,159,True
4,counterfactual_0004_01,19,158,True
4,counterfactual_0004_01,20,190,True
4,counterfactual_0004_02,1,157,True
4,counterfactual_0004_02,2,0,False
4,counterfactual_0004_02,3,0,False
4,counterfactual_0004_02,4,107,True
4,counterfactual_0004_02,5,123,True
4,counterfactual_0004_02,6,0,False
4,counterfactual_0004_02,7,92,True
4,counterfactual_0004_02,8,173,True
4,counterfactual_0004_02,9,145,True
4,counterfactual_0004_02,10,196,True
4,counterfactual_0004_02,11,196,True
4,counterfactual_0004_02,12,196,True
4,counterfactual_0004_02,13,0,False
4,counterfactual_0004_02,14,130,True
4,counterfactual_0004_02,16,189,True
4,counterfactual_0004_02,17,36,True
4,counterfactual_0004_02,18,60,True
4,counterfactual_0004_02,19,196,True
4,counterfactual_0004_02,20,171,True
4,counterfactual_0004_03,1,77,True
4,counterfactual_0004_03,2,182,True
4,counterfactual_0004_03,3,0,False
4,counterfactual_0004_03,4,46,True
4,counterfactual_0004_03,5,163,True
4,counterfactual_0004_03,6,0,False
4,counterfactual_0004_03,7,196,True
4,counterfactual_0004_03,8,196,True
4,counterfactual_0004_03,9,181,True
4,counterfactual_0004_03,10,165,True
4,counterfactual_0004_03,11,196,True
4,counterfactual_0004_03,12,196,True
4,counterfactual_0004_03,13,0,False
4,counterfactual_0004_03,14,0,False
4,counterfactual_0004_03,16,167,True
4,counterfactual_0004_03,17,0,False
4,counterfactual_0004_03,18,100,True
4,counterfactual_0004_03,19,196,True
4,counterfactual_0004_03,20,196,True
4,counterfactual_0004_04,1,106,True
4,counterfactual_0004_04,2,190,True
4,counterfactual_0004_04,3,0,False
4,counterfactual_0004_04,4,89,True
4,counterfactual_0004_04,5,196,True
4,counterfactual_0004_04,6,67,True
4,counterfactual_0004_04,7,107,True
4,counterfactual_0004_04,8,185,True
4,counterfactual_0004_04,9,25,True
4,counterfactual_0004_04,10,196,True
4,counterfactual_0004_04,11,196,True
4,counterfactual_0004_04,12,196,True
4,counterfactual_0004_04,13,0,False
4,counterfactual_0004_04,14,73,True
4,counterfactual_0004_04,16,15,True
4,counterfactual_0004_04,17,0,False
4,counterfactual_0004_04,18,9,False
4,counterfactual_0004_04,19,193,True
4,counterfactual_0004_04,20,196,True
4,counterfactual_0004_05,1,4,False
4,counterfactual_0004_05,2,9,False
4,counterfactual_0004_05,3,0,False
4,counterfactual_0004_05,4,141,True
4,counterfactual_0004_05,5,124,True
4,counterfactual_0004_05,6,24,True
4,counterfactual_0004_05,7,177,True
4,counterfactual_0004_05,8,196,True
4,counterfactual_0004_05,9,189,True
4,counterfactual_0004_05,10,196,True
4,counterfactual_0004_05,11,196,True
4,counterfactual_0004_05,12,196,True
4,counterfactual_0004_05,13,2,False
4,counterfactual_0004_05,14,48,True
4,counterfactual_0004_05,16,144,True
4,counterfactual_0004_05,17,8,False
4,counterfactual_0004_05,18,80,True
4,counterfactual_0004_05,19,184,True
4,counterfactual_0004_05,20,196,True
5,treatment_0005,1,102,True
5,treatment_0005,2,196,True
5,treatment_0005,3,146,True
5,treatment_0005,4,2,False
5,treatment_0005,5,132,True
5,treatment_0005,6,0,False
5,treatment_0005,7,18,True
5,treatment_0005,8,196,True
5,treatment_0005,9,80,True
5,treatment_0005,10,196,True
5,treatment_0005,11,196,True
5,treatment_0005,12,196,True
5,treatment_0005,13,0,False
5,treatment_0005,14,84,True
5,treatment_0005,16,36,True
5,treatment_0005,17,12,True
5,treatment_0005,18,12,True
5,treatment_0005,19,182,True
5,treatment_0005,20,196,True
5,counterfactual_0005_01,1,133,True
5,counterfactual_0005_01,2,118,True
5,counterfactual_0005_01,3,12,True
5,counterfactual_0005_01,4,95,True
5,counterfactual_0005_01,5,180,True
5,counterfactual_0005_01,6,45,True
5,counterfactual_0005_01,7,196,True
5,counterfactual_0005_01,8,196,True
5,counterfactual_0005_01,9,196,True
5,counterfactual_0005_01,10,196,True
5,counterfactual_0005_01,11,196,True
5,counterfactual_0005_01,12,196,True
5,counterfactual_0005_01,13,0,False
5,counterfactual_0005_01,14,67,True
5,counterfactual_0005_01,16,108,True
5,counterfactual_0005_01,17,0,False
5,counterfactual_0005_01,18,0,False
5,counterfactual_0005_01,19,173,True
5,counterfactual_0005_01,20,179,True
5,counterfactual_0005_02,1,43,True
5,counterfactual_0005_02,2,191,True
5,counterfactual_0005_02,3,0,False
5,counterfactual_0005_02,4,146,True
5,counterfactual_0005_02,5,178,True
5,counterfactual_0005_02,6,0,False
5,counterfactual_0005_02,7,126,True
5,counterfactual_0005_02,8,196,True
5,counterfactual_0005_02,9,87,True
5,counterfactual_0005_02,10,188,True
5,counterfactual_0005_02,11,196,True
5,counterfactual_0005_02,12,196,True
5,counterfactual_0005_02,13,0,False
5,counterfactual_0005_02,14,110,True
5,counterfactual_0005_02,16,29,True
5,counterfactual_0005_02,17,0,False
5,counterfactual_0005_02,18,12,True
5,counterfactual_0005_02,19,195,True
5,counterfactual_0005_02,20,196,True
5,counterfactual_0005_03,1,175,True
5,counterfactual_0005_03,2,18,True
5,counterfactual_0005_03,3,0,False
5,counterfactual_0005_03,4,160,True
5,counterfactual_0005_03,5,188,True
5,counterfactual_0005_03,6,41,True
5,counterfactual_0005_03,7,196,True
5,counterfactual_0005_03,8,174,True
5,counterfactual_0005_03,9,196,True
5,counterfactual_0005_03,10,196,True
5,counterfactual_0005_03,11,196,True
5,counterfactual_0005_03,12,196,True
5,counterfactual_0005_03,13,1,False
5,counterfactual_0005_03,14,76,True
5,counterfactual_0005_03,16,62,True
5,counterfactual_0005_03,17,0,False
5,counterfactual_0005_03,18,9,False
5,counterfactual_0005_03,19,196,True
5,counterfactual_0005_03,20,184,True
5,counterfactual_0005_04,1,196,True
5,counterfactual_0005_04,2,137,True
5,counterfactual_0005_04,3,0,False
5,counterfactual_0005_04,4,196,True
5,counterfactual_0005_04,5,196,True
5,counterfactual_0005_04,6,127,True
5,counterfactual_0005_04,7,196,True
5,counterfactual_0005_04,8,196,True
5,counterfactual_0005_04,9,141,True
5,counterfactual_0005_04,10,196,True
5,counterfactual_0005_04,11,196,True
5,counterfactual_0005_04,12,196,True
5,counterfactual_0005_04,13,76,True
5,counterfactual_0005_04,14,78,True
5,counterfactual_0005_04,16,29,True
5,counterfactual_0005_04,17,0,False
5,counterfactual_0005_04,18,102,True
5,counterfactual_0005_04,19,183,True
5,counterfactual_0005_04,20,196,True
5,counterfactual_0005_05,1,196,True
5,counterfactual_0005_05,2,191,True
5,counterfactual_0005_05,3,149,True
5,counterfactual_0005_05,4,154,True
5,counterfactual_0005_05,5,196,True
5,counterfactual_0005_05,6,16,True
5,counterfactual_0005_05,7,196,True
5,counterfactual_0005_05,8,91,True
5,counterfactual_0005_05,9,56,True
5,counterfactual_0005_05,10,196,True
5,counterfactual_0005_05,11,196,True
5,counterfactual_0005_05,12,196,True
5,counterfactual_0005_05,13,90,True
5,counterfactual_0005_05,14,25,True
5,counterfactual_0005_05,16,0,False
5,counterfactual_0005_05,17,97,True
5,counterfactual_0005_05,18,23,True
5,counterfactual_0005_05,19,134,True
5,counterfactual_0005_05,20,196,True
6,treatment_0006,1,89,True
6,treatment_0006,2,126,True
6,treatment_0006,3,41,True
6,treatment_0006,4,196,True
6,treatment_0006,5,196,True
6,treatment_0006,6,0,False
6,treatment_0006,7,5,False
6,treatment_0006,8,196,True
6,treatment_0006,9,195,True
6,treatment_0006,10,196,True
6,treatment_0006,11,196,True
6,treatment_0006,12,196,True
6,treatment_0006,13,0,False
6,treatment_0006,14,196,True
6,treatment_0006,16,88,True
6,treatment_0006,17,4,False
6,treatment_0006,18,11,True
6,treatment_0006,19,182,True
6,treatment_0006,20,196,True
6,counterfactual_0006_01,1,194,True
6,counterfactual_0006_01,2,195,True
6,counterfactual_0006_01,3,0,False
6,counterfactual_0006_01,4,196,True
6,counterfactual_0006_01,5,185,True
6,counterfactual_0006_01,6,0,False
6,counterfactual_0006_01,7,23,True
6,counterfactual_0006_01,8,196,True
6,counterfactual_0006_01,9,130,True
6,counterfactual_0006_01,10,196,True
6,counterfactual_0006_01,11,196,True
6,counterfactual_0006_01,12,196,True
6,counterfactual_0006_01,13,0,False
6,counterfactual_0006_01,14,196,True
6,counterfactual_0006_01,16,130,True
6,counterfactual_0006_01,17,0,False
6,counterfactual_0006_01,18,78,True
6,counterfactual_0006_01,19,179,True
6,counterfactual_0006_01,20,196,True
6,counterfactual_0006_02,1,29,True
6,counterfactual_0006_02,2,71,True
6,counterfactual_0006_02,3,9,False
6,counterfactual_0006_02,4,196,True
6,counterfactual_0006_02,5,143,True
6,counterfactual_0006_02,6,0,False
6,counterfactual_0006_02,7,190,True
6,counterfactual_0006_02,8,196,True
6,counterfactual_0006_02,9,92,True
6,counterfactual_0006_02,10,196,True
6,counterfactual_0006_02,11,196,True
6,counterfactual_0006_02,12,196,True
6,counterfactual_0006_02,13,0,False
6,counterfactual_0006_02,14,196,True
6,counterfactual_0006_02,16,90,True
6,counterfactual_0006_02,17,0,False
6,counterfactual_0006_02,18,82,True
6,counterfactual_0006_02,19,185,True
6,counterfactual_0006_02,20,196,True
6,counterfactual_0006_03,1,147,True
6,counterfactual_0006_03,2,174,True
6,counterfactual_0006_03,3,0,False
6,counterfactual_0006_03,4,195,True
6,counterfactual_0006_03,5,196,True
6,counterfactual_0006_03,6,31,True
6,counterfactual_0006_03,7,0,False
6,counterfactual_0006_03,8,196,True
6,counterfactual_0006_03,9,126,True
6,counterfactual_0006_03,10,196,True
6,counterfactual_0006_03,11,196,True
6,counterfactual_0006_03,12,196,True
6,counterfactual_0006_03,13,59,True
6,counterfactual_0006_03,14,190,True
6,counterfactual_0006_03,16,188,True
6,counterfactual_0006_03,17,0,False
6,counterfactual_0006_03,18,97,True
6,counterfactual_0006_03,19,194,True
6,counterfactual_0006_03,20,196,True
6,counterfactual_0006_04,1,196,True
6,counterfactual_0006_04,2,188,True
6,counterfactual_0006_04,3,0,False
6,counterfactual_0006_04,4,184,True
6,counterfactual_0006_04,5,196,True
6,counterfactual_0006_04,6,0,False
6,counterfactual_0006_04,7,0,False
6,counterfactual_0006_04,8,196,True
6,counterfactual_0006_04,9,74,True
6,counterfactual_0006_04,10,196,True
6,counterfactual_0006_04,11,196,True
6,counterfactual_0006_04,12,196,True
6,counterfactual_0006_04,13,19,True
6,counterfactual_0006_04,14,193,True
6,counterfactual_0006_04,16,26,True
6,counterfactual_0006_04,17,41,True
6,counterfactual_0006_04,18,56,True
6,counterfactual_0006_04,19,148,True
6,counterfactual_0006_04,20,196,True
6,counterfactual_0006_05,1,0,False
6,counterfactual_0006_05,2,2,False
6,counterfactual_0006_05,3,0,False
6,counterfactual_0006_05,4,196,True
6,counterfactual_0006_05,5,196,True
6,counterfactual_0006_05,6,35,True
6,counterfactual_0006_05,7,147,True
6,counterfactual_0006_05,8,196,True
6,counterfactual_0006_05,9,177,True
6,counterfactual_0006_05,10,196,True
6,counterfactual_0006_05,11,196,True
6,counterfactual_0006_05,12,196,True
6,counterfactual_0006_05,13,0,False
6,counterfactual_0006_05,14,196,True
6,counterfactual_0006_05,16,168,True
6,counterfactual_0006_05,17,3,False
6,counterfactual_0006_05,18,66,True
6,counterfactual_0006_05,19,196,True
6,counterfactual_0006_05,20,196,True
7,treatment_0007,1,94,True
7,treatment_0007,2,192,True
7,treatment_0007,3,0,False
7,treatment_0007,4,193,True
7,treatment_0007,5,134,True
7,treatment_0007,6,13,True
7,treatment_0007,7,54,True
7,treatment_0007,8,196,True
7,treatment_0007,9,196,True
7,treatment_0007,10,196,True
7,treatment_0007,11,196,True
7,treatment_0007,12,196,True
7,treatment_0007,13,0,False
7,treatment_0007,14,0,False
7,treatment_0007,16,196,True
7,treatment_0007,17,196,True
7,treatment_0007,18,180,True
7,treatment_0007,19,196,True
7,treatment_0007,20,196,True
7,counterfactual_0007_01,1,196,True
7,counterfactual_0007_01,2,177,True
7,counterfactual_0007_01,3,0,False
7,counterfactual_0007_01,4,161,True
7,counterfactual_0007_01,5,196,True
7,counterfactual_0007_01,6,136,True
7,counterfactual_0007_01,7,196,True
7,counterfactual_0007_01,8,196,True
7,counterfactual_0007_01,9,196,True
7,counterfactual_0007_01,10,196,True
7,counterfactual_0007_01,11,196,True
7,counterfactual_0007_01,12,196,True
7,counterfactual_0007_01,13,0,False
7,counterfactual_0007_01,14,9,False
7,counterfactual_0007_01,16,196,True
7,counterfactual_0007_01,17,150,True
7,counterfactual_0007_01,18,128,True
7,counterfactual_0007_01,19,196,True
7,counterfactual_0007_01,20,196,True
7,counterfactual_0007_02,1,196,True
7,counterfactual_0007_02,2,196,True
7,counterfactual_0007_02,3,0,False
7,counterfactual_0007_02,4,196,True
7,counterfactual_0007_02,5,196,True
7,counterfactual_0007_02,6,15,True
7,counterfactual_0007_02,7,166,True
7,counterfactual_0007_02,8,196,True
7,counterfactual_0007_02,9,196,True
7,counterfactual_0007_02,10,196,True
7,counterfactual_0007_02,11,196,True
7,counterfactual_0007_02,12,196,True
7,counterfactual_0007_02,13,169,True
7,counterfactual_0007_02,14,27,True
7,counterfactual_0007_02,16,196,True
7,counterfactual_0007_02,17,196,True
7,counterfactual_0007_02,18,148,True
7,counterfactual_0007_02,19,196,True
7,counterfactual_0007_02,20,196,True
7,counterfactual_0007_03,1,196,True
7,counterfactual_0007_03,2,196,True
7,counterfactual_0007_03,3,0,False
7,counterfactual_0007_03,4,196,True
7,counterfactual_0007_03,5,196,True
7,counterfactual_0007_03,6,0,False
7,counterfactual_0007_03,7,196,True
7,counterfactual_0007_03,8,196,True
7,counterfactual_0007_03,9,83,True
7,counterfactual_0007_03,10,196,True
7,counterfactual_0007_03,11,196,True
7,counterfactual_0007_03,12,196,True
7,counterfactual_0007_03,13,164,True
7,counterfactual_0007_03,14,0,False
7,counterfactual_0007_03,16,196,True
7,counterfactual_0007_03,17,196,True
7,counterfactual_0007_03,18,138,True
7,counterfactual_0007_03,19,196,True
7,counterfactual_0007_03,20,104,True
7,counterfactual_0007_04,1,176,True
7,counterfactual_0007_04,2,196,True
7,counterfactual_0007_04,3,0,False
7,counterfactual_0007_04,4,146,True
7,counterfactual_0007_04,5,196,True
7,counterfactual_0007_04,6,149,True
7,counterfactual_0007_04,7,196,True
7,counterfactual_0007_04,8,196,True
7,counterfactual_0007_04,9,123,True
7,counterfactual_0007_04,10,196,True
7,counterfactual_0007_04,11,196,True
7,counterfactual_0007_04,12,196,True
7,counterfactual_0007_04,13,0,False
7,counterfactual_0007_04,14,37,True
7,counterfactual_0007_04,16,196,True
7,counterfactual_0007_04,17,0,False
7,counterfactual_0007_04,18,190,True
7,counterfactual_0007_04,19,196,True
7,counterfactual_0007_04,20,196,True
7,counterfactual_0007_05,1,166,True
7,counterfactual_0007_05,2,0,False
7,counterfactual_0007_05,3,3,False
7,counterfactual_0007_05,4,196,True
7,counterfactual_0007_05,5,196,True
7,counterfactual_0007_05,6,106,True
7,counterfactual_0007_05,7,187,True
7,counterfactual_0007_05,8,196,True
7,counterfactual_0007_05,9,194,True
7,counterfactual_0007_05,10,196,True
7,counterfactual_0007_05,11,196,True
7,counterfactual_0007_05,12,196,True
7,counterfactual_0007_05,13,196,True
7,counterfactual_0007_05,14,13,True
7,counterfactual_0007_05,16,188,True
7,counterfactual_0007_05,17,123,True
7,counterfactual_0007_05,18,31,True
7,counterfactual_0007_05,19,80,True
7,counterfactual_0007_05,20,76,True
8,treatment_0008,1,88,True
8,treatment_0008,2,3,False
8,treatment_0008,3,0,False
8,treatment_0008,4,132,True
8,treatment_0008,5,123,True
8,treatment_0008,6,2,False
8,treatment_0008,7,196,True
8,treatment_0008,8,196,True
8,treatment_0008,9,131,True
8,treatment_0008,10,196,True
8,treatment_0008,11,196,True
8,treatment_0008,12,196,True
8,treatment_0008,13,0,False
8,treatment_0008,14,96,True
8,treatment_0008,16,15,True
8,treatment_0008,17,87,True
8,treatment_0008,18,27,True
8,treatment_0008,19,162,True
8,treatment_0008,20,196,True
8,counterfactual_0008_01,1,195,True
8,counterfactual_0008_01,2,58,True
8,counterfactual_0008_01,3,0,False
8,counterfactual_0008_01,4,196,True
8,counterfactual_0008_01,5,145,True
8,counterfactual_0008_01,6,107,True
8,counterfactual_0008_01,7,171,True
8,counterfactual_0008_01,8,189,True
8,counterfactual_0008_01,9,104,True
8,counterfactual_0008_01,10,196,True
8,counterfactual_0008_01,11,196,True
8,counterfactual_0008_01,12,196,True
8,counterfactual_0008_01,13,148,True
8,counterfactual_0008_01,14,61,True
8,counterfactual_0008_01,16,21,True
8,counterfactual_0008_01,17,0,False
8,counterfactual_0008_01,18,110,True
8,counterfactual_0008_01,19,181,True
8,counterfactual_0008_01,20,196,True
8,counterfactual_0008_02,1,81,True
8,counterfactual_0008_02,2,196,True
8,counterfactual_0008_02,3,0,False
8,counterfactual_0008_02,4,190,True
8,counterfactual_0008_02,5,196,True
8,counterfactual_0008_02,6,0,False
8,counterfactual_0008_02,7,128,True
8,counterfactual_0008_02,8,196,True
8,counterfactual_0008_02,9,170,True
8,counterfactual_0008_02,10,196,True
8,counterfactual_0008_02,11,196,True
8,counterfactual_0008_02,12,196,True
8,counterfactual_0008_02,13,10,True
8,counterfactual_0008_02,14,0,False
8,counterfactual_0008_02,16,30,True
8,counterfactual_0008_02,17,2,False
8,counterfactual_0008_02,18,0,False
8,counterfactual_0008_02,19,179,True
8,counterfactual_0008_02,20,196,True
8,counterfactual_0008_03,1,188,True
8,counterfactual_0008_03,2,0,False
8,counterfactual_0008_03,3,0,False
8,counterfactual_0008_03,4,169,True
8,counterfactual_0008_03,5,51,True
8,counterfactual_0008_03,6,190,True
8,counterfactual_0008_03,7,180,True
8,counterfactual_0008_03,8,196,True
8,counterfactual_0008_03,9,38,True
8,counterfactual_0008_03,10,196,True
8,counterfactual_0008_03,11,196,True
8,counterfactual_0008_03,12,196,True
8,counterfactual_0008_03,13,64,True
8,counterfactual_0008_03,14,61,True
8,counterfactual_0008_03,16,37,True
8,counterfactual_0008_03,17,17,True
8,counterfactual_0008_03,18,114,True
8,counterfactual_0008_03,19,195,True
8,counterfactual_0008_03,20,196,True
8,counterfactual_0008_04,1,196,True
8,counterfactual_0008_04,2,196,True
8,counterfactual_0008_04,3,93,True
8,counterfactual_0008_04,4,81,True
8,counterfactual_0008_04,5,196,True
8,counterfactual_0008_04,6,0,False
8,counterfactual_0008_04,7,130,True
8,counterfactual_0008_04,8,196,True
8,counterfactual_0008_04,9,183,True
8,counterfactual_0008_04,10,196,True
8,counterfactual_0008_04,11,196,True
8,counterfactual_0008_04,12,196,True
8,counterfactual_0008_04,13,0,False
8,counterfactual_0008_04,14,113,True
8,counterfactual_0008_04,16,194,True
8,counterfactual_0008_04,17,10,True
8,counterfactual_0008_04,18,4,False
8,counterfactual_0008_04,19,141,True
8,counterfactual_0008_04,20,196,True
8,counterfactual_0008_05,1,196,True
8,counterfactual_0008_05,2,0,False
8,counterfactual_0008_05,3,0,False
8,counterfactual_0008_05,4,149,True
8,counterfactual_0008_05,5,196,True
8,counterfactual_0008_05,6,45,True
8,counterfactual_0008_05,7,178,True
8,counterfactual_0008_05,8,196,True
8,counterfactual_0008_05,9,153,True
8,counterfactual_0008_05,10,196,True
8,counterfactual_0008_05,11,196,True
8,counterfactual_0008_05,12,196,True
8,counterfactual_0008_05,13,171,True
8,counterfactual_0008_05,14,0,False
8,counterfactual_0008_05,16,181,True
8,counterfactual_0008_05,17,164,True
8,counterfactual_0008_05,18,17,True
8,counterfactual_0008_05,19,11,True
8,counterfactual_0008_05,20,180,True
9,treatment_0009,1,96,True
9,treatment_0009,2,23,True
9,treatment_0009,3,0,False
9,treatment_0009,4,123,True
9,treatment_0009,5,90,True
9,treatment_0009,6,0,False
9,treatment_0009,7,195,True
9,treatment_0009,8,196,True
9,treatment_0009,9,156,True
9,treatment_0009,10,196,True
9,treatment_0009,11,196,True
9,treatment_0009,12,196,True
9,treatment_0009,13,0,False
9,treatment_0009,14,103,True
9,treatment_0009,16,29,True
9,treatment_0009,17,81,True
9,treatment_0009,18,31,True
9,treatment_0009,19,179,True
9,treatment_0009,20,196,True
9,counterfactual_0009_01,1,187,True
9,counterfactual_0009_01,2,6,False
9,counterfactual_0009_01,3,196,True
9,counterfactual_0009_01,4,196,True
9,counterfactual_0009_01,5,196,True
9,counterfactual_0009_01,6,0,False
9,counterfactual_0009_01,7,196,True
9,counterfactual_0009_01,8,189,True
9,counterfactual_0009_01,9,14,True
9,counterfactual_0009_01,10,196,True
9,counterfactual_0009_01,11,196,True
9,counterfactual_0009_01,12,196,True
9,counterfactual_0009_01,13,86,True
9,counterfactual_0009_01,14,57,True
9,counterfactual_0009_01,16,196,True
9,counterfactual_0009_01,17,17,True
9,counterfactual_0009_01,18,20,True
9,counterfactual_0009_01,19,108,True
9,counterfactual_0009_01,20,192,True
9,counterfactual_0009_02,1,196,True
9,counterfactual_0009_02,2,192,True
9,counterfactual_0009_02,3,196,True
9,counterfactual_0009_02,4,160,True
9,counterfactual_0009_02,5,196,True
9,counterfactual_0009_02,6,9,False
9,counterfactual_0009_02,7,174,True
9,counterfactual_0009_02,8,196,True
9,counterfactual_0009_02,9,54,True
9,counterfactual_0009_02,10,196,True
9,counterfactual_0009_02,11,196,True
9,counterfactual_0009_02,12,196,True
9,counterfactual_0009_02,13,2,False
9,counterfactual_0009_02,14,174,True
9,counterfactual_0009_02,16,57,True
9,counterfactual_0009_02,17,0,False
9,counterfactual_0009_02,18,9,False
9,counterfactual_0009_02,19,131,True
9,counterfactual_0009_02,20,196,True
9,counterfactual_0009_03,1,196,True
9,counterfactual_0009_03,2,196,True
9,counterfactual_0009_03,3,0,False
9,counterfactual_0009_03,4,188,True
9,counterfactual_0009_03,5,114,True
9,counterfactual_0009_03,6,150,True
9,counterfactual_0009_03,7,196,True
9,counterfactual_0009_03,8,149,True
9,counterfactual_0009_03,9,86,True
9,counterfactual_0009_03,10,196,True
9,counterfactual_0009_03,11,196,True
9,counterfactual_0009_03,12,196,True
9,counterfactual_0009_03,13,92,True
9,counterfactual_0009_03,14,64,True
9,counterfactual_0009_03,16,6,False
9,counterfactual_0009_03,17,20,True
9,counterfactual_0009_03,18,85,True
9,counterfactual_0009_03,19,34,True
9,counterfactual_0009_03,20,196,True
9,counterfactual_0009_04,1,181,True
9,counterfactual_0009_04,2,153,True
9,counterfactual_0009_04,3,11,True
9,counterfactual_0009_04,4,105,True
9,counterfactual_0009_04,5,196,True
9,counterfactual_0009_04,6,195,True
9,counterfactual_0009_04,7,53,True
9,counterfactual_0009_04,8,192,True
9,counterfactual_0009_04,9,95,True
9,counterfactual_0009_04,10,194,True
9,counterfactual_0009_04,11,196,True
9,counterfactual_0009_04,12,196,True
9,counterfactual_0009_04,13,54,True
9,counterfactual_0009_04,14,57,True
9,counterfactual_0009_04,16,0,False
9,counterfactual_0009_04,17,89,True
9,counterfactual_0009_04,18,8,False
9,counterfactual_0009_04,19,16,True
9,counterfactual_0009_04,20,172,True
9,counterfactual_0009_05,1,140,True
9,counterfactual_0009_05,2,196,True
9,counterfactual_0009_05,3,0,False
9,counterfactual_0009_05,4,196,True
9,counterfactual_0009_05,5,194,True
9,counterfactual_0009_05,6,1,False
9,counterfactual_0009_05,7,43,True
9,counterfactual_0009_05,8,177,True
9,counterfactual_0009_05,9,193,True
9,counterfactual_0009_05,10,153,True
9,counterfactual_0009_05,11,196,True
9,counterfactual_0009_05,12,196,True
9,counterfactual_0009_05,13,0,False
9,counterfactual_0009_05,14,4,False
9,counterfactual_0009_05,16,160,True
9,counterfactual_0009_05,17,3,False
9,counterfactual_0009_05,18,87,True
9,counterfactual_0009_05,19,196,True
9,counterfactual_0009_05,20,196,True
10,treatment_0010,1,69,True
10,treatment_0010,2,0,False
10,treatment_0010,3,0,False
10,treatment_0010,4,101,True
10,treatment_0010,5,157,True
10,treatment_0010,6,60,True
10,treatment_0010,7,148,True
10,treatment_0010,8,196,True
10,treatment_0010,9,10,True
10,treatment_0010,10,196,True
10,treatment_0010,11,196,True
10,treatment_0010,12,196,True
10,treatment_0010,13,0,False
10,treatment_0010,14,114,True
10,treatment_0010,16,45,True
10,treatment_0010,17,133,True
10,treatment_0010,18,16,True
10,treatment_0010,19,128,True
10,treatment_0010,20,196,True
10,counterfactual_0010_01,1,165,True
10,counterfactual_0010_01,2,140,True
10,counterfactual_0010_01,3,0,False
10,counterfactual_0010_01,4,196,True
10,counterfactual_0010_01,5,196,True
10,counterfactual_0010_01,6,36,True
10,counterfactual_0010_01,7,182,True
10,counterfactual_0010_01,8,155,True
10,counterfactual_0010_01,9,63,True
10,counterfactual_0010_01,10,196,True
10,counterfactual_0010_01,11,196,True
10,counterfactual_0010_01,12,196,True
10,counterfactual_0010_01,13,145,True
10,counterfactual_0010_01,14,28,True
10,counterfactual_0010_01,16,21,True
10,counterfactual_0010_01,17,3,False
10,counterfactual_0010_01,18,5,False
10,counterfactual_0010_01,19,87,True
10,counterfactual_0010_01,20,196,True
10,counterfactual_0010_02,1,196,True
10,counterfactual_0010_02,2,196,True
10,counterfactual_0010_02,3,0,False
10,counterfactual_0010_02,4,196,True
10,counterfactual_0010_02,5,176,True
10,counterfactual_0010_02,6,65,True
10,counterfactual_0010_02,7,38,True
10,counterfactual_0010_02,8,196,True
10,counterfactual_0010_02,9,48,True
10,counterfactual_0010_02,10,196,True
10,counterfactual_0010_02,11,196,True
10,counterfactual_0010_02,12,196,True
10,counterfactual_0010_02,13,0,False
10,counterfactual_0010_02,14,26,True
10,counterfactual_0010_02,16,196,True
10,counterfactual_0010_02,17,19,True
10,counterfactual_0010_02,18,43,True
10,counterfactual_0010_02,19,196,True
10,counterfactual_0010_02,20,196,True
10,counterfactual_0010_03,1,196,True
10,counterfactual_0010_03,2,147,True
10,counterfactual_0010_03,3,196,True
10,counterfactual_0010_03,4,163,True
10,counterfactual_0010_03,5,196,True
10,counterfactual_0010_03,6,109,True
10,counterfactual_0010_03,7,177,True
10,counterfactual_0010_03,8,193,True
10,counterfactual_0010_03,9,126,True
10,counterfactual_0010_03,10,196,True
10,counterfactual_0010_03,11,196,True
10,counterfactual_0010_03,12,196,True
10,counterfactual_0010_03,13,164,True
10,counterfactual_0010_03,14,37,True
10,counterfactual_0010_03,16,10,True
10,counterfactual_0010_03,17,13,True
10,counterfactual_0010_03,18,40,True
10,counterfactual_0010_03,19,110,True
10,counterfactual_0010_03,20,196,True
10,counterfactual_0010_04,1,155,True
10,counterfactual_0010_04,2,0,False
10,counterfactual_0010_04,3,10,True
10,counterfactual_0010_04,4,190,True
10,counterfactual_0010_04,5,189,True
10,counterfactual_0010_04,6,20,True
10,counterfactual_0010_04,7,194,True
10,counterfactual_0010_04,8,196,True
10,counterfactual_0010_04,9,67,True
10,counterfactual_0010_04,10,196,True
10,counterfactual_0010_04,11,196,True
10,counterfactual_0010_04,12,196,True
10,counterfactual_0010_04,13,138,True
10,counterfactual_0010_04,14,28,True
10,counterfactual_0010_04,16,86,True
10,counterfactual_0010_04,17,24,True
10,counterfactual_0010_04,18,109,True
10,counterfactual_0010_04,19,47,True
10,counterfactual_0010_04,20,162,True
10,counterfactual_0010_05,1,196,True
10,counterfactual_0010_05,2,196,True
10,counterfactual_0010_05,3,196,True
10,counterfactual_0010_05,4,196,True
10,counterfactual_0010_05,5,196,True
10,counterfactual_0010_05,6,0,False
10,counterfactual_0010_05,7,149,True
10,counterfactual_0010_05,8,168,True
10,counterfactual_0010_05,9,124,True
10,counterfactual_0010_05,10,196,True
10,counterfactual_0010_05,11,196,True
10,counterfactual_0010_05,12,196,True
10,counterfactual_0010_05,13,75,True
10,counterfactual_0010_05,14,41,True
10,counterfactual_0010_05,16,18,True
10,counterfactual_0010_05,17,12,True
10,counterfactual_0010_05,18,51,True
10,counterfactual_0010_05,19,152,True
10,counterfactual_0010_05,20,196,True
