site,test,test_rmse,train_rmse,own_hist_rmse,equal_w_rmse,C1,C2,C3,n_donors,n_test_dims,w_max,arm,sensor,n_pred_positions
treatment_0001,P09,1.1110870184065975,1.129430711732824,0.7405479122306758,1.111464625307824,True,False,True,5.0,980.0,0.22037671762789077,A_perdim(nb11),sentinel1,
treatment_0002,P09,1.0739865748829387,1.0636768752073724,0.7285589298227204,1.0752799787065501,True,False,True,5.0,980.0,0.22805020820383193,A_perdim(nb11),sentinel1,
treatment_0003,P09,1.0779538492583087,1.0764658572463397,0.7488356084802665,1.078788872726157,True,False,True,5.0,980.0,0.23390399231007655,A_perdim(nb11),sentinel1,
treatment_0004,P09,1.084984090599628,1.1174996750509683,0.6522762410655776,1.0874039084719056,True,False,True,5.0,980.0,0.23294081507095302,A_perdim(nb11),sentinel1,
treatment_0005,P09,1.0518968602146987,1.0691116841441874,0.6694594003706416,1.0531631824350403,True,False,True,5.0,980.0,0.21994637848742077,A_perdim(nb11),sentinel1,
treatment_0006,P09,1.1003790986013455,1.104283211450181,0.7844007357186885,1.1016332841585552,True,False,True,5.0,980.0,0.24771665188302455,A_perdim(nb11),sentinel1,
treatment_0007,P09,1.0910574946929104,1.0841847015291892,0.589883929959075,1.0939789039382728,True,False,True,5.0,980.0,0.23966124112342863,A_perdim(nb11),sentinel1,
treatment_0008,P09,1.0614496748762674,1.0719769082198358,0.6469887267094593,1.0630515154138458,True,False,True,5.0,980.0,0.237205422305966,A_perdim(nb11),sentinel1,
treatment_0009,P09,1.0977062549173027,1.0859646970403283,0.66845976442502,1.1001647349430004,True,False,True,5.0,980.0,0.2258080460099439,A_perdim(nb11),sentinel1,
treatment_0010,P09,1.0918632489813076,1.1314970056271245,0.6599268884028048,1.0968518489244297,True,False,True,5.0,980.0,0.23062209138247367,A_perdim(nb11),sentinel1,
treatment_0001,P10,1.1169012187592395,1.1277929585023072,0.7269207557699362,1.115871432837729,True,False,False,5.0,980.0,0.22313351385580948,A_perdim(nb11),sentinel1,
treatment_0002,P10,1.096524727113541,1.0651806358277727,0.7331579190230583,1.0966359482541956,True,False,True,5.0,980.0,0.22946309589689687,A_perdim(nb11),sentinel1,
treatment_0003,P10,1.0461977823883748,1.0768668380723945,0.753285993593817,1.0474687923136887,True,False,True,5.0,980.0,0.23082308141624214,A_perdim(nb11),sentinel1,
treatment_0004,P10,1.1020882338163742,1.1142178109414642,0.6462562086575866,1.1023401626825595,True,False,True,5.0,980.0,0.231275648294978,A_perdim(nb11),sentinel1,
treatment_0005,P10,1.0748407082145408,1.0678237581099272,0.63521889860006,1.074779745752416,True,False,False,5.0,980.0,0.22168626977047107,A_perdim(nb11),sentinel1,
treatment_0006,P10,1.113318846408361,1.104284052120101,0.7767372266469,1.1163479448235452,True,False,True,5.0,980.0,0.24792274410144166,A_perdim(nb11),sentinel1,
treatment_0007,P10,1.082403193228766,1.0858042151827825,0.5994797237897904,1.0862380965420486,True,False,True,5.0,980.0,0.23824064674233647,A_perdim(nb11),sentinel1,
treatment_0008,P10,1.0663035185063299,1.0712322275362656,0.6687783827794316,1.0690767049970065,True,False,True,5.0,980.0,0.23745060612337757,A_perdim(nb11),sentinel1,
treatment_0009,P10,1.0670714892230535,1.0876486645882812,0.6844538380922334,1.0690561691459723,True,False,True,5.0,980.0,0.23081986609655397,A_perdim(nb11),sentinel1,
treatment_0010,P10,1.1050732702924488,1.1276891494246848,0.6710055631733204,1.1083683338020436,True,False,True,5.0,980.0,0.2318063604985607,A_perdim(nb11),sentinel1,
treatment_0001,P09,1.0829301609210387,0.9414736531640259,1.0143449344806668,1.0911836577250775,True,False,True,5.0,980.0,0.28243282526917496,A_perdim(nb11),sentinel2,
treatment_0002,P09,1.2053632186495258,0.8880965738259994,1.0690688891447713,1.1792199766857974,True,False,False,5.0,980.0,0.3190846888054949,A_perdim(nb11),sentinel2,
treatment_0003,P09,0.89904218911365,0.839973061496041,0.752510328546121,0.8982946973159428,True,False,False,5.0,980.0,0.3730236307722041,A_perdim(nb11),sentinel2,
treatment_0004,P09,1.425443275733933,1.085364285611995,1.2282074153056863,1.408783058890841,True,False,False,5.0,980.0,0.4470763507404514,A_perdim(nb11),sentinel2,
treatment_0005,P09,1.1228150250487199,1.1491995158689565,1.0402817014960961,1.0721415387628992,True,False,False,5.0,980.0,0.3421524858772583,A_perdim(nb11),sentinel2,
treatment_0006,P09,1.2374566486878897,0.9623327658500573,0.893519107215024,1.2236043823626486,True,False,False,5.0,980.0,0.48574031641257526,A_perdim(nb11),sentinel2,
treatment_0007,P09,1.0939711114598,0.7799338101712376,0.9569624282222805,1.0928095644434088,True,False,False,5.0,980.0,0.29020359712147775,A_perdim(nb11),sentinel2,
treatment_0008,P09,1.016806858465133,0.8842864897358713,0.8475702666374225,1.0446469794608964,True,False,True,5.0,980.0,0.35600926367609925,A_perdim(nb11),sentinel2,
treatment_0009,P09,1.1051737134769866,0.8909593218076662,0.8506248839550861,1.0737811361307072,True,False,False,5.0,980.0,0.3341344583884729,A_perdim(nb11),sentinel2,
treatment_0010,P09,0.8799929831229668,1.1163498669746907,1.262177925723428,0.8821145716650317,True,True,True,5.0,980.0,0.3016731644842578,A_perdim(nb11),sentinel2,
treatment_0001,P10,1.3495277779000272,0.9441417057687973,1.058933619658939,1.3687961921727998,True,False,True,5.0,980.0,0.27753831111830224,A_perdim(nb11),sentinel2,
treatment_0002,P10,1.2042949716315652,0.9161817577034634,1.0538362766314358,1.1852308115920196,True,False,False,5.0,980.0,0.3086997281181482,A_perdim(nb11),sentinel2,
treatment_0003,P10,0.9130265400897671,0.8346944382708986,0.8528252156254349,0.9033711250896157,True,False,False,5.0,980.0,0.37880229224385537,A_perdim(nb11),sentinel2,
treatment_0004,P10,1.4336158807997286,1.1117865271761906,0.9454189577083011,1.4066378514768836,True,False,False,5.0,980.0,0.4249799721526603,A_perdim(nb11),sentinel2,
treatment_0005,P10,1.3433596005490516,1.1299500408180854,0.9513326902735654,1.3263850433840965,True,False,False,5.0,980.0,0.31142948983622265,A_perdim(nb11),sentinel2,
treatment_0006,P10,1.2268078508617577,0.981237724764989,0.8730197251872288,1.177858498012708,True,False,False,5.0,980.0,0.4748405107989543,A_perdim(nb11),sentinel2,
treatment_0007,P10,1.0759541194312707,0.8086151001323091,0.9789663210753872,1.0834460714042353,True,False,True,5.0,980.0,0.2792527859594611,A_perdim(nb11),sentinel2,
treatment_0008,P10,1.257005642737155,0.8874098240425555,1.0025338879059151,1.2540574887572853,True,False,False,5.0,980.0,0.3780126028274652,A_perdim(nb11),sentinel2,
treatment_0009,P10,1.306631130137819,0.9046840343687673,1.0608564739773978,1.2890263219735567,True,False,False,5.0,980.0,0.2990689779738923,A_perdim(nb11),sentinel2,
treatment_0010,P10,1.3984377735556606,1.0785211346721206,1.1072973687554368,1.3988928634677495,True,False,True,5.0,980.0,0.2990020615581145,A_perdim(nb11),sentinel2,
treatment_0001,P09,1.1043714906690139,1.1243086598857588,0.7330067786741923,1.1048836112059284,True,False,True,5.0,980.0,0.22259041113072822,A,sentinel1,
treatment_0002,P09,1.0682339789855553,1.058895344109385,0.7213942690743355,1.0695567792145706,True,False,True,5.0,980.0,0.2300780094675062,A,sentinel1,
treatment_0003,P09,1.0720687433184592,1.070493041108446,0.743235322796114,1.0728652421331133,True,False,True,5.0,980.0,0.23305227940378578,A,sentinel1,
treatment_0004,P09,1.0811624088415976,1.1142252551575784,0.6488096654148676,1.0831020408464302,True,False,True,5.0,980.0,0.23466533845423249,A,sentinel1,
treatment_0005,P09,1.0469676156596892,1.0645968643749564,0.6642415369921404,1.0484021515238464,True,False,True,5.0,980.0,0.22156106491131453,A,sentinel1,
treatment_0006,P09,1.0950143599388766,1.0971391902166088,0.7774994322144978,1.0961321943860263,True,False,True,5.0,980.0,0.24924289993970764,A,sentinel1,
treatment_0007,P09,1.086395448283232,1.0791229154626372,0.5847053290131708,1.0889362960376197,True,False,True,5.0,980.0,0.2364389475424074,A,sentinel1,
treatment_0008,P09,1.0551675449850706,1.0662393715039655,0.6428506730655584,1.0566520783082745,True,False,True,5.0,980.0,0.23901421314693355,A,sentinel1,
treatment_0009,P09,1.091189045177523,1.0818456525134728,0.663050711366829,1.0934558500706175,True,False,True,5.0,980.0,0.22335733886894102,A,sentinel1,
treatment_0010,P09,1.0885513101247755,1.1278435742924986,0.6567508396324037,1.0938439222400091,True,False,True,5.0,980.0,0.23252363626743072,A,sentinel1,
treatment_0001,P10,1.1112965393051473,1.122522878509374,0.7227511443444575,1.1101811384887774,True,False,False,5.0,980.0,0.2255032512826718,A,sentinel1,
treatment_0002,P10,1.090954250800045,1.060334661849833,0.7263415509992999,1.0909100146571142,True,False,False,5.0,980.0,0.23103348319036476,A,sentinel1,
treatment_0003,P10,1.0410919800904268,1.07111388599305,0.7499124797055267,1.0427044526543774,True,False,True,5.0,980.0,0.2301366252679629,A,sentinel1,
treatment_0004,P10,1.0982860234297545,1.1110176877340368,0.6435291050464366,1.0984933882386079,True,False,True,5.0,980.0,0.23217578819341086,A,sentinel1,
treatment_0005,P10,1.0685896291259571,1.0630277652197038,0.6310361403163858,1.0685387299854698,True,False,False,5.0,980.0,0.22364381569648623,A,sentinel1,
treatment_0006,P10,1.1072644072935163,1.0973454941159502,0.7707126846653085,1.1105193735098913,True,False,True,5.0,980.0,0.24912643293875456,A,sentinel1,
treatment_0007,P10,1.0779897641431575,1.0809433495369574,0.5941330248592782,1.0810567039725127,True,False,True,5.0,980.0,0.2352892665026873,A,sentinel1,
treatment_0008,P10,1.0593150454440154,1.0654241978035681,0.6646255426320433,1.0622186857152933,True,False,True,5.0,980.0,0.23869467389149635,A,sentinel1,
treatment_0009,P10,1.0640166065665664,1.0833003127286782,0.6793752218779436,1.0660937211251835,True,False,True,5.0,980.0,0.22820482294285616,A,sentinel1,
treatment_0010,P10,1.1008875038101513,1.123964025472038,0.6669206069308439,1.104761488515167,True,False,True,5.0,980.0,0.23330153530175812,A,sentinel1,
treatment_0001,P09,1.1130733973912272,1.1122927884523517,0.7330067786741923,1.1814932052452398,True,False,True,5.0,300.0,0.23148054368086232,B,sentinel1,
treatment_0002,P09,1.0708890708452725,1.0727065326054652,0.7213942690743355,1.0745478076324524,True,False,True,5.0,310.0,0.22701258036282979,B,sentinel1,
treatment_0003,P09,1.0867801932985126,1.0746100862648023,0.743235322796114,1.116874801701309,True,False,True,5.0,545.0,0.23448498638560827,B,sentinel1,
treatment_0004,P09,1.1217818133140613,1.14040325019168,0.6488096654148676,1.262495963352837,True,False,True,3.0,275.0,0.3797355188726344,B,sentinel1,
treatment_0005,P09,1.0562876375076284,1.0563940643373424,0.6642415369921404,1.1780228094317744,True,False,True,4.0,295.0,0.2878545736255315,B,sentinel1,
treatment_0006,P09,1.093017719525316,1.0818407331177746,0.7774994322144978,1.1048311762738456,True,False,True,5.0,735.0,0.21714233840140715,B,sentinel1,
treatment_0007,P09,1.0733191770396777,1.099866114312554,0.5847053290131708,1.1645731727999338,True,False,True,5.0,450.0,0.33157413945258507,B,sentinel1,
treatment_0008,P09,1.0886537836809405,1.0649114208071895,0.6428506730655584,1.1138029173186605,True,False,True,5.0,220.0,0.27126243488229745,B,sentinel1,
treatment_0009,P09,1.081003711699393,1.0749235719960586,0.663050711366829,1.1189711425615028,True,False,True,5.0,515.0,0.22256451632368165,B,sentinel1,
treatment_0010,P09,1.092616898288618,1.0923997095710785,0.6567508396324037,1.0931874778156203,True,False,True,5.0,390.0,0.26811434389121935,B,sentinel1,
treatment_0001,P10,1.159053614428158,1.1127611065521705,0.7227511443444575,1.138082712519525,True,False,False,5.0,300.0,0.22314419574004038,B,sentinel1,
treatment_0002,P10,1.0695919101975442,1.0728663101422349,0.7263415509992999,1.0993980362520557,True,False,True,5.0,310.0,0.22512893460112948,B,sentinel1,
treatment_0003,P10,1.0843444341201613,1.0763798603338597,0.7499124797055267,1.092883735641088,True,False,True,5.0,545.0,0.23856358189765686,B,sentinel1,
treatment_0004,P10,1.095098433757075,1.1387832741102022,0.6435291050464366,1.2427730407885529,True,False,True,3.0,275.0,0.3744726849518992,B,sentinel1,
treatment_0005,P10,1.0706686669750953,1.0567217470926158,0.6310361403163858,1.1691596215308175,True,False,True,4.0,295.0,0.28298812345432633,B,sentinel1,
treatment_0006,P10,1.129891604667708,1.0834936592024467,0.7707126846653085,1.1440942270383772,True,False,True,5.0,735.0,0.22079991484763767,B,sentinel1,
treatment_0007,P10,1.081846804821456,1.09475795215317,0.5941330248592782,1.1607851720887885,True,False,True,5.0,450.0,0.33088619523523854,B,sentinel1,
treatment_0008,P10,1.046267563818011,1.0679756482880733,0.6646255426320433,1.1069856194678758,True,False,True,5.0,220.0,0.26686956215394864,B,sentinel1,
treatment_0009,P10,1.0962074930779893,1.0760074803443582,0.6793752218779436,1.0961763733930179,True,False,False,5.0,515.0,0.22030480991349782,B,sentinel1,
treatment_0010,P10,1.0549783017185772,1.092840624493333,0.6669206069308439,1.1235212000184993,True,False,True,5.0,390.0,0.2669011290117164,B,sentinel1,
treatment_0001,P09,1.0882700931453722,1.081609544156085,0.7330067786741923,1.1285563710903377,True,False,True,5.0,245.0,0.23466833987684688,C,sentinel1,
treatment_0002,P09,1.1003804869780207,1.0690736232347475,0.7213942690743355,1.1458754679457746,True,False,True,5.0,300.0,0.23467192626061906,C,sentinel1,
treatment_0003,P09,1.0733806907429726,1.0702552386647537,0.743235322796114,1.1071593169200291,True,False,True,5.0,535.0,0.2216655426768077,C,sentinel1,
treatment_0004,P09,1.0910070745198286,1.1198133121145148,0.6488096654148676,1.2097611790040632,True,False,True,3.0,255.0,0.3433481254229227,C,sentinel1,
treatment_0005,P09,1.0424179368522457,1.0424063755834019,0.6642415369921404,1.1677387551722438,True,False,True,4.0,230.0,0.2765871797746764,C,sentinel1,
treatment_0006,P09,1.0607463420932255,1.075481927900457,0.7774994322144978,1.063343192939076,True,False,True,5.0,705.0,0.22405804463867274,C,sentinel1,
treatment_0007,P09,1.1631234475370364,1.1282226318154094,0.5847053290131708,1.1321664280548123,True,False,False,5.0,300.0,0.2558180723438897,C,sentinel1,
treatment_0008,P09,1.125092019582316,1.0198766772118528,0.6428506730655584,1.139890465614765,True,False,True,5.0,145.0,0.3264506141323479,C,sentinel1,
treatment_0009,P09,1.0432102030338781,1.0706565385616857,0.663050711366829,1.088346025948134,True,False,True,5.0,365.0,0.28266751277512325,C,sentinel1,
treatment_0010,P09,1.0709535511245696,1.0658638480040092,0.6567508396324037,1.114360758345447,True,False,True,5.0,390.0,0.2284945002197918,C,sentinel1,
treatment_0001,P10,1.0519378183229662,1.08278997252596,0.7227511443444575,1.1565137777442753,True,False,True,5.0,245.0,0.2380845941505296,C,sentinel1,
treatment_0002,P10,1.0928088295376854,1.0729243932492247,0.7263415509992999,1.1629329455223338,True,False,True,5.0,300.0,0.23245361719181165,C,sentinel1,
treatment_0003,P10,1.091298584045405,1.0709294580041253,0.7499124797055267,1.1037241819787806,True,False,True,5.0,535.0,0.22375506004160925,C,sentinel1,
treatment_0004,P10,1.165459974956776,1.1170580028114934,0.6435291050464366,1.2629382628463774,True,False,True,3.0,255.0,0.3467388700637555,C,sentinel1,
treatment_0005,P10,1.0076300466548,1.0427046088533334,0.6310361403163858,1.1604033706123091,True,False,True,4.0,230.0,0.2757621354325369,C,sentinel1,
treatment_0006,P10,1.0961224763509543,1.074291824008911,0.7707126846653085,1.1273797331321218,True,False,True,5.0,705.0,0.22416045786962469,C,sentinel1,
treatment_0007,P10,1.1368936703661319,1.1353999571693691,0.5941330248592782,1.1490980979468444,True,False,True,5.0,300.0,0.24965620939120206,C,sentinel1,
treatment_0008,P10,1.013592370939629,1.0324016788436385,0.6646255426320433,1.130246675021142,True,False,True,5.0,145.0,0.3215899363594351,C,sentinel1,
treatment_0009,P10,1.0750458014352062,1.0680700786025137,0.6793752218779436,1.09855838922896,True,False,True,5.0,365.0,0.2773520051144416,C,sentinel1,
treatment_0010,P10,1.036375452297261,1.0668652935702125,0.6669206069308439,1.0983449665142178,True,False,True,5.0,390.0,0.23121147064175332,C,sentinel1,
treatment_0001,P09,0.9004184050421958,0.8089292101344091,0.7330067786741923,0.930353646975258,True,False,True,5.0,245.0,0.2848463831426105,D_min,sentinel1,
treatment_0002,P09,0.8006701018151539,0.7420054430650795,0.7213942690743355,0.9083239369162561,True,False,True,5.0,230.0,0.2358992675773641,D_min,sentinel1,
treatment_0003,P09,0.8237857419466276,0.7742533544355836,0.743235322796114,0.8749315553042304,True,False,True,5.0,515.0,0.21144315908069483,D_min,sentinel1,
treatment_0004,P09,0.680785746200416,0.7420538152033692,0.6488096654148676,0.9110975973705814,True,False,True,3.0,255.0,0.3689456313205713,D_min,sentinel1,
treatment_0005,P09,0.8104171340053515,0.7151511153028876,0.6642415369921404,0.8435598657868539,True,False,True,4.0,225.0,0.28493398047043145,D_min,sentinel1,
treatment_0006,P09,0.8818345133268083,0.7772985134299808,0.7774994322144978,0.9155722199167325,True,False,True,5.0,715.0,0.21542573396190273,D_min,sentinel1,
treatment_0007,P09,0.7291002283301492,0.6535816882900208,0.5847053290131708,0.7716855050835758,True,False,True,5.0,335.0,0.21345380896423796,D_min,sentinel1,
treatment_0008,P09,0.8268123555195493,0.7345942424798966,0.6428506730655584,0.7939740568528212,True,False,False,5.0,95.0,0.21681007735568525,D_min,sentinel1,
treatment_0009,P09,0.7359853433911128,0.709546173107155,0.663050711366829,0.7641384238604645,True,False,True,5.0,400.0,0.2144112953170733,D_min,sentinel1,
treatment_0010,P09,0.7205508075517044,0.6840484568969465,0.6567508396324037,0.7960169203497117,True,False,True,5.0,390.0,0.23418001796695043,D_min,sentinel1,
treatment_0001,P10,0.8861483150389141,0.8197034192037236,0.7227511443444575,0.9149995719600812,True,False,True,5.0,245.0,0.2809626079107371,D_min,sentinel1,
treatment_0002,P10,0.9080711142280992,0.7487304574887668,0.7263415509992999,0.9408621152315896,True,False,True,5.0,230.0,0.25156908446875376,D_min,sentinel1,
treatment_0003,P10,0.8255878426737744,0.7802004580633047,0.7499124797055267,0.8768878109719773,True,False,True,5.0,515.0,0.21536631935516481,D_min,sentinel1,
treatment_0004,P10,0.7251329240040371,0.7357067422557981,0.6435291050464366,0.9267780735726471,True,False,True,3.0,255.0,0.3690631111033573,D_min,sentinel1,
treatment_0005,P10,0.8155611375468623,0.7265453315817668,0.6310361403163858,0.8334046099376603,True,False,True,4.0,225.0,0.2930313536494573,D_min,sentinel1,
treatment_0006,P10,0.901373992774545,0.7898520600044404,0.7707126846653085,0.9243406458954994,True,False,True,5.0,715.0,0.2128444236590451,D_min,sentinel1,
treatment_0007,P10,0.7161544415666452,0.6693457996877922,0.5941330248592782,0.7416118395860795,True,False,True,5.0,335.0,0.22305894802952383,D_min,sentinel1,
treatment_0008,P10,0.7648562403731429,0.7455580097945785,0.6646255426320433,0.815622698799973,True,False,True,5.0,95.0,0.23339509426620614,D_min,sentinel1,
treatment_0009,P10,0.7325343133231362,0.7128067578848415,0.6793752218779436,0.785726738935581,True,False,True,5.0,400.0,0.21033892545672794,D_min,sentinel1,
treatment_0010,P10,0.6908471177875113,0.6884403547306494,0.6669206069308439,0.8423879863682311,True,False,True,5.0,390.0,0.2307666477330234,D_min,sentinel1,
treatment_0001,P09,0.9336954847110197,0.8053002430381385,0.7330067786741923,0.957319936006327,True,False,True,5.0,260.0,0.2304126248562003,D_full,sentinel1,
treatment_0002,P09,0.8227447572855996,0.7990256724339186,0.7213942690743355,0.8852661424981041,True,False,True,5.0,230.0,0.2608712244692219,D_full,sentinel1,
treatment_0003,P09,0.8385396448094959,0.7825141679604255,0.743235322796114,0.8913701524611065,True,False,True,5.0,500.0,0.2295171285971163,D_full,sentinel1,
treatment_0004,P09,0.7499619489179079,0.811162979562589,0.6488096654148676,0.9706363929472487,True,False,True,3.0,255.0,0.37496826639439007,D_full,sentinel1,
treatment_0005,P09,0.7921993643588904,0.7190213975949394,0.6642415369921404,0.8832288025696494,True,False,True,4.0,230.0,0.27946990847115044,D_full,sentinel1,
treatment_0006,P09,0.9049585253540147,0.8229347875232311,0.7774994322144978,0.928204644474878,True,False,True,5.0,720.0,0.21604617971270848,D_full,sentinel1,
treatment_0007,P09,0.800016451791143,0.7017453395377912,0.5847053290131708,0.80025086002101,True,False,True,5.0,350.0,0.2621271718022237,D_full,sentinel1,
treatment_0008,P09,0.7102886373485636,0.7669798509459715,0.6428506730655584,0.808172118166252,True,False,True,5.0,75.0,0.3163526936892922,D_full,sentinel1,
treatment_0009,P09,0.7263023196118814,0.6989913717130152,0.663050711366829,0.8122941950148577,True,False,True,5.0,400.0,0.21991035025589903,D_full,sentinel1,
treatment_0010,P09,0.7696319368183921,0.7247250377145535,0.6567508396324037,0.8138317099620875,True,False,True,5.0,390.0,0.2327419292551402,D_full,sentinel1,
treatment_0001,P10,0.8880960517054723,0.8208121249014273,0.7227511443444575,0.9622811567797361,True,False,True,5.0,260.0,0.22747549580784368,D_full,sentinel1,
treatment_0002,P10,0.9054366229480865,0.8018814866099285,0.7263415509992999,0.9443737378269851,True,False,True,5.0,230.0,0.2611059868958986,D_full,sentinel1,
treatment_0003,P10,0.8403993478603644,0.7892741461079918,0.7499124797055267,0.8853733923654721,True,False,True,5.0,500.0,0.22645873542630252,D_full,sentinel1,
treatment_0004,P10,0.8365249185485844,0.8048901187570785,0.6435291050464366,0.9936587427654896,True,False,True,3.0,255.0,0.3771033558349908,D_full,sentinel1,
treatment_0005,P10,0.8362998473751385,0.7275824767635385,0.6310361403163858,0.8657508674899899,True,False,True,4.0,230.0,0.2638694672574434,D_full,sentinel1,
treatment_0006,P10,0.9288341577008913,0.8327349339547763,0.7707126846653085,0.9641566409384492,True,False,True,5.0,720.0,0.2141659919193285,D_full,sentinel1,
treatment_0007,P10,0.699122912669324,0.7223357160531555,0.5941330248592782,0.7681968905727111,True,False,True,5.0,350.0,0.2523041784950961,D_full,sentinel1,
treatment_0008,P10,0.8453808463558308,0.7608502707241626,0.6646255426320433,0.8206335521029647,True,False,False,5.0,75.0,0.32622106969806713,D_full,sentinel1,
treatment_0009,P10,0.7640629352354167,0.7023558590165818,0.6793752218779436,0.8302155641517887,True,False,True,5.0,400.0,0.21946539311320204,D_full,sentinel1,
treatment_0010,P10,0.7628144115764562,0.7298992470196808,0.6669206069308439,0.8771394465230361,True,False,True,5.0,390.0,0.2530054948238279,D_full,sentinel1,
treatment_0001,P09,0.9073856629272965,0.8169363423053064,0.7330067786741923,0.9700359593584558,True,False,True,5.0,270.0,0.23583181749525026,E,sentinel1,
treatment_0002,P09,0.82475555569425,0.8014126376500771,0.7213942690743355,0.8959338492489404,True,False,True,5.0,210.0,0.2682637667647446,E,sentinel1,
treatment_0003,P09,0.8394659000275008,0.7837072656111643,0.743235322796114,0.8813069445250187,True,False,True,5.0,500.0,0.23861940098312745,E,sentinel1,
treatment_0004,P09,0.7308888220940278,0.8270099399016089,0.6488096654148676,1.009653829167008,True,False,True,3.0,255.0,0.34640044845440754,E,sentinel1,
treatment_0005,P09,0.8211167596688816,0.7243899718505097,0.6642415369921404,0.9030920856394177,True,False,True,4.0,220.0,0.3114307696766711,E,sentinel1,
treatment_0006,P09,0.9316753122869625,0.820201942184887,0.7774994322144978,0.9482609035968724,True,False,True,5.0,725.0,0.2267178815184489,E,sentinel1,
treatment_0007,P09,0.7923483810852572,0.6895687122416488,0.5847053290131708,0.8011629564332078,True,False,True,5.0,355.0,0.2709246198347494,E,sentinel1,
treatment_0008,P09,0.7207194801923597,0.7732259157845182,0.6428506730655584,0.8352888855088962,True,False,True,5.0,75.0,0.28755214144882424,E,sentinel1,
treatment_0009,P09,0.7273573463703232,0.70137166171994,0.663050711366829,0.8167692774647607,True,False,True,5.0,410.0,0.21308095004094094,E,sentinel1,
treatment_0010,P09,0.7965076824151863,0.7362838990708099,0.6567508396324037,0.8292805562084818,True,False,True,5.0,390.0,0.21459819886803586,E,sentinel1,
treatment_0001,P10,0.9046886883070933,0.8277854782231032,0.7227511443444575,0.976325647040173,True,False,True,5.0,270.0,0.24046162922599654,E,sentinel1,
treatment_0002,P10,0.9366916796568684,0.804281742540906,0.7263415509992999,0.9444587678221043,True,False,True,5.0,210.0,0.25985069572258895,E,sentinel1,
treatment_0003,P10,0.8813375694475323,0.790373406200394,0.7499124797055267,0.9048262028660932,True,False,True,5.0,500.0,0.23844868001164093,E,sentinel1,
treatment_0004,P10,0.8230152485824302,0.8171506866524869,0.6435291050464366,1.009654585944286,True,False,True,3.0,255.0,0.35020147324925077,E,sentinel1,
treatment_0005,P10,0.8239021661382704,0.7359754922229446,0.6310361403163858,0.8826210961093277,True,False,True,4.0,220.0,0.30556108179433,E,sentinel1,
treatment_0006,P10,0.9377867983982132,0.8335866041825172,0.7707126846653085,0.9623592542569704,True,False,True,5.0,725.0,0.2207812572623154,E,sentinel1,
treatment_0007,P10,0.7176791822474773,0.7110602145654181,0.5941330248592782,0.7687253048541056,True,False,True,5.0,355.0,0.26110518552293527,E,sentinel1,
treatment_0008,P10,0.8775254706067949,0.7677702591372907,0.6646255426320433,0.8199269544846487,True,False,False,5.0,75.0,0.2928072041434882,E,sentinel1,
treatment_0009,P10,0.7442945020013498,0.7045827957996521,0.6793752218779436,0.8286938796893117,True,False,True,5.0,410.0,0.21122998513360056,E,sentinel1,
treatment_0010,P10,0.7599813213008311,0.7434526804611025,0.6669206069308439,0.8617098387602652,True,False,True,5.0,390.0,0.22206042634642678,E,sentinel1,
treatment_0001,P09,1.065786512126449,0.9280308988132989,1.0021065123427781,1.0737361101568033,True,False,True,5.0,980.0,0.2837099445889259,A,sentinel2,
treatment_0002,P09,1.1780803236008168,0.8764605464059368,1.0425412588431828,1.1501182016296998,True,False,False,5.0,980.0,0.3214830563130722,A,sentinel2,
treatment_0003,P09,0.8867318190899232,0.8306391266326371,0.7433654977690758,0.8875496407044042,True,False,True,5.0,980.0,0.37559233031612366,A,sentinel2,
treatment_0004,P09,1.401627522667993,1.0709553185020995,1.2042782676632835,1.3834634500088971,True,False,False,5.0,980.0,0.45192436739832637,A,sentinel2,
treatment_0005,P09,1.1149749630067465,1.1395239132115105,1.029364792559264,1.0611192315128062,True,False,False,5.0,980.0,0.34770618722071855,A,sentinel2,
treatment_0006,P09,1.2208599245034455,0.9525990622217821,0.8762522616813598,1.2050885038943804,True,False,False,5.0,980.0,0.48911788383107907,A,sentinel2,
treatment_0007,P09,1.0783301808305368,0.7719809731391922,0.9443426383339529,1.075578925217712,True,False,False,5.0,980.0,0.28645842711499175,A,sentinel2,
treatment_0008,P09,1.0105450904486102,0.8799279867863671,0.8392384043775168,1.0360448250626777,True,False,True,5.0,980.0,0.3509850754650508,A,sentinel2,
treatment_0009,P09,1.0953733022534666,0.8869415469601325,0.8436253654515877,1.0648195816594304,True,False,False,5.0,980.0,0.3359510955239931,A,sentinel2,
treatment_0010,P09,0.8601443276256818,1.1004646867089387,1.2331285658638205,0.8638122224357729,True,True,True,5.0,980.0,0.3049506511445068,A,sentinel2,
treatment_0001,P10,1.3359585267528038,0.9331284993349356,1.0457790758149537,1.3563818334942839,True,False,True,5.0,980.0,0.2792548448323285,A,sentinel2,
treatment_0002,P10,1.1802142515488834,0.9041789795545138,1.0340431038528994,1.1616535765417284,True,False,False,5.0,980.0,0.31036010289543037,A,sentinel2,
treatment_0003,P10,0.9017465917813543,0.8264395073135677,0.8391738164959586,0.8924874747289326,True,False,False,5.0,980.0,0.3811095603501114,A,sentinel2,
treatment_0004,P10,1.4118388100618835,1.0987386207318373,0.9322832631966691,1.3864279792096637,True,False,False,5.0,980.0,0.4285736360919147,A,sentinel2,
treatment_0005,P10,1.3294044215881275,1.122090338295723,0.936247180489791,1.3135626116502666,True,False,False,5.0,980.0,0.31519987564420276,A,sentinel2,
treatment_0006,P10,1.211482716529732,0.9736252209970947,0.8605805519421318,1.16114871516965,True,False,False,5.0,980.0,0.47651070434540915,A,sentinel2,
treatment_0007,P10,1.0604124558318901,0.8011908108871373,0.9633754687188856,1.066257023364162,True,False,True,5.0,980.0,0.2754620700185566,A,sentinel2,
treatment_0008,P10,1.2449988390705358,0.8834615896567527,0.9888173840273378,1.2420016309549389,True,False,False,5.0,980.0,0.37493627324478257,A,sentinel2,
treatment_0009,P10,1.2889630168513253,0.9002836488024197,1.043998861193923,1.271167444046961,True,False,False,5.0,980.0,0.30186334808911836,A,sentinel2,
treatment_0010,P10,1.3704191184266843,1.0647511897968183,1.0863344264162793,1.3703262870678201,True,False,False,5.0,980.0,0.3010150952749282,A,sentinel2,
treatment_0001,P09,1.129166034933793,0.9180498275126427,1.0021065123427781,1.1569539604743557,True,False,True,5.0,300.0,0.22747402967063976,B,sentinel2,
treatment_0002,P09,1.2727654606716798,1.0253771642683789,1.0425412588431828,1.2885355376492842,True,False,True,4.0,290.0,0.38572990975009386,B,sentinel2,
treatment_0003,P09,0.8338687156002823,0.7827774426019392,0.7433654977690758,0.9237036421452619,True,False,True,5.0,545.0,0.37977967314957833,B,sentinel2,
treatment_0004,P09,1.4265929783197335,1.2225798088081958,1.2042782676632835,1.5651549695379618,True,False,True,3.0,265.0,0.4874880390133205,B,sentinel2,
treatment_0005,P09,1.3501539910060687,1.0126791950174903,1.029364792559264,1.2093807294884764,True,False,False,4.0,295.0,0.3870040117506568,B,sentinel2,
treatment_0006,P09,1.109073971918347,0.8709971485532263,0.8762522616813598,1.142456432555287,True,False,True,5.0,735.0,0.5177567547044019,B,sentinel2,
treatment_0007,P09,1.0935431794664083,0.7801675519595102,0.9443426383339529,1.1407704118720514,True,False,True,5.0,450.0,0.27143573526439,B,sentinel2,
treatment_0008,P09,1.0836541304806906,0.7990005008912261,0.8392384043775168,1.0747636059010497,True,False,False,5.0,220.0,0.3059658137253841,B,sentinel2,
treatment_0009,P09,0.9103164183708423,0.774798122043491,0.8436253654515877,0.9969951582137587,True,False,True,5.0,515.0,0.2963145275793194,B,sentinel2,
treatment_0010,P09,0.9361033664764624,0.9977036918963158,1.2331285658638205,1.0113760785213668,True,True,True,5.0,385.0,0.321654478052291,B,sentinel2,
treatment_0001,P10,1.1302444220931431,0.9316211942129418,1.0457790758149537,1.286044382796315,True,False,True,5.0,300.0,0.22204119658020094,B,sentinel2,
treatment_0002,P10,1.2604722666345978,1.044715959473546,1.0340431038528994,1.2344570941424093,True,False,False,4.0,290.0,0.39023746266107795,B,sentinel2,
treatment_0003,P10,0.900519623362581,0.7787371178333454,0.8391738164959586,0.919648738581288,True,False,True,5.0,545.0,0.3948062306045461,B,sentinel2,
treatment_0004,P10,1.3096866248956567,1.2350968977484527,0.9322832631966691,1.3294453986702928,True,False,True,3.0,265.0,0.4669803911378301,B,sentinel2,
treatment_0005,P10,1.1098254141728239,1.0436933902532595,0.936247180489791,1.2455515973017157,True,False,True,4.0,295.0,0.36975780790186313,B,sentinel2,
treatment_0006,P10,1.0593641170890997,0.8894816643541025,0.8605805519421318,1.0785683361223468,True,False,True,5.0,735.0,0.5003461052510526,B,sentinel2,
treatment_0007,P10,1.0272263259261207,0.8098806119514934,0.9633754687188856,1.1088965966892042,True,False,True,5.0,450.0,0.28009481502959044,B,sentinel2,
treatment_0008,P10,1.1189532731254275,0.8235373718478589,0.9888173840273378,1.2217265588295694,True,False,True,5.0,220.0,0.3641127876138314,B,sentinel2,
treatment_0009,P10,1.225002339190184,0.780969039597638,1.043998861193923,1.2123518359139092,False,False,False,5.0,515.0,0.2940445444603075,B,sentinel2,
treatment_0010,P10,1.1315197682073337,0.9800872249047804,1.0863344264162793,1.2234219670439486,True,False,True,5.0,385.0,0.28896826264132003,B,sentinel2,
treatment_0001,P09,1.0099370011654667,0.9436363423632359,1.0021065123427781,1.129267476811634,True,False,True,5.0,245.0,0.28296595975188726,C,sentinel2,
treatment_0002,P09,1.2465831407654497,1.0265769171174022,1.0425412588431828,1.2417566940680034,True,False,False,4.0,325.0,0.4288575116344255,C,sentinel2,
treatment_0003,P09,0.7896660403839242,0.7947591345792155,0.7433654977690758,0.9028039267897362,True,False,True,5.0,525.0,0.38387602619951966,C,sentinel2,
treatment_0004,P09,1.356087434575946,1.1925844775039107,1.2042782676632835,1.549582285938464,True,False,True,3.0,255.0,0.464604458006644,C,sentinel2,
treatment_0005,P09,1.1839177258120765,1.0741032228878773,1.029364792559264,1.2590957584992049,True,False,True,4.0,240.0,0.41148329643990234,C,sentinel2,
treatment_0006,P09,1.1296636653131442,0.8775048036936108,0.8762522616813598,1.1496014716468852,True,False,True,5.0,705.0,0.5043327678409522,C,sentinel2,
treatment_0007,P09,1.0863226184597987,0.8025953520812534,0.9443426383339529,1.1138044083030063,True,False,True,5.0,300.0,0.29946420383521455,C,sentinel2,
treatment_0008,P09,0.8709046773096853,0.8843839997291414,0.8392384043775168,1.0626424973969277,True,False,True,5.0,155.0,0.37703676020670696,C,sentinel2,
treatment_0009,P09,0.9518377328762834,0.8117384515061449,0.8436253654515877,1.0083120552862923,True,False,True,5.0,385.0,0.3060470523072853,C,sentinel2,
treatment_0010,P09,0.9222753892700317,1.0164156729938392,1.2331285658638205,0.9870906956296434,True,True,True,5.0,385.0,0.3268718627603742,C,sentinel2,
treatment_0001,P10,1.2848572329243955,0.9384397735068793,1.0457790758149537,1.2154988667906543,True,False,False,5.0,245.0,0.2620824853930557,C,sentinel2,
treatment_0002,P10,1.2660262129126931,1.0414631400884442,1.0340431038528994,1.2459598955141655,True,False,False,4.0,325.0,0.42280169691806224,C,sentinel2,
treatment_0003,P10,0.8663025451287915,0.7839130355212529,0.8391738164959586,0.8955135714613432,True,False,True,5.0,525.0,0.39902874623029927,C,sentinel2,
treatment_0004,P10,1.2879877451944375,1.200576568585184,0.9322832631966691,1.3742481942706535,True,False,True,3.0,255.0,0.4427134255612491,C,sentinel2,
treatment_0005,P10,1.0897041359840924,1.0746577444143026,0.936247180489791,1.2623204344332142,True,False,True,4.0,240.0,0.39832290238396695,C,sentinel2,
treatment_0006,P10,1.054407787186205,0.8977513456238071,0.8605805519421318,1.1036418825717054,True,False,True,5.0,705.0,0.49103651600388015,C,sentinel2,
treatment_0007,P10,1.0498632343109304,0.8277180643358849,0.9633754687188856,1.0485311723122421,True,False,False,5.0,300.0,0.28842096946990253,C,sentinel2,
treatment_0008,P10,1.2163898750231161,0.8716482862495454,0.9888173840273378,1.2335937888843655,True,False,True,5.0,155.0,0.4089163014739547,C,sentinel2,
treatment_0009,P10,1.2403711676220042,0.8172340167603197,1.043998861193923,1.2399627460682567,False,False,False,5.0,385.0,0.2826207938837651,C,sentinel2,
treatment_0010,P10,1.1291192333501376,0.9966331509317333,1.0863344264162793,1.221626381915664,True,False,True,5.0,385.0,0.32385065160239995,C,sentinel2,
treatment_0001,P09,0.9901205712481443,0.7872757889288509,1.0021065123427781,1.1260343841215221,True,True,True,5.0,250.0,0.25005406329850094,D_min,sentinel2,
treatment_0002,P09,1.1328763995882227,0.8609031723496767,1.0425412588431828,1.2345539746047443,True,False,True,4.0,325.0,0.3755192908067114,D_min,sentinel2,
treatment_0003,P09,0.6824085800862606,0.6922945687042669,0.7433654977690758,0.8318075633161734,True,True,True,5.0,495.0,0.39158444106477386,D_min,sentinel2,
treatment_0004,P09,1.251319058816839,1.095200565735752,1.2042782676632835,1.5613631021628103,True,False,True,3.0,250.0,0.4639431996840446,D_min,sentinel2,
treatment_0005,P09,1.2192508967565099,0.9974488755224573,1.029364792559264,1.2136374779672414,True,False,False,4.0,255.0,0.4646276342916356,D_min,sentinel2,
treatment_0006,P09,1.0406654969618674,0.7235582874462164,0.8762522616813598,1.009784135938806,True,False,False,5.0,720.0,0.5183181853399129,D_min,sentinel2,
treatment_0007,P09,1.0250927614892957,0.7112690680167717,0.9443426383339529,1.0033809431371008,True,False,False,5.0,315.0,0.2979405750007121,D_min,sentinel2,
treatment_0008,P09,0.7952198309635345,0.7082593218668848,0.8392384043775168,1.0217836785936807,True,True,True,5.0,145.0,0.37746650490986683,D_min,sentinel2,
treatment_0009,P09,0.8111496056543714,0.6690247358742564,0.8436253654515877,0.9389502567626846,True,True,True,5.0,435.0,0.3051236479843649,D_min,sentinel2,
treatment_0010,P09,0.9707237151551525,0.8808192182334251,1.2331285658638205,1.0021575272175152,True,True,True,5.0,385.0,0.27155504216221266,D_min,sentinel2,
treatment_0001,P10,0.9716822144471425,0.8019468433007352,1.0457790758149537,1.020245236724154,True,True,True,5.0,250.0,0.2661418861704112,D_min,sentinel2,
treatment_0002,P10,0.9309879582816949,0.886136132546795,1.0340431038528994,0.9940562708316731,True,True,True,4.0,325.0,0.3702750194308286,D_min,sentinel2,
treatment_0003,P10,0.7354089944146359,0.6820147419021297,0.8391738164959586,0.7550396823656126,True,True,True,5.0,495.0,0.41826519289400715,D_min,sentinel2,
treatment_0004,P10,1.0126728052548009,1.1045789734305986,0.9322832631966691,1.084202790984187,True,False,True,3.0,250.0,0.4496788896831725,D_min,sentinel2,
treatment_0005,P10,0.8578152717450886,1.0119860902842943,0.936247180489791,0.9824357620159481,True,True,True,4.0,255.0,0.4333889143950957,D_min,sentinel2,
treatment_0006,P10,0.8297988649416077,0.7550208944024009,0.8605805519421318,0.8527925137160318,True,True,True,5.0,720.0,0.4942586837023181,D_min,sentinel2,
treatment_0007,P10,0.8780686023070144,0.7431358616511837,0.9633754687188856,0.8938078552232639,True,True,True,5.0,315.0,0.3045138219462372,D_min,sentinel2,
treatment_0008,P10,0.8629496749602583,0.710630786676588,0.9888173840273378,0.9983176375696999,True,True,True,5.0,145.0,0.4013391234143071,D_min,sentinel2,
treatment_0009,P10,1.0649276032783603,0.6772149879849814,1.043998861193923,1.0766228910183493,False,False,True,5.0,435.0,0.31248281813808654,D_min,sentinel2,
treatment_0010,P10,0.8820343330957804,0.882647067184041,1.0863344264162793,1.0237411564073884,True,True,True,5.0,385.0,0.2821464185459491,D_min,sentinel2,
treatment_0001,P09,1.0164085473611593,0.7897688723375138,1.0021065123427781,1.1652300195199412,True,False,True,5.0,260.0,0.2637460398139043,D_full,sentinel2,
treatment_0002,P09,1.0921236410498965,0.8994853641343536,1.0425412588431828,1.256569487241876,True,False,True,4.0,300.0,0.4290867410239833,D_full,sentinel2,
treatment_0003,P09,0.760457633335276,0.6914384753626686,0.7433654977690758,0.8445532013074577,True,False,True,5.0,490.0,0.3655622344729859,D_full,sentinel2,
treatment_0004,P09,1.3489136623898648,1.0977804870975614,1.2042782676632835,1.5246007484207744,True,False,True,3.0,245.0,0.4679829114282115,D_full,sentinel2,
treatment_0005,P09,1.2100270788715621,0.9397256339411887,1.029364792559264,1.2318698047028065,True,False,True,4.0,225.0,0.4354196443289513,D_full,sentinel2,
treatment_0006,P09,1.0705287143111273,0.7652518854477187,0.8762522616813598,1.0518069822581662,True,False,False,5.0,725.0,0.5148582685173676,D_full,sentinel2,
treatment_0007,P09,1.047101547861525,0.6564606499200185,0.9443426383339529,1.015897123668445,False,False,False,5.0,365.0,0.35177016875054057,D_full,sentinel2,
treatment_0008,P09,0.8908871572341007,0.6944963297250146,0.8392384043775168,1.0034934570075904,True,False,True,5.0,120.0,0.4153088751695546,D_full,sentinel2,
treatment_0009,P09,0.8380158578317162,0.6647545075171667,0.8436253654515877,0.9644479479728268,True,True,True,5.0,465.0,0.3044913799428481,D_full,sentinel2,
treatment_0010,P09,0.9916886461079345,0.9117740632464358,1.2331285658638205,1.0058925308282693,True,True,True,5.0,385.0,0.2912196876328295,D_full,sentinel2,
treatment_0001,P10,1.0921834553163412,0.8068266995226815,1.0457790758149537,1.1075570366271899,True,False,True,5.0,260.0,0.28054517562117515,D_full,sentinel2,
treatment_0002,P10,0.9557822547530903,0.9131391928628245,1.0340431038528994,1.0070853202347783,True,True,True,4.0,300.0,0.4129907551960336,D_full,sentinel2,
treatment_0003,P10,0.7491331892946749,0.689847265645934,0.8391738164959586,0.7906846439979176,True,True,True,5.0,490.0,0.38526423195602066,D_full,sentinel2,
treatment_0004,P10,1.1722181995671443,1.1184441795607825,0.9322832631966691,1.2564407055428193,True,False,True,3.0,245.0,0.4443240415053574,D_full,sentinel2,
treatment_0005,P10,0.9651289904931084,0.9624401378500195,0.936247180489791,1.0299136196736263,True,False,True,4.0,225.0,0.4143746315534938,D_full,sentinel2,
treatment_0006,P10,0.8736299802934452,0.7947040261721374,0.8605805519421318,0.9242525624699668,True,False,True,5.0,725.0,0.4932862272723155,D_full,sentinel2,
treatment_0007,P10,0.9190465121994404,0.7013550133291858,0.9633754687188856,0.969011190122891,True,True,True,5.0,365.0,0.3420383865438514,D_full,sentinel2,
treatment_0008,P10,0.9222960871671807,0.710451757555201,0.9888173840273378,1.067143586702237,True,True,True,5.0,120.0,0.40272272611501686,D_full,sentinel2,
treatment_0009,P10,1.0885758936039973,0.6777988240264516,1.043998861193923,1.0711088965672477,False,False,False,5.0,465.0,0.3050132502489977,D_full,sentinel2,
treatment_0010,P10,0.9437706881624536,0.9127753410531269,1.0863344264162793,1.0446824388215268,True,True,True,5.0,385.0,0.28017751820017994,D_full,sentinel2,
treatment_0001,P09,1.0261602967537986,0.7960929796236541,1.0021065123427781,1.121282384882002,True,False,True,5.0,255.0,0.30019533686769506,E,sentinel2,
treatment_0002,P09,1.072165650241547,0.9000502577752992,1.0425412588431828,1.1904444473661753,True,False,True,4.0,300.0,0.4157540743306334,E,sentinel2,
treatment_0003,P09,0.7462261098014024,0.6931556950896357,0.7433654977690758,0.8580794410690941,True,False,True,5.0,495.0,0.37658905878270726,E,sentinel2,
treatment_0004,P09,1.3143704077219815,1.1026623579374404,1.2042782676632835,1.5496940453080101,True,False,True,3.0,250.0,0.4641854954234626,E,sentinel2,
treatment_0005,P09,1.2659655864738792,0.942477560302115,1.029364792559264,1.215028366952901,True,False,False,4.0,225.0,0.44584852332468955,E,sentinel2,
treatment_0006,P09,1.061439889540997,0.7666743971007441,0.8762522616813598,1.0560876568665623,True,False,False,5.0,725.0,0.5171123808369202,E,sentinel2,
treatment_0007,P09,1.0348825016115015,0.6529660324750446,0.9443426383339529,1.0120900150723864,False,False,False,5.0,375.0,0.34980491735109404,E,sentinel2,
treatment_0008,P09,0.8652378872349581,0.6909185441941896,0.8392384043775168,1.0059576653209683,True,False,True,5.0,120.0,0.4039516553873696,E,sentinel2,
treatment_0009,P09,0.8483639419672369,0.6655966331786252,0.8436253654515877,0.9685775670444956,True,False,True,5.0,465.0,0.3124473422655699,E,sentinel2,
treatment_0010,P09,1.0028056638416014,0.912967286989927,1.2331285658638205,1.0077938016861478,True,True,True,5.0,385.0,0.2863033797414452,E,sentinel2,
treatment_0001,P10,1.057320777544826,0.8135234903677633,1.0457790758149537,1.112842538645099,True,False,True,5.0,255.0,0.31430160830920434,E,sentinel2,
treatment_0002,P10,0.9658622729299813,0.9109292722275927,1.0340431038528994,1.022149377625328,True,True,True,4.0,300.0,0.39250102616660665,E,sentinel2,
treatment_0003,P10,0.7498256193462783,0.6901607633572221,0.8391738164959586,0.7900017675697707,True,True,True,5.0,495.0,0.3947722037835925,E,sentinel2,
treatment_0004,P10,1.1565302542813993,1.1183902652647835,0.9322832631966691,1.2714286493999167,True,False,True,3.0,250.0,0.4461267158979917,E,sentinel2,
treatment_0005,P10,0.9535119192076994,0.9724199355600868,0.936247180489791,1.0379212559199966,True,False,True,4.0,225.0,0.4252425716353939,E,sentinel2,
treatment_0006,P10,0.8739353233974824,0.7943698717600443,0.8605805519421318,0.9367562015296006,True,False,True,5.0,725.0,0.4971976557723649,E,sentinel2,
treatment_0007,P10,0.9135548626585939,0.6967563945749639,0.9633754687188856,0.9692916967006177,True,True,True,5.0,375.0,0.34790599663193333,E,sentinel2,
treatment_0008,P10,0.8649082187968797,0.7036539457053677,0.9888173840273378,1.04785981553921,True,True,True,5.0,120.0,0.3868250588278678,E,sentinel2,
treatment_0009,P10,1.0879206144920175,0.6801582175547696,1.043998861193923,1.073623440153117,False,False,False,5.0,465.0,0.3068750729681418,E,sentinel2,
treatment_0010,P10,0.9482120013313846,0.9149653038644033,1.0863344264162793,1.031479440096202,True,True,True,5.0,385.0,0.26773269085370566,E,sentinel2,
treatment_0001,P09,0.5901747990715585,0.6280012073961803,0.3607950040522962,0.5921069008391328,True,False,True,5.0,245.0,0.2476017384189396,G_block2_A,sentinel1,
treatment_0002,P09,0.5552279542734432,0.5536378167989496,0.3425990578984891,0.559347227449597,True,False,True,5.0,245.0,0.2545461737603451,G_block2_A,sentinel1,
treatment_0003,P09,0.5782783033422302,0.5872472419179642,0.36902200875696056,0.5784253555558652,True,False,True,5.0,245.0,0.31060424458317204,G_block2_A,sentinel1,
treatment_0004,P09,0.5585980505131328,0.5808735501064303,0.31191832941017217,0.5574327619506316,True,False,False,5.0,245.0,0.2732932495120652,G_block2_A,sentinel1,
treatment_0005,P09,0.5165087538380735,0.5443093603687301,0.3225363180896563,0.5159717677701303,True,False,False,5.0,245.0,0.262123638542143,G_block2_A,sentinel1,
treatment_0006,P09,0.5635144571582078,0.5681664608929853,0.39377999933401764,0.5773411308674525,True,False,True,5.0,245.0,0.30965454408860055,G_block2_A,sentinel1,
treatment_0007,P09,0.6025610542582274,0.5851934084589556,0.28868966407169455,0.6093737802327858,True,False,True,5.0,245.0,0.3119383687908784,G_block2_A,sentinel1,
treatment_0008,P09,0.5291636886046693,0.5510818897850907,0.30823686468979217,0.5451114188606987,True,False,True,5.0,245.0,0.3658878494411519,G_block2_A,sentinel1,
treatment_0009,P09,0.5756768923657336,0.5689139319850229,0.33624602654366587,0.5873814746719879,True,False,True,5.0,245.0,0.31110922383597395,G_block2_A,sentinel1,
treatment_0010,P09,0.5997696208633072,0.6164920855028545,0.343099909467513,0.6110465196867165,True,False,True,5.0,245.0,0.30673623902721586,G_block2_A,sentinel1,
treatment_0001,P10,0.6268136066897724,0.6241131973959877,0.3689615128109344,0.6288789393110009,True,False,True,5.0,245.0,0.24704887132746572,G_block2_A,sentinel1,
treatment_0002,P10,0.5608281773498112,0.5540114482614196,0.36063296212298906,0.5640009857593278,True,False,True,5.0,245.0,0.25536423561878613,G_block2_A,sentinel1,
treatment_0003,P10,0.5873152862643236,0.5864417572440782,0.3768777240459565,0.5908990667133,True,False,True,5.0,245.0,0.30167186154306064,G_block2_A,sentinel1,
treatment_0004,P10,0.5548864864090265,0.5786239624833545,0.3396957650155522,0.5628155460895106,True,False,True,5.0,245.0,0.27241751848313406,G_block2_A,sentinel1,
treatment_0005,P10,0.5290406181008285,0.541463187503718,0.31606675871585554,0.5359947344729648,True,False,True,5.0,245.0,0.2582394168860177,G_block2_A,sentinel1,
treatment_0006,P10,0.5694151818082785,0.5678341170021158,0.3564266510881188,0.578709605009445,True,False,True,5.0,245.0,0.3116615275590533,G_block2_A,sentinel1,
treatment_0007,P10,0.5866498910710725,0.5888544452632661,0.30517892244520584,0.5979256677377055,True,False,True,5.0,245.0,0.3141818026054525,G_block2_A,sentinel1,
treatment_0008,P10,0.5274989093253046,0.5488732536455105,0.3269184549438793,0.5404236930915712,True,False,True,5.0,245.0,0.3668499548328803,G_block2_A,sentinel1,
treatment_0009,P10,0.562367925362256,0.5698177991761981,0.3604419052468382,0.569580305923327,True,False,True,5.0,245.0,0.32230382666425955,G_block2_A,sentinel1,
treatment_0010,P10,0.583406232113018,0.6147868777189596,0.3334259874339808,0.5896096644003272,True,False,True,5.0,245.0,0.320804892220044,G_block2_A,sentinel1,
treatment_0001,P09,0.48240281156022913,0.4501068150644801,0.3607950040522962,0.5127891514317965,True,False,True,5.0,185.0,0.29558184289021205,G_block2_D_min,sentinel1,
treatment_0002,P09,0.4450023930973722,0.4270839005395301,0.3425990578984891,0.5617055515364521,True,False,True,5.0,145.0,0.22274485277718745,G_block2_D_min,sentinel1,
treatment_0003,P09,0.4230231771966928,0.38804135780872967,0.36902200875696056,0.4427672977294438,True,False,True,5.0,200.0,0.23723472099735926,G_block2_D_min,sentinel1,
treatment_0004,P09,0.45084909192771977,0.47929128469612076,0.31191832941017217,0.5182283249908215,True,False,True,3.0,130.0,0.5074029977918171,G_block2_D_min,sentinel1,
treatment_0005,P09,0.42688284028234014,0.42201647790547603,0.3225363180896563,0.461818894573591,True,False,True,4.0,195.0,0.352748823782175,G_block2_D_min,sentinel1,
treatment_0006,P09,0.4424932000678685,0.4199467549082059,0.39377999933401764,0.4513641654056418,True,False,True,5.0,225.0,0.26108660159591807,G_block2_D_min,sentinel1,
treatment_0007,P09,0.4118938259799417,0.3592077501277755,0.28868966407169455,0.4167168082902314,True,False,True,5.0,220.0,0.3544114241150286,G_block2_D_min,sentinel1,
treatment_0008,P09,0.3889753415340755,0.4027616217416819,0.30823686468979217,0.41768830783089156,True,False,True,5.0,155.0,0.23961279120929319,G_block2_D_min,sentinel1,
treatment_0009,P09,0.39088186213737136,0.39181904764177045,0.33624602654366587,0.40395695784239777,True,False,True,5.0,215.0,0.2740360160974339,G_block2_D_min,sentinel1,
treatment_0010,P09,0.41361290278440244,0.41051236572342586,0.343099909467513,0.4312517196975572,True,False,True,5.0,175.0,0.34445102178480325,G_block2_D_min,sentinel1,
treatment_0001,P10,0.48822910050080603,0.4539524010687076,0.3689615128109344,0.5156177234214134,True,False,True,5.0,185.0,0.30014204627932456,G_block2_D_min,sentinel1,
treatment_0002,P10,0.4789170986061466,0.4291447368454707,0.36063296212298906,0.5676315008751815,True,False,True,5.0,145.0,0.22070507639601403,G_block2_D_min,sentinel1,
treatment_0003,P10,0.4271799786961713,0.39215258626466976,0.3768777240459565,0.4368702659144078,True,False,True,5.0,200.0,0.2270782855861789,G_block2_D_min,sentinel1,
treatment_0004,P10,0.463616588088675,0.4763888863272843,0.3396957650155522,0.5195248216639348,True,False,True,3.0,130.0,0.5112610518392791,G_block2_D_min,sentinel1,
treatment_0005,P10,0.4419248283358739,0.42269901200181415,0.31606675871585554,0.44861670255619984,True,False,True,4.0,195.0,0.35681264487135966,G_block2_D_min,sentinel1,
treatment_0006,P10,0.4567008183684129,0.42266286127036407,0.3564266510881188,0.4660637792257097,True,False,True,5.0,225.0,0.26142889585518087,G_block2_D_min,sentinel1,
treatment_0007,P10,0.379521391067358,0.3701294382282615,0.30517892244520584,0.3872118783137219,True,False,True,5.0,220.0,0.34356023223057464,G_block2_D_min,sentinel1,
treatment_0008,P10,0.4300684301469719,0.4012827094709938,0.3269184549438793,0.4325358180615265,True,False,True,5.0,155.0,0.250258981063374,G_block2_D_min,sentinel1,
treatment_0009,P10,0.4138796243467015,0.3918152999574376,0.3604419052468382,0.4149305449273636,True,False,True,5.0,215.0,0.2713215188671896,G_block2_D_min,sentinel1,
treatment_0010,P10,0.42239814003909537,0.4110138730723254,0.3334259874339808,0.43959851810201567,True,False,True,5.0,175.0,0.34299602023741865,G_block2_D_min,sentinel1,
treatment_0001,P09,0.760058491916703,0.6625807176081692,0.7527427599629246,0.786823910228945,True,False,True,5.0,245.0,0.32803858029529476,G_block2_A,sentinel2,
treatment_0002,P09,0.859137002981008,0.6488212020151432,0.7685070939862865,0.8249937198324075,True,False,False,5.0,245.0,0.37199678481319176,G_block2_A,sentinel2,
treatment_0003,P09,0.5894613046271816,0.6043716385125143,0.5466927219320397,0.5763292207561356,True,False,False,5.0,245.0,0.4361652866838324,G_block2_A,sentinel2,
treatment_0004,P09,1.0618429141716172,0.7911186882678964,0.9168762678379663,1.0548740394521408,True,False,False,5.0,245.0,0.5461115591976893,G_block2_A,sentinel2,
treatment_0005,P09,0.862092170558337,0.9242795800308484,0.7220911376217414,0.7373570238528926,True,False,False,5.0,245.0,0.43186563001975004,G_block2_A,sentinel2,
treatment_0006,P09,0.8500210062509186,0.6652115110203667,0.6107162522890321,0.8239346789216263,True,False,False,5.0,245.0,0.5914935382718965,G_block2_A,sentinel2,
treatment_0007,P09,0.7458918437878027,0.5424655630190116,0.6985092188793299,0.7452155696459497,True,False,False,5.0,245.0,0.34667639991634386,G_block2_A,sentinel2,
treatment_0008,P09,0.6706450119518518,0.6721434707293875,0.6086759990671173,0.7024023376166049,True,False,True,5.0,245.0,0.40876430396844604,G_block2_A,sentinel2,
treatment_0009,P09,0.7725281795112647,0.6662496370759291,0.6194376549177791,0.7339125105510542,True,False,False,5.0,245.0,0.3579897066777487,G_block2_A,sentinel2,
treatment_0010,P09,0.6711966911344595,0.8258934249245626,1.079386822578014,0.671173316485359,True,True,False,5.0,245.0,0.42980707280896063,G_block2_A,sentinel2,
treatment_0001,P10,0.9043523292021513,0.6661594544863341,0.7109238557288975,0.9632355122584134,True,False,True,5.0,245.0,0.33366861840387274,G_block2_A,sentinel2,
treatment_0002,P10,0.7705866639638834,0.6683180795524867,0.7382164978939566,0.7421525897525769,True,False,False,5.0,245.0,0.3766238744746654,G_block2_A,sentinel2,
treatment_0003,P10,0.5342417485577833,0.5941934054570956,0.6032482694872205,0.5172896750819985,True,True,False,5.0,245.0,0.4461125361414092,G_block2_A,sentinel2,
treatment_0004,P10,0.9155513983925646,0.814841764231648,0.619912919078245,0.9265342194024285,True,False,True,5.0,245.0,0.5248791937169227,G_block2_A,sentinel2,
treatment_0005,P10,0.942913234264328,0.9040695727698325,0.6506766870857597,0.9010041561476524,True,False,False,5.0,245.0,0.37936051121919706,G_block2_A,sentinel2,
treatment_0006,P10,0.779313776068538,0.6794091225811341,0.6160031537690432,0.7332308999930636,True,False,False,5.0,245.0,0.5818766951408454,G_block2_A,sentinel2,
treatment_0007,P10,0.6692113365650583,0.5611229777831588,0.7261994429279314,0.6708102818825411,True,True,True,5.0,245.0,0.3442431942682424,G_block2_A,sentinel2,
treatment_0008,P10,0.8349513726683417,0.6626249066490266,0.6826795035273139,0.8393058494481997,True,False,True,5.0,245.0,0.4447288950001324,G_block2_A,sentinel2,
treatment_0009,P10,0.858813915415901,0.6698511814663143,0.7014113398817261,0.8331161148732829,True,False,False,5.0,245.0,0.3204502494485219,G_block2_A,sentinel2,
treatment_0010,P10,0.8283567258853549,0.802527403219837,0.6708939945065724,0.8491381571034116,True,False,True,5.0,245.0,0.4089197036012084,G_block2_A,sentinel2,
treatment_0001,P09,0.6928736474264521,0.5684688265320248,0.7527427599629246,0.7327482640480806,True,True,True,5.0,170.0,0.306995122457878,G_block2_D_min,sentinel2,
treatment_0002,P09,0.8316572691277536,0.696936870808967,0.7685070939862865,0.8931735055658411,True,False,True,4.0,140.0,0.3576713449503545,G_block2_D_min,sentinel2,
treatment_0003,P09,0.43110831382790077,0.5372065775771989,0.5466927219320397,0.4799526285771272,True,True,True,5.0,195.0,0.4795310182152275,G_block2_D_min,sentinel2,
treatment_0004,P09,1.0669430866019523,0.8950962587315697,0.9168762678379663,1.2515122225882476,True,False,True,3.0,120.0,0.49608716762307103,G_block2_D_min,sentinel2,
treatment_0005,P09,0.8868602687501695,0.8413848909904885,0.7220911376217414,0.8276763525306289,True,False,False,4.0,170.0,0.5028739629650335,G_block2_D_min,sentinel2,
treatment_0006,P09,0.7128418052498346,0.5260309336026041,0.6107162522890321,0.7206619408165449,True,False,True,5.0,220.0,0.6068258761399774,G_block2_D_min,sentinel2,
treatment_0007,P09,0.6890454178609997,0.4774505859863071,0.6985092188793299,0.6904834820952149,True,True,True,5.0,230.0,0.5131728234930123,G_block2_D_min,sentinel2,
treatment_0008,P09,0.6077087932522075,0.5733885205960532,0.6086759990671173,0.7003529789804257,True,True,True,5.0,155.0,0.40928470353253665,G_block2_D_min,sentinel2,
treatment_0009,P09,0.5952937653534068,0.5463712774779236,0.6194376549177791,0.5781354623513444,True,True,False,5.0,195.0,0.3344530706652255,G_block2_D_min,sentinel2,
treatment_0010,P09,0.7437425196355687,0.7581332619421356,1.079386822578014,0.7638268962423623,True,True,True,5.0,160.0,0.39860577219233995,G_block2_D_min,sentinel2,
treatment_0001,P10,0.6433144308860568,0.5755583211879652,0.7109238557288975,0.6494225913263315,True,True,True,5.0,170.0,0.3183016377953753,G_block2_D_min,sentinel2,
treatment_0002,P10,0.6004066594816246,0.7069014219053479,0.7382164978939566,0.6003359693008993,True,True,False,4.0,140.0,0.37959806958393655,G_block2_D_min,sentinel2,
treatment_0003,P10,0.3943336981352729,0.5198687350372535,0.6032482694872205,0.3868978199411478,True,True,False,5.0,195.0,0.4964082020800832,G_block2_D_min,sentinel2,
treatment_0004,P10,0.7150139065866701,0.9093997996786816,0.619912919078245,0.748320238667109,True,False,True,3.0,120.0,0.4888947401620538,G_block2_D_min,sentinel2,
treatment_0005,P10,0.5825277316363521,0.8363278188053669,0.6506766870857597,0.6247451779276522,True,True,True,4.0,170.0,0.4722883294248268,G_block2_D_min,sentinel2,
treatment_0006,P10,0.5677744002098845,0.5428469561972898,0.6160031537690432,0.542462327155706,True,True,False,5.0,220.0,0.5948554196380028,G_block2_D_min,sentinel2,
treatment_0007,P10,0.5177664176657953,0.4987594594372485,0.7261994429279314,0.5284792202277172,True,True,True,5.0,230.0,0.5128003763552929,G_block2_D_min,sentinel2,
treatment_0008,P10,0.5897714538238031,0.5703812133195711,0.6826795035273139,0.6799278973854326,True,True,True,5.0,155.0,0.451430758266071,G_block2_D_min,sentinel2,
treatment_0009,P10,0.6560378775352719,0.5449748781361181,0.7014113398817261,0.6827794518787679,True,True,True,5.0,195.0,0.31162847132317884,G_block2_D_min,sentinel2,
treatment_0010,P10,0.6251911275831837,0.7492040447352118,0.6708939945065724,0.6578674628541383,True,True,True,5.0,160.0,0.3626620785451274,G_block2_D_min,sentinel2,
treatment_0001,P09,0.8710133151241829,0.7008496615350555,0.7330067786741923,,True,False,,,,,P_K10,sentinel1,192.0
treatment_0002,P09,0.8015502643982718,0.6323184766284262,0.7213942690743355,,True,False,,,,,P_K10,sentinel1,194.0
treatment_0003,P09,0.8264103454552558,0.6567631410682317,0.743235322796114,,True,False,,,,,P_K10,sentinel1,196.0
treatment_0004,P09,0.7631136157359792,0.6648584296647383,0.6488096654148676,,True,False,,,,,P_K10,sentinel1,194.0
treatment_0005,P09,0.7628045926461935,0.6327844803953228,0.6642415369921404,,True,False,,,,,P_K10,sentinel1,194.0
treatment_0006,P09,0.8660023694706601,0.688281720151308,0.7774994322144978,,True,False,,,,,P_K10,sentinel1,194.0
treatment_0007,P09,0.7234720255219871,0.48157925879178,0.5847053290131708,,False,False,,,,,P_K10,sentinel1,196.0
treatment_0008,P09,0.7431970897141814,0.5994588487405296,0.6428506730655584,,True,False,,,,,P_K10,sentinel1,196.0
treatment_0009,P09,0.7556041748902147,0.6230367458021029,0.663050711366829,,True,False,,,,,P_K10,sentinel1,196.0
treatment_0010,P09,0.7391150897870422,0.6193849965940526,0.6567508396324037,,True,False,,,,,P_K10,sentinel1,194.0
treatment_0001,P10,0.8695130139669508,0.712840250839398,0.7227511443444575,,True,False,,,,,P_K10,sentinel1,192.0
treatment_0002,P10,0.8405186277345832,0.644045859815463,0.7263415509992999,,True,False,,,,,P_K10,sentinel1,194.0
treatment_0003,P10,0.8404559195651764,0.6688779020145806,0.7499124797055267,,True,False,,,,,P_K10,sentinel1,196.0
treatment_0004,P10,0.7534416269269937,0.6692985186968613,0.6435291050464366,,True,False,,,,,P_K10,sentinel1,194.0
treatment_0005,P10,0.7312224662226997,0.6416615715795259,0.6310361403163858,,True,False,,,,,P_K10,sentinel1,194.0
treatment_0006,P10,0.9091187798175845,0.700749337925578,0.7707126846653085,,True,False,,,,,P_K10,sentinel1,194.0
treatment_0007,P10,0.7210532302892161,0.5092559531495329,0.5941330248592782,,True,False,,,,,P_K10,sentinel1,196.0
treatment_0008,P10,0.7538630198077467,0.6099192479262422,0.6646255426320433,,True,False,,,,,P_K10,sentinel1,196.0
treatment_0009,P10,0.7626836517800787,0.6314815535096976,0.6793752218779436,,True,False,,,,,P_K10,sentinel1,196.0
treatment_0010,P10,0.7739115879616186,0.6272601685448908,0.6669206069308439,,True,False,,,,,P_K10,sentinel1,194.0
treatment_0001,P09,0.854078907545235,0.7248327158033823,0.7330067786741923,,True,False,,,,,P_K10_ridge1,sentinel1,192.0
treatment_0002,P09,0.779464790888761,0.6565272888856243,0.7213942690743355,,True,False,,,,,P_K10_ridge1,sentinel1,194.0
treatment_0003,P09,0.7970311277211858,0.682680159061538,0.743235322796114,,True,False,,,,,P_K10_ridge1,sentinel1,196.0
treatment_0004,P09,0.7446177165291652,0.6907618502768265,0.6488096654148676,,True,False,,,,,P_K10_ridge1,sentinel1,194.0
treatment_0005,P09,0.7487061952280396,0.6589027426113652,0.6642415369921404,,True,False,,,,,P_K10_ridge1,sentinel1,194.0
treatment_0006,P09,0.835310067749026,0.7118076839382131,0.7774994322144978,,True,False,,,,,P_K10_ridge1,sentinel1,194.0
treatment_0007,P09,0.683119992238405,0.5236711213445889,0.5847053290131708,,True,False,,,,,P_K10_ridge1,sentinel1,196.0
treatment_0008,P09,0.7196449134715682,0.6254339696786699,0.6428506730655584,,True,False,,,,,P_K10_ridge1,sentinel1,196.0
treatment_0009,P09,0.744086203043106,0.6504991936466415,0.663050711366829,,True,False,,,,,P_K10_ridge1,sentinel1,196.0
treatment_0010,P09,0.7234193601660662,0.6463895349668256,0.6567508396324037,,True,False,,,,,P_K10_ridge1,sentinel1,194.0
treatment_0001,P10,0.8412594391214746,0.7360258487349298,0.7227511443444575,,True,False,,,,,P_K10_ridge1,sentinel1,192.0
treatment_0002,P10,0.8181339531432076,0.6671146570351681,0.7263415509992999,,True,False,,,,,P_K10_ridge1,sentinel1,194.0
treatment_0003,P10,0.8064984390163522,0.6931936543800984,0.7499124797055267,,True,False,,,,,P_K10_ridge1,sentinel1,196.0
treatment_0004,P10,0.7487632742451739,0.6943676346574981,0.6435291050464366,,True,False,,,,,P_K10_ridge1,sentinel1,194.0
treatment_0005,P10,0.7254345986249402,0.6670846659512547,0.6310361403163858,,True,False,,,,,P_K10_ridge1,sentinel1,194.0
treatment_0006,P10,0.8826677659648683,0.7226769706923754,0.7707126846653085,,True,False,,,,,P_K10_ridge1,sentinel1,194.0
treatment_0007,P10,0.6790163516648786,0.5468603018109632,0.5941330248592782,,True,False,,,,,P_K10_ridge1,sentinel1,196.0
treatment_0008,P10,0.7355590359077967,0.6345130777350578,0.6646255426320433,,True,False,,,,,P_K10_ridge1,sentinel1,196.0
treatment_0009,P10,0.7348964811911769,0.6582673851041937,0.6793752218779436,,True,False,,,,,P_K10_ridge1,sentinel1,196.0
treatment_0010,P10,0.7450021531552188,0.6530631379529941,0.6669206069308439,,True,False,,,,,P_K10_ridge1,sentinel1,194.0
treatment_0001,P09,1.081777365838027,0.6812889057787168,1.0021065123427781,,False,False,,,,,P_K10,sentinel2,192.0
treatment_0002,P09,1.1437716156997504,0.7616358062746476,1.0425412588431828,,False,False,,,,,P_K10,sentinel2,112.0
treatment_0003,P09,0.7282971660263873,0.6599023703381681,0.7433654977690758,,True,True,,,,,P_K10,sentinel2,196.0
treatment_0004,P09,1.4657051672850991,0.951517414084095,1.2042782676632835,,False,False,,,,,P_K10,sentinel2,191.0
treatment_0005,P09,1.1447675509074882,0.9010316763116747,1.029364792559264,,True,False,,,,,P_K10,sentinel2,183.0
treatment_0006,P09,1.1131294883079605,0.721810329924481,0.8762522616813598,,False,False,,,,,P_K10,sentinel2,194.0
treatment_0007,P09,0.9947706072782033,0.5711808392573636,0.9443426383339529,,False,False,,,,,P_K10,sentinel2,195.0
treatment_0008,P09,0.9715663955018792,0.6072807082102115,0.8392384043775168,,False,False,,,,,P_K10,sentinel2,193.0
treatment_0009,P09,0.9387448098614922,0.6838834909068987,0.8436253654515877,,True,False,,,,,P_K10,sentinel2,185.0
treatment_0010,P09,0.948382703058521,0.8491775119402167,1.2331285658638205,,True,True,,,,,P_K10,sentinel2,157.0
treatment_0001,P10,0.9385789746182397,0.7092481788403195,1.0457790758149537,,True,True,,,,,P_K10,sentinel2,192.0
treatment_0002,P10,0.8825568509528826,0.7894927238291214,1.0340431038528994,,True,True,,,,,P_K10,sentinel2,112.0
treatment_0003,P10,0.7301698142505969,0.6506559816695897,0.8391738164959586,,True,True,,,,,P_K10,sentinel2,196.0
treatment_0004,P10,0.9893000392407928,0.9936528582562006,0.9322832631966691,,True,False,,,,,P_K10,sentinel2,191.0
treatment_0005,P10,0.9311214945838084,0.9068904768663668,0.936247180489791,,True,True,,,,,P_K10,sentinel2,183.0
treatment_0006,P10,0.8049599407458,0.7445656764775901,0.8605805519421318,,True,True,,,,,P_K10,sentinel2,194.0
treatment_0007,P10,0.7664429765450353,0.6039833424434993,0.9633754687188856,,True,True,,,,,P_K10,sentinel2,195.0
treatment_0008,P10,0.9405880857582831,0.6275750098021718,0.9888173840273378,,True,True,,,,,P_K10,sentinel2,193.0
treatment_0009,P10,1.06565326392386,0.6926972122486134,1.043998861193923,,False,False,,,,,P_K10,sentinel2,185.0
treatment_0010,P10,0.9383164764494889,0.8362379346538608,1.0863344264162793,,True,True,,,,,P_K10,sentinel2,157.0
treatment_0001,P09,1.0494265175238557,0.7122530102328839,1.0021065123427781,,True,False,,,,,P_K10_ridge1,sentinel2,192.0
treatment_0002,P09,1.1238992671379229,0.7885585451865061,1.0425412588431828,,True,False,,,,,P_K10_ridge1,sentinel2,112.0
treatment_0003,P09,0.6939031953960348,0.6943832023834909,0.7433654977690758,,True,True,,,,,P_K10_ridge1,sentinel2,196.0
treatment_0004,P09,1.4386880528309356,0.9740524407301057,1.2042782676632835,,True,False,,,,,P_K10_ridge1,sentinel2,191.0
treatment_0005,P09,1.1096534630937933,0.9272633743183303,1.029364792559264,,True,False,,,,,P_K10_ridge1,sentinel2,183.0
treatment_0006,P09,1.0265911039157487,0.757058692335825,0.8762522616813598,,True,False,,,,,P_K10_ridge1,sentinel2,194.0
treatment_0007,P09,0.9441344999951171,0.6065465711371821,0.9443426383339529,,False,True,,,,,P_K10_ridge1,sentinel2,195.0
treatment_0008,P09,0.9208345293581174,0.6391444843888834,0.8392384043775168,,True,False,,,,,P_K10_ridge1,sentinel2,193.0
treatment_0009,P09,0.8802900635111338,0.7118286106980827,0.8436253654515877,,True,False,,,,,P_K10_ridge1,sentinel2,185.0
treatment_0010,P09,0.8810092333368298,0.8769798085871635,1.2331285658638205,,True,True,,,,,P_K10_ridge1,sentinel2,157.0
treatment_0001,P10,0.9178245701794414,0.738924690089571,1.0457790758149537,,True,True,,,,,P_K10_ridge1,sentinel2,192.0
treatment_0002,P10,0.8601382549169975,0.8161647976934123,1.0340431038528994,,True,True,,,,,P_K10_ridge1,sentinel2,112.0
treatment_0003,P10,0.6998204639137037,0.6835094286520457,0.8391738164959586,,True,True,,,,,P_K10_ridge1,sentinel2,196.0
treatment_0004,P10,0.9362374392792929,1.015263378228103,0.9322832631966691,,True,False,,,,,P_K10_ridge1,sentinel2,191.0
treatment_0005,P10,0.8618498376453758,0.932343250886259,0.936247180489791,,True,True,,,,,P_K10_ridge1,sentinel2,183.0
treatment_0006,P10,0.7985282273677227,0.7765541401665471,0.8605805519421318,,True,True,,,,,P_K10_ridge1,sentinel2,194.0
treatment_0007,P10,0.7451286574977772,0.6363970292560734,0.9633754687188856,,True,True,,,,,P_K10_ridge1,sentinel2,195.0
treatment_0008,P10,0.9224218011722611,0.6564070254149541,0.9888173840273378,,True,True,,,,,P_K10_ridge1,sentinel2,193.0
treatment_0009,P10,1.0387409034958133,0.718226875452266,1.043998861193923,,True,True,,,,,P_K10_ridge1,sentinel2,185.0
treatment_0010,P10,0.9097929560733351,0.8619339687915498,1.0863344264162793,,True,True,,,,,P_K10_ridge1,sentinel2,157.0
