label,repr,period,treatment_site_id,group,rank,n_units,p_site,treated_magnitude,max_control_magnitude,sensor
unmasked,chip_mean,P11,treatment_0001,1,4,6,0.6666666666666666,0.0753308063958382,0.170437339603561,
unmasked,chip_mean,P11,treatment_0002,2,1,6,0.16666666666666666,0.130218640283169,0.114246640531409,
unmasked,chip_mean,P11,treatment_0003,3,3,6,0.5,0.0397620969125446,0.071055924474438,
unmasked,chip_mean,P11,treatment_0004,4,2,6,0.3333333333333333,0.132229683709092,0.134661385934722,
unmasked,chip_mean,P11,treatment_0005,5,1,6,0.16666666666666666,0.183591155380169,0.139183891772741,
unmasked,chip_mean,P11,treatment_0006,6,2,6,0.3333333333333333,0.125574264085172,0.140592069947802,
unmasked,chip_mean,P11,treatment_0007,7,4,6,0.6666666666666666,0.0834134959190915,0.16733510463816,
unmasked,chip_mean,P11,treatment_0008,8,3,6,0.5,0.104235224187862,0.127085812332336,
unmasked,chip_mean,P11,treatment_0009,9,3,6,0.5,0.109905043219305,0.155103483136548,
unmasked,chip_mean,P11,treatment_0010,10,3,6,0.5,0.107073640885491,0.117542369194905,
masked,chip_mean,P11,treatment_0001,1,3,6,0.5,0.0729734773903244,0.170686709244797,
masked,chip_mean,P11,treatment_0002,2,2,6,0.3333333333333333,0.0974139519894333,0.116287030605104,
masked,chip_mean,P11,treatment_0003,3,3,6,0.5,0.045460019629754,0.0698541619917437,
masked,chip_mean,P11,treatment_0004,4,3,6,0.5,0.123558823662304,0.127568447337322,
masked,chip_mean,P11,treatment_0005,5,1,6,0.16666666666666666,0.159752853312016,0.148488951918524,
masked,chip_mean,P11,treatment_0006,6,2,6,0.3333333333333333,0.113320558794958,0.14059207126442,
masked,chip_mean,P11,treatment_0007,7,4,6,0.6666666666666666,0.0776457276177467,0.15982468531783,
masked,chip_mean,P11,treatment_0008,8,2,6,0.3333333333333333,0.11766781455755,0.137876387693277,
masked,chip_mean,P11,treatment_0009,9,3,6,0.5,0.106078778262723,0.153991527777802,
masked,chip_mean,P11,treatment_0010,10,1,6,0.16666666666666666,0.118613032452844,0.113132257776024,
maskdrop,chip_mean,P11,treatment_0001,1,3,6,0.5,0.0708053454378288,0.127209201472679,sentinel2
maskdrop,chip_mean,P11,treatment_0002,2,2,6,0.3333333333333333,0.0756621030182747,0.0783863560078584,sentinel2
maskdrop,chip_mean,P11,treatment_0003,3,2,6,0.3333333333333333,0.0574692082379222,0.0969113664764533,sentinel2
maskdrop,chip_mean,P11,treatment_0004,4,5,6,0.8333333333333334,0.0693365432294789,0.0970861566202548,sentinel2
maskdrop,chip_mean,P11,treatment_0005,5,5,6,0.8333333333333334,0.0600308031851499,0.126927761976789,sentinel2
maskdrop,chip_mean,P11,treatment_0006,6,6,6,1.0,0.0191194380805015,0.081456274041828,sentinel2
maskdrop,chip_mean,P11,treatment_0007,7,1,6,0.16666666666666666,0.165024627141628,0.134113344351902,sentinel2
maskdrop,chip_mean,P11,treatment_0008,8,1,6,0.16666666666666666,0.0951792199730342,0.0801479954829825,sentinel2
maskdrop,chip_mean,P11,treatment_0009,9,4,6,0.6666666666666666,0.075494581514085,0.15882722969099,sentinel2
maskdrop,chip_mean,P11,treatment_0010,10,3,6,0.5,0.0869265869253093,0.105324803034271,sentinel2
unmasked,quantile,P11,treatment_0001,1,4,6,0.6666666666666666,0.68507464936545,1.16561029821853,
unmasked,quantile,P11,treatment_0002,2,1,6,0.16666666666666666,0.941848689231923,0.9076936350257,
unmasked,quantile,P11,treatment_0003,3,2,6,0.3333333333333333,0.663099853413075,0.7320978819107,
unmasked,quantile,P11,treatment_0004,4,3,6,0.5,0.79556386414491,1.03587699560572,
unmasked,quantile,P11,treatment_0005,5,1,6,0.16666666666666666,1.12820278337301,1.00353933402362,
unmasked,quantile,P11,treatment_0006,6,2,6,0.3333333333333333,0.886319412320326,1.00102361232444,
unmasked,quantile,P11,treatment_0007,7,4,6,0.6666666666666666,0.779398745326703,1.03036441301913,
unmasked,quantile,P11,treatment_0008,8,3,6,0.5,0.794273311414346,0.899209851756552,
unmasked,quantile,P11,treatment_0009,9,3,6,0.5,0.932563582061618,1.11892438222891,
unmasked,quantile,P11,treatment_0010,10,4,6,0.6666666666666666,0.761633344822042,0.946482104085781,
masked,quantile,P11,treatment_0001,1,4,6,0.6666666666666666,0.695370772773168,1.1845738139883,
masked,quantile,P11,treatment_0002,2,2,6,0.3333333333333333,0.767673708844525,0.925652224951782,
masked,quantile,P11,treatment_0003,3,2,6,0.3333333333333333,0.659648444959007,0.73545689214348,
masked,quantile,P11,treatment_0004,4,3,6,0.5,0.757979903469561,0.983568722482271,
masked,quantile,P11,treatment_0005,5,1,6,0.16666666666666666,1.10926417016614,1.05550939990484,
masked,quantile,P11,treatment_0006,6,2,6,0.3333333333333333,0.835657660364692,0.942993404872917,
masked,quantile,P11,treatment_0007,7,3,6,0.5,0.786717854418839,1.0025777383455,
masked,quantile,P11,treatment_0008,8,2,6,0.3333333333333333,0.871430438298306,0.913329252881919,
masked,quantile,P11,treatment_0009,9,3,6,0.5,0.930586358373926,1.09241573752218,
masked,quantile,P11,treatment_0010,10,4,6,0.6666666666666666,0.760215271146478,0.922253073070819,
maskdrop,quantile,P11,treatment_0001,1,4,6,0.6666666666666666,0.730561221096586,1.06161414363624,sentinel2
maskdrop,quantile,P11,treatment_0002,2,2,6,0.3333333333333333,0.698707139675112,0.701239579514885,sentinel2
maskdrop,quantile,P11,treatment_0003,3,1,6,0.16666666666666666,0.684753337247407,0.671015372122755,sentinel2
maskdrop,quantile,P11,treatment_0004,4,5,6,0.8333333333333334,0.60755222697567,0.842840628327082,sentinel2
maskdrop,quantile,P11,treatment_0005,5,4,6,0.6666666666666666,0.769686937297047,1.02522438452472,sentinel2
maskdrop,quantile,P11,treatment_0006,6,3,6,0.5,0.746767651688496,0.927095117123546,sentinel2
maskdrop,quantile,P11,treatment_0007,7,2,6,0.3333333333333333,0.894753982008788,0.905761100554568,sentinel2
maskdrop,quantile,P11,treatment_0008,8,1,6,0.16666666666666666,0.793131566770555,0.744851135966191,sentinel2
maskdrop,quantile,P11,treatment_0009,9,4,6,0.6666666666666666,0.698176941134314,1.1375637324069,sentinel2
maskdrop,quantile,P11,treatment_0010,10,4,6,0.6666666666666666,0.733048125409882,0.919200123849986,sentinel2
unmasked,gram,P11,treatment_0001,1,4,6,0.6666666666666666,0.137043403287735,0.309134755504895,
unmasked,gram,P11,treatment_0002,2,1,6,0.16666666666666666,0.22671135520254,0.191348669150299,
unmasked,gram,P11,treatment_0003,3,3,6,0.5,0.0931972300500391,0.118465549834896,
unmasked,gram,P11,treatment_0004,4,1,6,0.16666666666666666,0.253296090384934,0.243546275332157,
unmasked,gram,P11,treatment_0005,5,1,6,0.16666666666666666,0.281162197877587,0.237539149198907,
unmasked,gram,P11,treatment_0006,6,2,6,0.3333333333333333,0.263496614872652,0.323171395733598,
unmasked,gram,P11,treatment_0007,7,4,6,0.6666666666666666,0.181110644388276,0.327430013062362,
unmasked,gram,P11,treatment_0008,8,3,6,0.5,0.163520674986849,0.27503874025966,
unmasked,gram,P11,treatment_0009,9,3,6,0.5,0.167708796454429,0.29039042963765,
unmasked,gram,P11,treatment_0010,10,3,6,0.5,0.185123692402979,0.244671442051178,
masked,gram,P11,treatment_0001,1,4,6,0.6666666666666666,0.123258989080381,0.311859517342124,
masked,gram,P11,treatment_0002,2,2,6,0.3333333333333333,0.186075352023513,0.195002680344271,
masked,gram,P11,treatment_0003,3,3,6,0.5,0.102838375464435,0.136636387905924,
masked,gram,P11,treatment_0004,4,1,6,0.16666666666666666,0.215357263091162,0.212385596615158,
masked,gram,P11,treatment_0005,5,1,6,0.16666666666666666,0.286277561411863,0.267374240633094,
masked,gram,P11,treatment_0006,6,2,6,0.3333333333333333,0.238157445276074,0.323171380717161,
masked,gram,P11,treatment_0007,7,5,6,0.8333333333333334,0.16421654892414,0.310665030454464,
masked,gram,P11,treatment_0008,8,3,6,0.5,0.193946974990093,0.263364339305906,
masked,gram,P11,treatment_0009,9,3,6,0.5,0.15662161992223,0.278612704315897,
masked,gram,P11,treatment_0010,10,2,6,0.3333333333333333,0.220039531922471,0.240978581645996,
maskdrop,gram,P11,treatment_0001,1,3,6,0.5,0.139381484219865,0.241653451264413,sentinel2
maskdrop,gram,P11,treatment_0002,2,1,6,0.16666666666666666,0.17007824567426,0.157603832363446,sentinel2
maskdrop,gram,P11,treatment_0003,3,2,6,0.3333333333333333,0.118286318854989,0.184442388035558,sentinel2
maskdrop,gram,P11,treatment_0004,4,5,6,0.8333333333333334,0.133939963666817,0.186588957069015,sentinel2
maskdrop,gram,P11,treatment_0005,5,2,6,0.3333333333333333,0.193490173509338,0.263532625921255,sentinel2
maskdrop,gram,P11,treatment_0006,6,4,6,0.6666666666666666,0.0685727559093642,0.163707011433946,sentinel2
maskdrop,gram,P11,treatment_0007,7,1,6,0.16666666666666666,0.32837416582338,0.264126859875889,sentinel2
maskdrop,gram,P11,treatment_0008,8,1,6,0.16666666666666666,0.17985412895988,0.173022628876448,sentinel2
maskdrop,gram,P11,treatment_0009,9,3,6,0.5,0.143496012812645,0.305541467921756,sentinel2
maskdrop,gram,P11,treatment_0010,10,3,6,0.5,0.175191084064538,0.23946626585816,sentinel2
unmasked,combined,P11,treatment_0001,1,4,6,0.6666666666666666,1.0490929727763,1.83127617376733,
unmasked,combined,P11,treatment_0002,2,1,6,0.16666666666666666,1.47704457233899,1.39228665746348,
unmasked,combined,P11,treatment_0003,3,2,6,0.3333333333333333,0.996461094509695,1.10667530706784,
unmasked,combined,P11,treatment_0004,4,3,6,0.5,1.29755075732172,1.61709713853617,
unmasked,combined,P11,treatment_0005,5,1,6,0.16666666666666666,1.79133269026309,1.56237644665404,
unmasked,combined,P11,treatment_0006,6,2,6,0.3333333333333333,1.41130847465726,1.66109264239632,
unmasked,combined,P11,treatment_0007,7,4,6,0.6666666666666666,1.19524486028868,1.67679529936125,
unmasked,combined,P11,treatment_0008,8,3,6,0.5,1.21975495201522,1.45122850248054,
unmasked,combined,P11,treatment_0009,9,3,6,0.5,1.41944593906385,1.75778440420928,
unmasked,combined,P11,treatment_0010,10,3,6,0.5,1.18232477395415,1.44805646724844,
masked,combined,P11,treatment_0001,1,4,6,0.6666666666666666,1.07693467915141,1.89211061207368,
masked,combined,P11,treatment_0002,2,2,6,0.3333333333333333,1.22465377154663,1.46019643536886,
masked,combined,P11,treatment_0003,3,3,6,0.5,1.00223909313632,1.13511924883072,
masked,combined,P11,treatment_0004,4,3,6,0.5,1.23015544214743,1.53375295003147,
masked,combined,P11,treatment_0005,5,1,6,0.16666666666666666,1.7808725384961,1.67646444545039,
masked,combined,P11,treatment_0006,6,2,6,0.3333333333333333,1.34271512966862,1.60034646780997,
masked,combined,P11,treatment_0007,7,4,6,0.6666666666666666,1.22768902755794,1.65055752242512,
masked,combined,P11,treatment_0008,8,2,6,0.3333333333333333,1.37281783428495,1.48772409606021,
masked,combined,P11,treatment_0009,9,3,6,0.5,1.42393348538506,1.73825661167658,
masked,combined,P11,treatment_0010,10,4,6,0.6666666666666666,1.23115235588729,1.44347797124577,
maskdrop,combined,P11,treatment_0001,1,4,6,0.6666666666666666,1.10822497427601,1.6438062262134,sentinel2
maskdrop,combined,P11,treatment_0002,2,1,6,0.16666666666666666,1.05958383096663,1.05681722094638,sentinel2
maskdrop,combined,P11,treatment_0003,3,2,6,0.3333333333333333,0.981386081032091,1.00325141653302,sentinel2
maskdrop,combined,P11,treatment_0004,4,5,6,0.8333333333333334,0.883898309480074,1.2280324027555,sentinel2
maskdrop,combined,P11,treatment_0005,5,3,6,0.5,1.20648288201835,1.59273328589158,sentinel2
maskdrop,combined,P11,treatment_0006,6,3,6,0.5,1.06761371782396,1.36788934728907,sentinel2
maskdrop,combined,P11,treatment_0007,7,2,6,0.3333333333333333,1.4082436720367,1.43115007549856,sentinel2
maskdrop,combined,P11,treatment_0008,8,1,6,0.16666666666666666,1.22588864231223,1.13980378858635,sentinel2
maskdrop,combined,P11,treatment_0009,9,4,6,0.6666666666666666,1.03104452072562,1.73932458052789,sentinel2
maskdrop,combined,P11,treatment_0010,10,4,6,0.6666666666666666,1.12561383380281,1.37111366487671,sentinel2
