label,sensor,period,treatment_site_id,group,rank,n_units,p_site,treated_magnitude,max_control_magnitude,repr,method
chipmean,sentinel1,P11,treatment_0001,1,1,6,0.16666666666666666,0.0799232363997372,0.0798207023787409,gram,covmat
chipmean,sentinel1,P11,treatment_0002,2,4,6,0.6666666666666666,0.0617027528011056,0.104294598702764,gram,covmat
chipmean,sentinel1,P11,treatment_0003,3,6,6,1.0,0.046312148788545,0.109376437257661,gram,covmat
chipmean,sentinel1,P11,treatment_0004,4,4,6,0.6666666666666666,0.0586016298726277,0.0985304240158049,gram,covmat
chipmean,sentinel1,P11,treatment_0005,5,6,6,1.0,0.0415076698658243,0.0716798222772122,gram,covmat
chipmean,sentinel1,P11,treatment_0006,6,1,6,0.16666666666666666,0.0836509644333594,0.082628013358777,gram,covmat
chipmean,sentinel1,P11,treatment_0008,7,1,6,0.16666666666666666,0.0836191846272936,0.083318962053955,gram,covmat
chipmean,sentinel1,P11,treatment_0009,8,4,6,0.6666666666666666,0.048025018518942,0.0725437220367154,gram,covmat
chipmean,sentinel1,P11,treatment_0010,9,6,6,1.0,0.0465806794124779,0.0959105385434839,gram,covmat
chipmean,sentinel1,P13,treatment_0001,1,2,6,0.3333333333333333,0.105181382248795,0.114424066888718,gram,covmat
chipmean,sentinel1,P13,treatment_0002,2,1,6,0.16666666666666666,0.132320150191786,0.108988471607605,gram,covmat
chipmean,sentinel1,P13,treatment_0003,3,6,6,1.0,0.0312751890803533,0.081172767456416,gram,covmat
chipmean,sentinel1,P13,treatment_0004,4,4,6,0.6666666666666666,0.0745781476193492,0.103845191686183,gram,covmat
chipmean,sentinel1,P13,treatment_0005,5,4,6,0.6666666666666666,0.0449703889151534,0.0868513039541463,gram,covmat
chipmean,sentinel1,P13,treatment_0006,6,2,6,0.3333333333333333,0.0853490173419872,0.11816854184788,gram,covmat
chipmean,sentinel1,P13,treatment_0008,7,2,6,0.3333333333333333,0.0640085450434685,0.0658516416940134,gram,covmat
chipmean,sentinel1,P13,treatment_0009,8,5,6,0.8333333333333334,0.0382662659307054,0.069067587658291,gram,covmat
chipmean,sentinel1,P13,treatment_0010,9,1,6,0.16666666666666666,0.079079761838967,0.0757491732066317,gram,covmat
chipmean,sentinel1,P16,treatment_0001,1,1,6,0.16666666666666666,0.110446622727825,0.102550119514979,gram,covmat
chipmean,sentinel1,P16,treatment_0002,2,1,6,0.16666666666666666,0.0806779171995549,0.0626315527986039,gram,covmat
chipmean,sentinel1,P16,treatment_0003,3,6,6,1.0,0.0217796008179843,0.0636417096128491,gram,covmat
chipmean,sentinel1,P16,treatment_0004,4,4,6,0.6666666666666666,0.0592116796043678,0.107004699072006,gram,covmat
chipmean,sentinel1,P16,treatment_0005,5,5,6,0.8333333333333334,0.0647876046894658,0.109342390727147,gram,covmat
chipmean,sentinel1,P16,treatment_0006,6,1,6,0.16666666666666666,0.0999189516212694,0.0850072257597111,gram,covmat
chipmean,sentinel1,P16,treatment_0008,7,2,6,0.3333333333333333,0.0532401197216399,0.0550349962399788,gram,covmat
chipmean,sentinel1,P16,treatment_0009,8,2,6,0.3333333333333333,0.109129283293618,0.113221729948272,gram,covmat
chipmean,sentinel1,P16,treatment_0010,9,3,6,0.5,0.0810458443275969,0.0943671417166055,gram,covmat
chipmean,sentinel1,P20,treatment_0001,1,5,6,0.8333333333333334,0.0981668719957142,0.121103042803038,gram,covmat
chipmean,sentinel1,P20,treatment_0002,2,1,6,0.16666666666666666,0.143449056554969,0.0944854147508085,gram,covmat
chipmean,sentinel1,P20,treatment_0003,3,1,6,0.16666666666666666,0.108510434826712,0.0886186789188363,gram,covmat
chipmean,sentinel1,P20,treatment_0004,4,4,6,0.6666666666666666,0.0868941091714279,0.128468875857856,gram,covmat
chipmean,sentinel1,P20,treatment_0005,5,3,6,0.5,0.0943275661218367,0.107773432286685,gram,covmat
chipmean,sentinel1,P20,treatment_0006,6,4,6,0.6666666666666666,0.0673368090675186,0.0994610464777291,gram,covmat
chipmean,sentinel1,P20,treatment_0008,7,1,6,0.16666666666666666,0.0727408472959772,0.0679136671490233,gram,covmat
chipmean,sentinel1,P20,treatment_0009,8,3,6,0.5,0.04980594623703,0.101042513075079,gram,covmat
chipmean,sentinel1,P20,treatment_0010,9,2,6,0.3333333333333333,0.0542220224861176,0.0634806075645285,gram,covmat
chipmean,sentinel2,P11,treatment_0001,1,4,6,0.6666666666666666,0.127689240065486,0.28225849375466,gram,covmat
chipmean,sentinel2,P11,treatment_0002,2,1,6,0.16666666666666666,0.216116844110832,0.195212294862993,gram,covmat
chipmean,sentinel2,P11,treatment_0003,3,3,6,0.5,0.0933066522961449,0.118466431402008,gram,covmat
chipmean,sentinel2,P11,treatment_0004,4,1,6,0.16666666666666666,0.257080237279652,0.243545088429891,gram,covmat
chipmean,sentinel2,P11,treatment_0005,5,1,6,0.16666666666666666,0.267609630211769,0.215964509092951,gram,covmat
chipmean,sentinel2,P11,treatment_0006,6,2,6,0.3333333333333333,0.264653556706705,0.360844883688697,gram,covmat
chipmean,sentinel2,P11,treatment_0007,7,4,6,0.6666666666666666,0.178537910220308,0.321651440939441,gram,covmat
chipmean,sentinel2,P11,treatment_0008,8,3,6,0.5,0.16351126874205,0.253855871868148,gram,covmat
chipmean,sentinel2,P11,treatment_0009,9,3,6,0.5,0.162308200561273,0.296253312407036,gram,covmat
chipmean,sentinel2,P11,treatment_0010,10,3,6,0.5,0.181694604163485,0.248140078998651,gram,covmat
chipmean,sentinel2,P13,treatment_0001,1,4,6,0.6666666666666666,0.697839105976986,0.998648474022218,gram,covmat
chipmean,sentinel2,P13,treatment_0002,2,2,6,0.3333333333333333,1.03459200539794,1.30242179785758,gram,covmat
chipmean,sentinel2,P13,treatment_0003,3,4,6,0.6666666666666666,0.265910934495988,0.935815383914537,gram,covmat
chipmean,sentinel2,P13,treatment_0004,4,5,6,0.8333333333333334,0.398047182902682,0.921986244228572,gram,covmat
chipmean,sentinel2,P13,treatment_0005,5,6,6,1.0,0.0724073044115231,1.02877570639095,gram,covmat
chipmean,sentinel2,P13,treatment_0006,6,6,6,1.0,0.0144135649498399,0.380373700246045,gram,covmat
chipmean,sentinel2,P13,treatment_0007,7,3,6,0.5,0.895367459118698,1.14630490269528,gram,covmat
chipmean,sentinel2,P13,treatment_0008,8,1,6,0.16666666666666666,0.934158909943011,0.886208575294025,gram,covmat
chipmean,sentinel2,P13,treatment_0009,9,2,6,0.3333333333333333,1.50390305065775,1.51161540063392,gram,covmat
chipmean,sentinel2,P13,treatment_0010,10,3,6,0.5,0.783331648411637,0.971539941382949,gram,covmat
chipmean,sentinel2,P16,treatment_0001,1,6,6,1.0,0.119664360698813,0.273758774388716,gram,covmat
chipmean,sentinel2,P16,treatment_0002,2,1,6,0.16666666666666666,0.359429841679018,0.291508151307091,gram,covmat
chipmean,sentinel2,P16,treatment_0003,3,4,6,0.6666666666666666,0.221735324242716,0.39391480147735,gram,covmat
chipmean,sentinel2,P16,treatment_0004,4,1,6,0.16666666666666666,0.643471504954165,0.563906549328992,gram,covmat
chipmean,sentinel2,P16,treatment_0005,5,3,6,0.5,0.527767628730296,0.70209120329026,gram,covmat
chipmean,sentinel2,P16,treatment_0006,6,6,6,1.0,0.193895741708453,0.672608820027647,gram,covmat
chipmean,sentinel2,P16,treatment_0007,7,4,6,0.6666666666666666,0.101341983803947,0.145817557397723,gram,covmat
chipmean,sentinel2,P16,treatment_0008,8,5,6,0.8333333333333334,0.158433460336909,0.555496255628002,gram,covmat
chipmean,sentinel2,P16,treatment_0009,9,5,6,0.8333333333333334,0.28641902510754,0.617371836426496,gram,covmat
chipmean,sentinel2,P16,treatment_0010,10,6,6,1.0,0.0886499171488589,0.352961712113722,gram,covmat
chipmean,sentinel2,P20,treatment_0001,1,6,6,1.0,0.0693504321822044,0.57192597807335,gram,covmat
chipmean,sentinel2,P20,treatment_0002,2,2,6,0.3333333333333333,0.319692323464635,0.338118728262015,gram,covmat
chipmean,sentinel2,P20,treatment_0003,3,4,6,0.6666666666666666,0.0784772670848639,0.286234417784966,gram,covmat
chipmean,sentinel2,P20,treatment_0004,4,2,6,0.3333333333333333,0.200027605474444,0.226836722605879,gram,covmat
chipmean,sentinel2,P20,treatment_0005,5,4,6,0.6666666666666666,0.203501397759733,0.380005240807189,gram,covmat
chipmean,sentinel2,P20,treatment_0006,6,2,6,0.3333333333333333,0.321918048765468,0.349691289021405,gram,covmat
chipmean,sentinel2,P20,treatment_0007,7,3,6,0.5,0.138211861027134,0.336569985057948,gram,covmat
chipmean,sentinel2,P20,treatment_0008,8,3,6,0.5,0.117574985844904,0.275326727144422,gram,covmat
chipmean,sentinel2,P20,treatment_0009,9,5,6,0.8333333333333334,0.149165599099019,0.297476797695838,gram,covmat
chipmean,sentinel2,P20,treatment_0010,10,6,6,1.0,0.0977651402416101,0.197598701483286,gram,covmat
