cache,sensor,repr,site,test,test_rmse,train_rmse,n_test_dims
chipmean,sentinel1,latent980,treatment_0001,P09,1.1110870184065975,1.129430711732824,980
chipmean,sentinel1,latent980,treatment_0002,P09,1.0739865748829387,1.0636768752073724,980
chipmean,sentinel1,latent980,treatment_0003,P09,1.0779538492583087,1.0764658572463397,980
chipmean,sentinel1,latent980,treatment_0004,P09,1.084984090599628,1.1174996750509683,980
chipmean,sentinel1,latent980,treatment_0005,P09,1.0518968602146987,1.0691116841441874,980
chipmean,sentinel1,latent980,treatment_0006,P09,1.1003790986013455,1.104283211450181,980
chipmean,sentinel1,latent980,treatment_0007,P09,1.0910574946929104,1.0841847015291892,980
chipmean,sentinel1,latent980,treatment_0008,P09,1.0614496748762674,1.0719769082198358,980
chipmean,sentinel1,latent980,treatment_0009,P09,1.0977062549173027,1.0859646970403283,980
chipmean,sentinel1,latent980,treatment_0010,P09,1.0918632489813076,1.1314970056271245,980
chipmean,sentinel1,latent980,treatment_0001,P10,1.1169012187592395,1.1277929585023072,980
chipmean,sentinel1,latent980,treatment_0002,P10,1.096524727113541,1.0651806358277727,980
chipmean,sentinel1,latent980,treatment_0003,P10,1.0461977823883748,1.0768668380723945,980
chipmean,sentinel1,latent980,treatment_0004,P10,1.1020882338163742,1.1142178109414642,980
chipmean,sentinel1,latent980,treatment_0005,P10,1.0748407082145408,1.0678237581099272,980
chipmean,sentinel1,latent980,treatment_0006,P10,1.113318846408361,1.104284052120101,980
chipmean,sentinel1,latent980,treatment_0007,P10,1.082403193228766,1.0858042151827825,980
chipmean,sentinel1,latent980,treatment_0008,P10,1.0663035185063299,1.0712322275362656,980
chipmean,sentinel1,latent980,treatment_0009,P10,1.0670714892230535,1.0876486645882812,980
chipmean,sentinel1,latent980,treatment_0010,P10,1.1050732702924488,1.1276891494246848,980
chipmean,sentinel1,chip_mean,treatment_0001,P09,0.8941928448014438,0.69911538429776,5
chipmean,sentinel1,chip_mean,treatment_0002,P09,0.5896069097308904,0.5993076991653815,5
chipmean,sentinel1,chip_mean,treatment_0003,P09,0.5365604780148762,0.3955949232852281,5
chipmean,sentinel1,chip_mean,treatment_0004,P09,0.3634459065447275,0.5204766542643138,5
chipmean,sentinel1,chip_mean,treatment_0005,P09,0.4527237747845358,0.5339536909457777,5
chipmean,sentinel1,chip_mean,treatment_0006,P09,0.8228023962559738,0.6683903006984576,5
chipmean,sentinel1,chip_mean,treatment_0007,P09,0.9035485177174756,0.5931473942876226,5
chipmean,sentinel1,chip_mean,treatment_0008,P09,0.7266459474392021,0.7416643318071128,5
chipmean,sentinel1,chip_mean,treatment_0009,P09,0.4211837007996419,0.6440916824745665,5
chipmean,sentinel1,chip_mean,treatment_0010,P09,0.32294839873051656,0.4767745538393218,5
chipmean,sentinel1,chip_mean,treatment_0001,P10,0.9985005533052819,0.7283543684478474,5
chipmean,sentinel1,chip_mean,treatment_0002,P10,0.5366577847202757,0.6002349405825612,5
chipmean,sentinel1,chip_mean,treatment_0003,P10,0.27477551685399815,0.4095654246740381,5
chipmean,sentinel1,chip_mean,treatment_0004,P10,0.9512117118926446,0.5083950988838818,5
chipmean,sentinel1,chip_mean,treatment_0005,P10,0.6378899494078807,0.5312948301125836,5
chipmean,sentinel1,chip_mean,treatment_0006,P10,0.8763142882779312,0.6868940112776495,5
chipmean,sentinel1,chip_mean,treatment_0007,P10,0.6990390919738948,0.6592095873060869,5
chipmean,sentinel1,chip_mean,treatment_0008,P10,0.9156477296714914,0.7434851509320434,5
chipmean,sentinel1,chip_mean,treatment_0009,P10,0.6706490438379771,0.6289033215242505,5
chipmean,sentinel1,chip_mean,treatment_0010,P10,0.4474287078400917,0.4662916095651865,5
chipmean,sentinel1,quantile,treatment_0001,P09,0.854718628051689,0.8305514139756588,100
chipmean,sentinel1,quantile,treatment_0002,P09,0.892722158802745,0.7970014574985461,100
chipmean,sentinel1,quantile,treatment_0003,P09,1.0681397260246748,0.9548641389391423,100
chipmean,sentinel1,quantile,treatment_0004,P09,0.7101006541298863,0.8352766884417846,100
chipmean,sentinel1,quantile,treatment_0005,P09,0.6961449307884354,1.1043677299564933,100
chipmean,sentinel1,quantile,treatment_0006,P09,0.726319163294068,0.8236252966378168,100
chipmean,sentinel1,quantile,treatment_0007,P09,0.9222872605962794,0.7897262690218589,100
chipmean,sentinel1,quantile,treatment_0008,P09,0.7559424431813748,0.8170640001068984,100
chipmean,sentinel1,quantile,treatment_0009,P09,0.6194493439074739,0.9470877778243424,100
chipmean,sentinel1,quantile,treatment_0010,P09,0.5936226140885509,0.7110925837893092,100
chipmean,sentinel1,quantile,treatment_0001,P10,0.9160045859348784,0.8377826807040825,100
chipmean,sentinel1,quantile,treatment_0002,P10,0.842200006351342,0.8015645289232127,100
chipmean,sentinel1,quantile,treatment_0003,P10,0.9177612376223591,0.9870395264244791,100
chipmean,sentinel1,quantile,treatment_0004,P10,0.9894378346540933,0.8216129515545754,100
chipmean,sentinel1,quantile,treatment_0005,P10,0.6729697001217105,1.098270543255563,100
chipmean,sentinel1,quantile,treatment_0006,P10,1.1713308909858071,0.7865125033810874,100
chipmean,sentinel1,quantile,treatment_0007,P10,1.0861329394558243,0.8176092801866647,100
chipmean,sentinel1,quantile,treatment_0008,P10,0.8291398364138448,0.8153697592184966,100
chipmean,sentinel1,quantile,treatment_0009,P10,0.7189490047857272,0.9404784193349527,100
chipmean,sentinel1,quantile,treatment_0010,P10,0.7250059079322339,0.6998022398771777,100
chipmean,sentinel1,gram,treatment_0001,P09,0.6232166923176988,0.713824508910602,15
chipmean,sentinel1,gram,treatment_0002,P09,0.9966559399866443,0.7035304564090219,15
chipmean,sentinel1,gram,treatment_0003,P09,0.8430235522936248,0.4749978767996712,15
chipmean,sentinel1,gram,treatment_0004,P09,0.6220007110389107,0.7221017199325813,15
chipmean,sentinel1,gram,treatment_0005,P09,0.49649099349101367,0.572855489070953,15
chipmean,sentinel1,gram,treatment_0006,P09,0.8578879720732089,0.6944442871413171,15
chipmean,sentinel1,gram,treatment_0007,P09,0.9688418693711672,0.7215414033506234,15
chipmean,sentinel1,gram,treatment_0008,P09,0.6786170997621706,0.7503296169464835,15
chipmean,sentinel1,gram,treatment_0009,P09,0.45750442920878825,0.682695036256232,15
chipmean,sentinel1,gram,treatment_0010,P09,0.37948503554303925,0.5532326155268915,15
chipmean,sentinel1,gram,treatment_0001,P10,0.8673935815887922,0.7072188002420817,15
chipmean,sentinel1,gram,treatment_0002,P10,0.6443503110695629,0.7368569071629597,15
chipmean,sentinel1,gram,treatment_0003,P10,0.33663776845291593,0.5048242584183186,15
chipmean,sentinel1,gram,treatment_0004,P10,0.9859673131042326,0.7115443384194671,15
chipmean,sentinel1,gram,treatment_0005,P10,0.5700708013321497,0.5664477577287397,15
chipmean,sentinel1,gram,treatment_0006,P10,0.8203493723352228,0.7115146464327323,15
chipmean,sentinel1,gram,treatment_0007,P10,0.8790955702178376,0.7707217436167543,15
chipmean,sentinel1,gram,treatment_0008,P10,1.1103992277732526,0.7430197997761226,15
chipmean,sentinel1,gram,treatment_0009,P10,0.5330431538768817,0.661117101159346,15
chipmean,sentinel1,gram,treatment_0010,P10,0.5768324348243005,0.5368078911116364,15
chipmean,sentinel1,combined,treatment_0001,P09,0.8341778145978412,0.821365877967465,115
chipmean,sentinel1,combined,treatment_0002,P09,0.9129407939333474,0.7880888398258276,115
chipmean,sentinel1,combined,treatment_0003,P09,1.0341586804834124,0.9085472529222568,115
chipmean,sentinel1,combined,treatment_0004,P09,0.7002063540692681,0.8312263246574256,115
chipmean,sentinel1,combined,treatment_0005,P09,0.6699529185019809,1.0538165917040647,115
chipmean,sentinel1,combined,treatment_0006,P09,0.7583042859756957,0.8144715070324614,115
chipmean,sentinel1,combined,treatment_0007,P09,0.9331648178189821,0.7844460801089049,115
chipmean,sentinel1,combined,treatment_0008,P09,0.7471525964347632,0.8162787106239584,115
chipmean,sentinel1,combined,treatment_0009,P09,0.6013192604720514,0.9203510886099325,115
chipmean,sentinel1,combined,treatment_0010,P09,0.5690044933126712,0.694383682911743,115
chipmean,sentinel1,combined,treatment_0001,P10,0.9089747550599299,0.8273623592673977,115
chipmean,sentinel1,combined,treatment_0002,P10,0.822426641724605,0.7971033232155598,115
chipmean,sentinel1,combined,treatment_0003,P10,0.861270268173227,0.9405187247256449,115
chipmean,sentinel1,combined,treatment_0004,P10,0.982077170143582,0.8171226151396948,115
chipmean,sentinel1,combined,treatment_0005,P10,0.6674604677363678,1.0474633595480876,115
chipmean,sentinel1,combined,treatment_0006,P10,1.1364341151891388,0.7841920990220477,115
chipmean,sentinel1,combined,treatment_0007,P10,1.0741904990385278,0.8157282845767932,115
chipmean,sentinel1,combined,treatment_0008,P10,0.8662503490739497,0.8135989713437808,115
chipmean,sentinel1,combined,treatment_0009,P10,0.702857386653439,0.9120972131242053,115
chipmean,sentinel1,combined,treatment_0010,P10,0.7150402777550128,0.6823271033627077,115
chipmean,sentinel2,latent980,treatment_0001,P09,1.0829301609210387,0.9414736531640259,980
chipmean,sentinel2,latent980,treatment_0002,P09,1.2053632186495258,0.8880965738259994,980
chipmean,sentinel2,latent980,treatment_0003,P09,0.89904218911365,0.839973061496041,980
chipmean,sentinel2,latent980,treatment_0004,P09,1.425443275733933,1.085364285611995,980
chipmean,sentinel2,latent980,treatment_0005,P09,1.1228150250487199,1.1491995158689565,980
chipmean,sentinel2,latent980,treatment_0006,P09,1.2374566486878897,0.9623327658500573,980
chipmean,sentinel2,latent980,treatment_0007,P09,1.0939711114598,0.7799338101712376,980
chipmean,sentinel2,latent980,treatment_0008,P09,1.016806858465133,0.8842864897358713,980
chipmean,sentinel2,latent980,treatment_0009,P09,1.1051737134769866,0.8909593218076662,980
chipmean,sentinel2,latent980,treatment_0010,P09,0.8799929831229668,1.1163498669746907,980
chipmean,sentinel2,latent980,treatment_0001,P10,1.3495277779000272,0.9441417057687973,980
chipmean,sentinel2,latent980,treatment_0002,P10,1.2042949716315652,0.9161817577034634,980
chipmean,sentinel2,latent980,treatment_0003,P10,0.9130265400897671,0.8346944382708986,980
chipmean,sentinel2,latent980,treatment_0004,P10,1.4336158807997286,1.1117865271761906,980
chipmean,sentinel2,latent980,treatment_0005,P10,1.3433596005490516,1.1299500408180854,980
chipmean,sentinel2,latent980,treatment_0006,P10,1.2268078508617577,0.981237724764989,980
chipmean,sentinel2,latent980,treatment_0007,P10,1.0759541194312707,0.8086151001323091,980
chipmean,sentinel2,latent980,treatment_0008,P10,1.257005642737155,0.8874098240425555,980
chipmean,sentinel2,latent980,treatment_0009,P10,1.306631130137819,0.9046840343687673,980
chipmean,sentinel2,latent980,treatment_0010,P10,1.3984377735556606,1.0785211346721206,980
chipmean,sentinel2,chip_mean,treatment_0001,P09,0.3494622356503615,0.35840213861805503,5
chipmean,sentinel2,chip_mean,treatment_0002,P09,0.31360027668279894,0.7077511586173411,5
chipmean,sentinel2,chip_mean,treatment_0003,P09,0.3334001807804697,0.656059029695485,5
chipmean,sentinel2,chip_mean,treatment_0004,P09,1.2935134476767072,0.958489431704429,5
chipmean,sentinel2,chip_mean,treatment_0005,P09,0.8903215639663113,1.38253234656649,5
chipmean,sentinel2,chip_mean,treatment_0006,P09,0.44592427207766605,0.5584264886055643,5
chipmean,sentinel2,chip_mean,treatment_0007,P09,0.2744164776008256,0.32551165464942855,5
chipmean,sentinel2,chip_mean,treatment_0008,P09,0.4044227161712727,0.852924893649636,5
chipmean,sentinel2,chip_mean,treatment_0009,P09,0.3914143131188439,0.7066862200514119,5
chipmean,sentinel2,chip_mean,treatment_0010,P09,1.0686229541152217,0.9027203283569613,5
chipmean,sentinel2,chip_mean,treatment_0001,P10,0.37257752149860907,0.3601510131645328,5
chipmean,sentinel2,chip_mean,treatment_0002,P10,0.5001619069170874,0.6874967147465904,5
chipmean,sentinel2,chip_mean,treatment_0003,P10,0.14240344813624478,0.6383330689199367,5
chipmean,sentinel2,chip_mean,treatment_0004,P10,0.7057331168203704,1.0110588132230138,5
chipmean,sentinel2,chip_mean,treatment_0005,P10,0.5918459815880182,1.3480324950423486,5
chipmean,sentinel2,chip_mean,treatment_0006,P10,0.2969713745022844,0.5513540104857466,5
chipmean,sentinel2,chip_mean,treatment_0007,P10,0.4181622798832031,0.32166759300556874,5
chipmean,sentinel2,chip_mean,treatment_0008,P10,0.24803975013065366,0.8228369607144659,5
chipmean,sentinel2,chip_mean,treatment_0009,P10,0.4578125591584816,0.6819863849602539,5
chipmean,sentinel2,chip_mean,treatment_0010,P10,0.2157261747165133,0.9353468857355716,5
chipmean,sentinel2,quantile,treatment_0001,P09,0.9105230519994418,0.6510576234440869,100
chipmean,sentinel2,quantile,treatment_0002,P09,0.6209274465805369,0.9743518962311083,100
chipmean,sentinel2,quantile,treatment_0003,P09,0.4983218998359369,0.7110753452353707,100
chipmean,sentinel2,quantile,treatment_0004,P09,1.1902263891030103,0.9527763276618573,100
chipmean,sentinel2,quantile,treatment_0005,P09,0.8924336570651898,1.259788299475261,100
chipmean,sentinel2,quantile,treatment_0006,P09,0.8322819823113939,0.708200932432879,100
chipmean,sentinel2,quantile,treatment_0007,P09,0.5489366848679381,0.5874705757910846,100
chipmean,sentinel2,quantile,treatment_0008,P09,0.6087021410723428,0.8874388450509779,100
chipmean,sentinel2,quantile,treatment_0009,P09,0.6747086640958438,0.7876967585201633,100
chipmean,sentinel2,quantile,treatment_0010,P09,1.1972646553030735,0.9021087722500167,100
chipmean,sentinel2,quantile,treatment_0001,P10,0.604004121323993,0.6841956757402434,100
chipmean,sentinel2,quantile,treatment_0002,P10,0.6616249876213213,0.9462662736450071,100
chipmean,sentinel2,quantile,treatment_0003,P10,0.4116931346910894,0.689434379794513,100
chipmean,sentinel2,quantile,treatment_0004,P10,0.7446520233028868,0.981896966387082,100
chipmean,sentinel2,quantile,treatment_0005,P10,0.7791358443641201,1.2230347573897842,100
chipmean,sentinel2,quantile,treatment_0006,P10,0.4936484767524555,0.724737623510586,100
chipmean,sentinel2,quantile,treatment_0007,P10,0.5617977765295116,0.5793824308043041,100
chipmean,sentinel2,quantile,treatment_0008,P10,0.48485068535370096,0.8595717726259867,100
chipmean,sentinel2,quantile,treatment_0009,P10,0.5594972332675612,0.7734477054488412,100
chipmean,sentinel2,quantile,treatment_0010,P10,0.5115811263977326,0.942929430608057,100
chipmean,sentinel2,gram,treatment_0001,P09,0.35158678617343975,0.3703907183349941,15
chipmean,sentinel2,gram,treatment_0002,P09,0.32411869264987625,0.7046461535292937,15
chipmean,sentinel2,gram,treatment_0003,P09,0.3497590652240031,0.6851485085984482,15
chipmean,sentinel2,gram,treatment_0004,P09,1.3738074645645721,0.9698270030011503,15
chipmean,sentinel2,gram,treatment_0005,P09,0.9941440868356505,1.331502977456508,15
chipmean,sentinel2,gram,treatment_0006,P09,0.5655646906496875,0.5595612763217838,15
chipmean,sentinel2,gram,treatment_0007,P09,0.2580403503228349,0.36642646295382253,15
chipmean,sentinel2,gram,treatment_0008,P09,0.51627684537979,0.8292766063300618,15
chipmean,sentinel2,gram,treatment_0009,P09,0.32370713145468866,0.6546737285856273,15
chipmean,sentinel2,gram,treatment_0010,P09,1.1934477193182238,0.8652013121634388,15
chipmean,sentinel2,gram,treatment_0001,P10,0.44417894346654635,0.372848842975104,15
chipmean,sentinel2,gram,treatment_0002,P10,0.7707145118181817,0.6848074801549897,15
chipmean,sentinel2,gram,treatment_0003,P10,0.16851561899626194,0.6607476049352279,15
chipmean,sentinel2,gram,treatment_0004,P10,0.8406826262355247,1.0255830052363828,15
chipmean,sentinel2,gram,treatment_0005,P10,0.7443226550309645,1.2994075216406495,15
chipmean,sentinel2,gram,treatment_0006,P10,0.39947199758266894,0.5617224611971816,15
chipmean,sentinel2,gram,treatment_0007,P10,0.49899626401457736,0.3573776742240419,15
chipmean,sentinel2,gram,treatment_0008,P10,0.20654574011673693,0.8024369375644538,15
chipmean,sentinel2,gram,treatment_0009,P10,0.3665245470415554,0.6284089482012373,15
chipmean,sentinel2,gram,treatment_0010,P10,0.22114119805149765,0.9156362809507116,15
chipmean,sentinel2,combined,treatment_0001,P09,0.86377006203882,0.6227067304674601,115
chipmean,sentinel2,combined,treatment_0002,P09,0.5909569454454658,0.9444050765349562,115
chipmean,sentinel2,combined,treatment_0003,P09,0.4827220061998337,0.708563082530053,115
chipmean,sentinel2,combined,treatment_0004,P09,1.2140898628691925,0.9563353373170163,115
chipmean,sentinel2,combined,treatment_0005,P09,0.9046250666434057,1.2712187044940468,115
chipmean,sentinel2,combined,treatment_0006,P09,0.8058156868161253,0.6916035817333293,115
chipmean,sentinel2,combined,treatment_0007,P09,0.5203539413718743,0.5661445199196283,115
chipmean,sentinel2,combined,treatment_0008,P09,0.5966168702385155,0.8827715332735904,115
chipmean,sentinel2,combined,treatment_0009,P09,0.6441056909264872,0.7759435221661086,115
chipmean,sentinel2,combined,treatment_0010,P09,1.180480479167599,0.899639277959447,115
chipmean,sentinel2,combined,treatment_0001,P10,0.5890263463695692,0.6537105359793955,115
chipmean,sentinel2,combined,treatment_0002,P10,0.672343061180364,0.9172807092309075,115
chipmean,sentinel2,combined,treatment_0003,P10,0.3902073442752361,0.686522810893859,115
chipmean,sentinel2,combined,treatment_0004,P10,0.7581005943778911,0.9887942560131591,115
chipmean,sentinel2,combined,treatment_0005,P10,0.7771947675168625,1.2348568006574694,115
chipmean,sentinel2,combined,treatment_0006,P10,0.48069885372035587,0.7067639942039357,115
chipmean,sentinel2,combined,treatment_0007,P10,0.5508841028317033,0.5579340075853558,115
chipmean,sentinel2,combined,treatment_0008,P10,0.4552567765240992,0.854426510992661,115
chipmean,sentinel2,combined,treatment_0009,P10,0.544024236821113,0.7604060707499951,115
chipmean,sentinel2,combined,treatment_0010,P10,0.48358602112892657,0.9400269156192086,115
genfill,sentinel1,latent980,treatment_0001,P09,1.1119926460818912,1.130622452684906,980
genfill,sentinel1,latent980,treatment_0002,P09,1.0751331985911634,1.064820708000492,980
genfill,sentinel1,latent980,treatment_0003,P09,1.079322460871269,1.0776765591311837,980
genfill,sentinel1,latent980,treatment_0004,P09,1.086144530230404,1.118760423415834,980
genfill,sentinel1,latent980,treatment_0005,P09,1.053005013588109,1.0702945165663973,980
genfill,sentinel1,latent980,treatment_0006,P09,1.10160032721587,1.1054269118336497,980
genfill,sentinel1,latent980,treatment_0007,P09,1.0929895449984626,1.1193293461685274,980
genfill,sentinel1,latent980,treatment_0008,P09,1.0624917457681602,1.0730799983818489,980
genfill,sentinel1,latent980,treatment_0009,P09,1.0989534299102819,1.0871115956947457,980
genfill,sentinel1,latent980,treatment_0010,P09,1.0929289665582127,1.1325797832067384,980
genfill,sentinel1,latent980,treatment_0001,P10,1.1180055307801988,1.128827449781286,980
genfill,sentinel1,latent980,treatment_0002,P10,1.0976156694646737,1.066212936172245,980
genfill,sentinel1,latent980,treatment_0003,P10,1.047289461729393,1.0779689582413166,980
genfill,sentinel1,latent980,treatment_0004,P10,1.103110730400381,1.1153350117756833,980
genfill,sentinel1,latent980,treatment_0005,P10,1.0755620807317388,1.0688713483315533,980
genfill,sentinel1,latent980,treatment_0006,P10,1.1143800215681823,1.105319778798344,980
genfill,sentinel1,latent980,treatment_0007,P10,1.0850934610847753,1.1167034017135329,980
genfill,sentinel1,latent980,treatment_0008,P10,1.0674115037453205,1.0722137653193435,980
genfill,sentinel1,latent980,treatment_0009,P10,1.0680627771679583,1.0886851306674477,980
genfill,sentinel1,latent980,treatment_0010,P10,1.1061230554606836,1.128658777550074,980
genfill,sentinel1,chip_mean,treatment_0001,P09,0.8517263164153254,0.665099044559501,5
genfill,sentinel1,chip_mean,treatment_0002,P09,0.5567167540195199,0.5612819073445009,5
genfill,sentinel1,chip_mean,treatment_0003,P09,0.49594271296661796,0.3706524078047824,5
genfill,sentinel1,chip_mean,treatment_0004,P09,0.35586972105220377,0.48256610185670934,5
genfill,sentinel1,chip_mean,treatment_0005,P09,0.4124414246913688,0.5085540442078521,5
genfill,sentinel1,chip_mean,treatment_0006,P09,0.7651348904961903,0.6096901579199964,5
genfill,sentinel1,chip_mean,treatment_0007,P09,1.0307333611426168,1.0837754243368547,5
genfill,sentinel1,chip_mean,treatment_0008,P09,0.7114036953357517,0.7065320171662687,5
genfill,sentinel1,chip_mean,treatment_0009,P09,0.394510299269766,0.6112768444409893,5
genfill,sentinel1,chip_mean,treatment_0010,P09,0.28961807635898296,0.44790426508113734,5
genfill,sentinel1,chip_mean,treatment_0001,P10,0.9619098714949897,0.6959236891054543,5
genfill,sentinel1,chip_mean,treatment_0002,P10,0.5257922802822196,0.5660377398670978,5
genfill,sentinel1,chip_mean,treatment_0003,P10,0.2511202472733089,0.38623419352186467,5
genfill,sentinel1,chip_mean,treatment_0004,P10,0.8928254654338319,0.47629936345628426,5
genfill,sentinel1,chip_mean,treatment_0005,P10,0.6093459690059914,0.5066814733877509,5
genfill,sentinel1,chip_mean,treatment_0006,P10,0.8092481068427566,0.6350975737296263,5
genfill,sentinel1,chip_mean,treatment_0007,P10,1.154599544739294,1.0847512453449402,5
genfill,sentinel1,chip_mean,treatment_0008,P10,0.8685099833120998,0.712687534874841,5
genfill,sentinel1,chip_mean,treatment_0009,P10,0.6529212181142446,0.5993869722033572,5
genfill,sentinel1,chip_mean,treatment_0010,P10,0.41368661514459554,0.4398768314302684,5
genfill,sentinel1,quantile,treatment_0001,P09,0.8285681392372095,0.7908498492967606,100
genfill,sentinel1,quantile,treatment_0002,P09,0.8362928799210554,0.7790910762908851,100
genfill,sentinel1,quantile,treatment_0003,P09,0.8659530978982185,0.7377962075337378,100
genfill,sentinel1,quantile,treatment_0004,P09,0.6840236380205901,0.8059967936560446,100
genfill,sentinel1,quantile,treatment_0005,P09,0.6762580535109735,1.0850886271723568,100
genfill,sentinel1,quantile,treatment_0006,P09,0.6940920663382346,0.7758398198043838,100
genfill,sentinel1,quantile,treatment_0007,P09,1.021530733516548,1.024909630199415,100
genfill,sentinel1,quantile,treatment_0008,P09,0.737959346678025,0.7873864840409394,100
genfill,sentinel1,quantile,treatment_0009,P09,0.6005366357867792,0.8743833937419316,100
genfill,sentinel1,quantile,treatment_0010,P09,0.5781124388455753,0.692763445897094,100
genfill,sentinel1,quantile,treatment_0001,P10,0.859777337887262,0.7979863314247365,100
genfill,sentinel1,quantile,treatment_0002,P10,0.8222446578515861,0.7840318661052073,100
genfill,sentinel1,quantile,treatment_0003,P10,0.775573826942431,0.7645403562389476,100
genfill,sentinel1,quantile,treatment_0004,P10,0.9485778846542922,0.7960182081751438,100
genfill,sentinel1,quantile,treatment_0005,P10,0.6576445582510366,1.0819264201042589,100
genfill,sentinel1,quantile,treatment_0006,P10,1.0615327939875754,0.756948317189982,100
genfill,sentinel1,quantile,treatment_0007,P10,1.093533238412564,1.0353743542237317,100
genfill,sentinel1,quantile,treatment_0008,P10,0.803678438452795,0.7885176517895579,100
genfill,sentinel1,quantile,treatment_0009,P10,0.6839346104073275,0.8702831032409576,100
genfill,sentinel1,quantile,treatment_0010,P10,0.7066082642857725,0.6843814492360171,100
genfill,sentinel1,gram,treatment_0001,P09,0.5890274501512521,0.6672048853149145,15
genfill,sentinel1,gram,treatment_0002,P09,0.9506600276492524,0.6625877789615139,15
genfill,sentinel1,gram,treatment_0003,P09,0.7854448147268555,0.442358159197675,15
genfill,sentinel1,gram,treatment_0004,P09,0.5694623578202828,0.6739006438102872,15
genfill,sentinel1,gram,treatment_0005,P09,0.4606301955207452,0.5413366717371039,15
genfill,sentinel1,gram,treatment_0006,P09,0.776989567883838,0.6395679664481494,15
genfill,sentinel1,gram,treatment_0007,P09,1.1670094604350587,1.2368132266506071,15
genfill,sentinel1,gram,treatment_0008,P09,0.6150308268745253,0.7070216325743028,15
genfill,sentinel1,gram,treatment_0009,P09,0.4262249123889016,0.6440184159801177,15
genfill,sentinel1,gram,treatment_0010,P09,0.3538117451945995,0.5163108312268103,15
genfill,sentinel1,gram,treatment_0001,P10,0.8056184127150968,0.6661505320121925,15
genfill,sentinel1,gram,treatment_0002,P10,0.6088419348700865,0.6992491036946005,15
genfill,sentinel1,gram,treatment_0003,P10,0.30925904827025874,0.4738066288513475,15
genfill,sentinel1,gram,treatment_0004,P10,0.9377814877795162,0.6681512870653973,15
genfill,sentinel1,gram,treatment_0005,P10,0.5389761726918043,0.5380325808580231,15
genfill,sentinel1,gram,treatment_0006,P10,0.7663323769265088,0.6604555212900591,15
genfill,sentinel1,gram,treatment_0007,P10,1.0927004571517274,1.2368476907770996,15
genfill,sentinel1,gram,treatment_0008,P10,1.049043941551266,0.7023180169496722,15
genfill,sentinel1,gram,treatment_0009,P10,0.5092039089254348,0.6272482320146624,15
genfill,sentinel1,gram,treatment_0010,P10,0.5368402748123606,0.5050527485405614,15
genfill,sentinel1,combined,treatment_0001,P09,0.8060242487830078,0.7790638006766101,115
genfill,sentinel1,combined,treatment_0002,P09,0.8592465407251657,0.7671918844060341,115
genfill,sentinel1,combined,treatment_0003,P09,0.8514015729720033,0.7070884143166675,115
genfill,sentinel1,combined,treatment_0004,P09,0.674326432541518,0.7997744286258635,115
genfill,sentinel1,combined,treatment_0005,P09,0.648160675380023,1.0335363391888628,115
genfill,sentinel1,combined,treatment_0006,P09,0.7164413196123642,0.764758175749962,115
genfill,sentinel1,combined,treatment_0007,P09,1.0408351738598396,1.0562588353435018,115
genfill,sentinel1,combined,treatment_0008,P09,0.7224528436002156,0.7827659745979463,115
genfill,sentinel1,combined,treatment_0009,P09,0.5820328421222656,0.8512406299961758,115
genfill,sentinel1,combined,treatment_0010,P09,0.5528143527021913,0.6738425915957611,115
genfill,sentinel1,combined,treatment_0001,P10,0.8535295267823894,0.785738790984922,115
genfill,sentinel1,combined,treatment_0002,P10,0.800438581726042,0.7769482250731096,115
genfill,sentinel1,combined,treatment_0003,P10,0.7299295108078949,0.7349002606140971,115
genfill,sentinel1,combined,treatment_0004,P10,0.9400529666418864,0.7896993319935861,115
genfill,sentinel1,combined,treatment_0005,P10,0.6508262863455228,1.0300822602032398,115
genfill,sentinel1,combined,treatment_0006,P10,1.0317032491201266,0.750913899011282,115
genfill,sentinel1,combined,treatment_0007,P10,1.0952274299683948,1.064864400556825,115
genfill,sentinel1,combined,treatment_0008,P10,0.8339344933491862,0.7829082578057406,115
genfill,sentinel1,combined,treatment_0009,P10,0.6679683245648854,0.8457530710969907,115
genfill,sentinel1,combined,treatment_0010,P10,0.6931611788026283,0.6650087834909987,115
genfill,sentinel2,latent980,treatment_0001,P09,1.1106358772910394,1.1219254588815302,980
genfill,sentinel2,latent980,treatment_0002,P09,1.1077469179479624,1.099269213779819,980
genfill,sentinel2,latent980,treatment_0003,P09,0.9697673213706003,0.9901490991371872,980
genfill,sentinel2,latent980,treatment_0004,P09,0.7263774173463644,0.6651349196792423,980
genfill,sentinel2,latent980,treatment_0005,P09,1.1751878241744016,1.1400877881058948,980
genfill,sentinel2,latent980,treatment_0006,P09,1.2221323089598788,1.1256714255039244,980
genfill,sentinel2,latent980,treatment_0007,P09,0.9299883080278557,1.1313918664374585,980
genfill,sentinel2,latent980,treatment_0008,P09,0.8261108392574661,1.0552829789746871,980
genfill,sentinel2,latent980,treatment_0009,P09,0.7827778704419525,0.929458611608348,980
genfill,sentinel2,latent980,treatment_0010,P09,1.104301665968717,1.1524973970947747,980
genfill,sentinel2,latent980,treatment_0001,P10,1.2659153519294941,1.121159373016167,980
genfill,sentinel2,latent980,treatment_0002,P10,1.0759167655330455,1.1005326748657422,980
genfill,sentinel2,latent980,treatment_0003,P10,0.9441635246232528,0.9872640200728184,980
genfill,sentinel2,latent980,treatment_0004,P10,0.7368574362151057,0.6721398667279654,980
genfill,sentinel2,latent980,treatment_0005,P10,1.15333085283902,1.1438398838854007,980
genfill,sentinel2,latent980,treatment_0006,P10,1.0637785431482771,1.1371978873950452,980
genfill,sentinel2,latent980,treatment_0007,P10,1.0137484506133292,1.1098617857061386,980
genfill,sentinel2,latent980,treatment_0008,P10,1.1893959481252765,1.0307813756722948,980
genfill,sentinel2,latent980,treatment_0009,P10,1.3155653523162467,0.9136249420424652,980
genfill,sentinel2,latent980,treatment_0010,P10,1.2902271860429462,1.1472450170241073,980
genfill,sentinel2,chip_mean,treatment_0001,P09,0.5642978656722805,0.6324739906243291,5
genfill,sentinel2,chip_mean,treatment_0002,P09,0.5361396965751599,0.9151677850961466,5
genfill,sentinel2,chip_mean,treatment_0003,P09,0.43801470877132226,0.6188609918220805,5
genfill,sentinel2,chip_mean,treatment_0004,P09,0.1449313583044056,0.3749686943808699,5
genfill,sentinel2,chip_mean,treatment_0005,P09,1.298145358564266,0.6719595587469079,5
genfill,sentinel2,chip_mean,treatment_0006,P09,0.44171034315422797,0.603371618776217,5
genfill,sentinel2,chip_mean,treatment_0007,P09,0.7717014847345839,1.012976300443635,5
genfill,sentinel2,chip_mean,treatment_0008,P09,0.5398951422674093,0.5446920108539021,5
genfill,sentinel2,chip_mean,treatment_0009,P09,0.36475860440836066,0.6288126292170871,5
genfill,sentinel2,chip_mean,treatment_0010,P09,0.8330388996655079,0.5427035066797902,5
genfill,sentinel2,chip_mean,treatment_0001,P10,0.9489874436653678,0.6407680111147074,5
genfill,sentinel2,chip_mean,treatment_0002,P10,0.7094932264689805,0.9016982250739974,5
genfill,sentinel2,chip_mean,treatment_0003,P10,0.43855142970872757,0.6129465082461995,5
genfill,sentinel2,chip_mean,treatment_0004,P10,0.35143270617602784,0.36484442664905803,5
genfill,sentinel2,chip_mean,treatment_0005,P10,0.40459002417491924,0.719651753887233,5
genfill,sentinel2,chip_mean,treatment_0006,P10,0.5306726962196333,0.6002446199553146,5
genfill,sentinel2,chip_mean,treatment_0007,P10,0.9967645087334898,1.0137001337809972,5
genfill,sentinel2,chip_mean,treatment_0008,P10,0.7878890842225144,0.5562903961916101,5
genfill,sentinel2,chip_mean,treatment_0009,P10,0.36522343593899026,0.6215904512841538,5
genfill,sentinel2,chip_mean,treatment_0010,P10,0.9228811505248651,0.5899317280815605,5
genfill,sentinel2,quantile,treatment_0001,P09,0.5736342285751924,0.8246413877197865,100
genfill,sentinel2,quantile,treatment_0002,P09,0.7715797963349282,0.8876796869064553,100
genfill,sentinel2,quantile,treatment_0003,P09,0.8787255803849296,0.9338428872101123,100
genfill,sentinel2,quantile,treatment_0004,P09,0.5903726604062105,0.6008366589519754,100
genfill,sentinel2,quantile,treatment_0005,P09,0.8930144260091579,0.7870396490993702,100
genfill,sentinel2,quantile,treatment_0006,P09,0.5551928991271212,0.7678419225171976,100
genfill,sentinel2,quantile,treatment_0007,P09,0.7893046232505679,1.0122935570347023,100
genfill,sentinel2,quantile,treatment_0008,P09,0.5986678666953964,0.6669061311240246,100
genfill,sentinel2,quantile,treatment_0009,P09,0.5915401834387536,0.8147063117882897,100
genfill,sentinel2,quantile,treatment_0010,P09,0.8346071270681285,0.690013622510171,100
genfill,sentinel2,quantile,treatment_0001,P10,0.8993386232486232,0.8181016798811802,100
genfill,sentinel2,quantile,treatment_0002,P10,0.8487235455554539,0.8887470757182392,100
genfill,sentinel2,quantile,treatment_0003,P10,0.68250643946742,0.9422516953283222,100
genfill,sentinel2,quantile,treatment_0004,P10,0.5444576654961178,0.6099628067943051,100
genfill,sentinel2,quantile,treatment_0005,P10,0.8545914902059125,0.8115906026778023,100
genfill,sentinel2,quantile,treatment_0006,P10,0.6506956302606486,0.7609234874451911,100
genfill,sentinel2,quantile,treatment_0007,P10,1.1979816667896634,1.009336847382872,100
genfill,sentinel2,quantile,treatment_0008,P10,0.7227809782073569,0.6700236591651221,100
genfill,sentinel2,quantile,treatment_0009,P10,0.5617461716960012,0.8096182231934308,100
genfill,sentinel2,quantile,treatment_0010,P10,0.9297760067164776,0.7172208200819247,100
genfill,sentinel2,gram,treatment_0001,P09,0.645966423743654,0.6435572356618724,15
genfill,sentinel2,gram,treatment_0002,P09,0.6328793182069389,0.8964865877144907,15
genfill,sentinel2,gram,treatment_0003,P09,0.5296018743144336,0.7001972296227219,15
genfill,sentinel2,gram,treatment_0004,P09,0.1927323414562608,0.33123967756716327,15
genfill,sentinel2,gram,treatment_0005,P09,1.076593176571403,0.6680067483029305,15
genfill,sentinel2,gram,treatment_0006,P09,0.43240094572919574,0.6032862645514923,15
genfill,sentinel2,gram,treatment_0007,P09,0.7441464233309973,1.0973048278856088,15
genfill,sentinel2,gram,treatment_0008,P09,0.5239150638379761,0.5632393121095102,15
genfill,sentinel2,gram,treatment_0009,P09,0.31518241577027506,0.6536739642085103,15
genfill,sentinel2,gram,treatment_0010,P09,0.7479203197767788,0.570238878624048,15
genfill,sentinel2,gram,treatment_0001,P10,0.9157278529384941,0.6556683487380848,15
genfill,sentinel2,gram,treatment_0002,P10,0.9000763633014902,0.8880503353938483,15
genfill,sentinel2,gram,treatment_0003,P10,0.6599536452378179,0.6944877482638786,15
genfill,sentinel2,gram,treatment_0004,P10,0.23479046300341225,0.32504680126946667,15
genfill,sentinel2,gram,treatment_0005,P10,0.6557815580948523,0.7056931226329379,15
genfill,sentinel2,gram,treatment_0006,P10,0.6273078985372763,0.5987119636039269,15
genfill,sentinel2,gram,treatment_0007,P10,1.188426435219346,1.0869111887414522,15
genfill,sentinel2,gram,treatment_0008,P10,0.8585287110454746,0.5702705709076076,15
genfill,sentinel2,gram,treatment_0009,P10,0.317352337628216,0.64018259415598,15
genfill,sentinel2,gram,treatment_0010,P10,0.8490236045037988,0.6003971437970174,15
genfill,sentinel2,combined,treatment_0001,P09,0.5779426944368176,0.8059448447671096,115
genfill,sentinel2,combined,treatment_0002,P09,0.7452586551726694,0.8896758592530503,115
genfill,sentinel2,combined,treatment_0003,P09,0.8372994743713147,0.907226283179131,115
genfill,sentinel2,combined,treatment_0004,P09,0.5533028060628785,0.5743421968147485,115
genfill,sentinel2,combined,treatment_0005,P09,0.9054155624193437,0.7731089819524792,115
genfill,sentinel2,combined,treatment_0006,P09,0.5409842054200014,0.7530182346775506,115
genfill,sentinel2,combined,treatment_0007,P09,0.8006242005190832,1.0319116710146023,115
genfill,sentinel2,combined,treatment_0008,P09,0.5907599743920227,0.6567916610566014,115
genfill,sentinel2,combined,treatment_0009,P09,0.5664294470544979,0.7984422584792985,115
genfill,sentinel2,combined,treatment_0010,P09,0.8240465090759345,0.6768464474664121,115
genfill,sentinel2,combined,treatment_0001,P10,0.9024334116527845,0.8008122663087722,115
genfill,sentinel2,combined,treatment_0002,P10,0.8603894553211417,0.8892486085000262,115
genfill,sentinel2,combined,treatment_0003,P10,0.6713515230150321,0.913948771231506,115
genfill,sentinel2,combined,treatment_0004,P10,0.5188286616932276,0.5819682216076152,115
genfill,sentinel2,combined,treatment_0005,P10,0.8373730605744836,0.7998301492391254,115
genfill,sentinel2,combined,treatment_0006,P10,0.6297611915027533,0.7460703712811436,115
genfill,sentinel2,combined,treatment_0007,P10,1.212415511480941,1.0286305273790908,115
genfill,sentinel2,combined,treatment_0008,P10,0.7342984010027189,0.6602346712976651,115
genfill,sentinel2,combined,treatment_0009,P10,0.5386671874012852,0.7925329236517099,115
genfill,sentinel2,combined,treatment_0010,P10,0.9195540682060347,0.7042507236729487,115
