label,estimator,treatment_site_id,period,period_index,is_post,gap_norm,gap_rmse,sensor,method,repr
chipmean,fsc,treatment_0001,P01,1,False,0.9751274193598402,0.09093110072000198,sentinel1,covmat,combined
chipmean,fsc,treatment_0001,P02,2,False,0.9956809556664767,0.09284772786323002,sentinel1,covmat,combined
chipmean,fsc,treatment_0001,P03,3,False,0.9694270266769053,0.0903995363614325,sentinel1,covmat,combined
chipmean,fsc,treatment_0001,P04,4,False,0.9325901735214646,0.08696448209264343,sentinel1,covmat,combined
chipmean,fsc,treatment_0001,P05,5,False,1.0112188339862749,0.09429664248753651,sentinel1,covmat,combined
chipmean,fsc,treatment_0001,P06,6,False,0.8050294303584435,0.07506938145842094,sentinel1,covmat,combined
chipmean,fsc,treatment_0001,P07,7,False,0.9172812589267794,0.08553691844579499,sentinel1,covmat,combined
chipmean,fsc,treatment_0001,P08,8,False,0.9990068364987078,0.093157867849999,sentinel1,covmat,combined
chipmean,fsc,treatment_0001,P09,9,False,0.9453191213097949,0.08815146259428923,sentinel1,covmat,combined
chipmean,fsc,treatment_0001,P10,10,False,1.0109421018168705,0.09427083707968006,sentinel1,covmat,combined
chipmean,fsc,treatment_0001,P11,11,True,1.0511951377888291,0.09802445203869223,sentinel1,covmat,combined
chipmean,fsc,treatment_0001,P13,12,True,1.0524299905787415,0.09813960265509847,sentinel1,covmat,combined
chipmean,fsc,treatment_0001,P14,13,True,0.8327202847297406,0.07765156694297262,sentinel1,covmat,combined
chipmean,fsc,treatment_0001,P16,14,True,1.1594930079922596,0.10812328050738067,sentinel1,covmat,combined
chipmean,fsc,treatment_0001,P17,15,True,1.2485019271261406,0.11642340501424239,sentinel1,covmat,combined
chipmean,fsc,treatment_0001,P18,16,True,0.9413042361092864,0.08777707261888851,sentinel1,covmat,combined
chipmean,fsc,treatment_0001,P19,17,True,1.0010627177918057,0.09334957976909751,sentinel1,covmat,combined
chipmean,fsc,treatment_0001,P20,18,True,1.1430479073867186,0.1065897669687144,sentinel1,covmat,combined
chipmean,fsc,treatment_0002,P01,1,False,0.8469149930002867,0.07897523031435791,sentinel1,covmat,combined
chipmean,fsc,treatment_0002,P02,2,False,0.9739555840477587,0.0908218265137038,sentinel1,covmat,combined
chipmean,fsc,treatment_0002,P03,3,False,0.9401742056628656,0.08767169673641398,sentinel1,covmat,combined
chipmean,fsc,treatment_0002,P04,4,False,1.0449368116935822,0.09744086012115687,sentinel1,covmat,combined
chipmean,fsc,treatment_0002,P05,5,False,0.7572477012066601,0.07061371224041349,sentinel1,covmat,combined
chipmean,fsc,treatment_0002,P06,6,False,0.9861441499555812,0.09195841614516365,sentinel1,covmat,combined
chipmean,fsc,treatment_0002,P07,7,False,1.1803735705782752,0.1100704030084029,sentinel1,covmat,combined
chipmean,fsc,treatment_0002,P08,8,False,0.8481589697861469,0.0790912317477733,sentinel1,covmat,combined
chipmean,fsc,treatment_0002,P09,9,False,1.001159601115266,0.093358614185594,sentinel1,covmat,combined
chipmean,fsc,treatment_0002,P10,10,False,0.885752725974752,0.08259686758834213,sentinel1,covmat,combined
chipmean,fsc,treatment_0002,P11,11,True,0.9376417563100565,0.08743554461660202,sentinel1,covmat,combined
chipmean,fsc,treatment_0002,P13,12,True,1.218044180005296,0.11358320545040688,sentinel1,covmat,combined
chipmean,fsc,treatment_0002,P14,13,True,1.1081055902379384,0.10333137909348486,sentinel1,covmat,combined
chipmean,fsc,treatment_0002,P16,14,True,1.0171594482719355,0.09485060762606444,sentinel1,covmat,combined
chipmean,fsc,treatment_0002,P17,15,True,1.2342715979516943,0.11509641997644104,sentinel1,covmat,combined
chipmean,fsc,treatment_0002,P18,16,True,1.212559989561047,0.1130718020545501,sentinel1,covmat,combined
chipmean,fsc,treatment_0002,P19,17,True,1.108788177081771,0.10339503064487637,sentinel1,covmat,combined
chipmean,fsc,treatment_0002,P20,18,True,1.3823519192851241,0.12890498114136043,sentinel1,covmat,combined
chipmean,fsc,treatment_0003,P01,1,False,0.7865901446579684,0.07334990920079994,sentinel1,covmat,combined
chipmean,fsc,treatment_0003,P02,2,False,0.6477988507518818,0.06040755430986792,sentinel1,covmat,combined
chipmean,fsc,treatment_0003,P03,3,False,0.7446953632022677,0.06944320068603815,sentinel1,covmat,combined
chipmean,fsc,treatment_0003,P04,4,False,0.8014798849208011,0.07473838463965404,sentinel1,covmat,combined
chipmean,fsc,treatment_0003,P05,5,False,0.8339654675434562,0.07776768083906543,sentinel1,covmat,combined
chipmean,fsc,treatment_0003,P06,6,False,0.8107030437392408,0.07559844863418995,sentinel1,covmat,combined
chipmean,fsc,treatment_0003,P07,7,False,0.7242062782980281,0.0675325836670734,sentinel1,covmat,combined
chipmean,fsc,treatment_0003,P08,8,False,0.8588422452578178,0.08008745232228219,sentinel1,covmat,combined
chipmean,fsc,treatment_0003,P09,9,False,0.8773810581718707,0.0818162055404244,sentinel1,covmat,combined
chipmean,fsc,treatment_0003,P10,10,False,0.7743136504387521,0.07220512021202459,sentinel1,covmat,combined
chipmean,fsc,treatment_0003,P11,11,True,0.681505229657265,0.0635506903496319,sentinel1,covmat,combined
chipmean,fsc,treatment_0003,P13,12,True,0.7559940976344895,0.07049681310454588,sentinel1,covmat,combined
chipmean,fsc,treatment_0003,P14,13,True,0.7431615971298415,0.0693001762623128,sentinel1,covmat,combined
chipmean,fsc,treatment_0003,P16,14,True,0.7772173924955486,0.07247589555500981,sentinel1,covmat,combined
chipmean,fsc,treatment_0003,P17,15,True,0.6673713177169506,0.06223269626527305,sentinel1,covmat,combined
chipmean,fsc,treatment_0003,P18,16,True,0.7343368574566854,0.0684772650446441,sentinel1,covmat,combined
chipmean,fsc,treatment_0003,P19,17,True,0.8926940665145674,0.08324415093124325,sentinel1,covmat,combined
chipmean,fsc,treatment_0003,P20,18,True,0.9172561176528997,0.0855345740099172,sentinel1,covmat,combined
chipmean,fsc,treatment_0004,P01,1,False,0.8880825654174138,0.08281412623661313,sentinel1,covmat,combined
chipmean,fsc,treatment_0004,P02,2,False,1.0036821475719813,0.09359384285558367,sentinel1,covmat,combined
chipmean,fsc,treatment_0004,P03,3,False,0.9548537247977766,0.08904056895401001,sentinel1,covmat,combined
chipmean,fsc,treatment_0004,P04,4,False,1.0198136789241061,0.09509811591059726,sentinel1,covmat,combined
chipmean,fsc,treatment_0004,P05,5,False,1.0427459181352876,0.09723655824341164,sentinel1,covmat,combined
chipmean,fsc,treatment_0004,P06,6,False,0.7649864668199751,0.07133535585483959,sentinel1,covmat,combined
chipmean,fsc,treatment_0004,P07,7,False,0.7383895968838933,0.06885518494488574,sentinel1,covmat,combined
chipmean,fsc,treatment_0004,P08,8,False,0.9127043644036651,0.08511012083083372,sentinel1,covmat,combined
chipmean,fsc,treatment_0004,P09,9,False,0.7853221836420826,0.07323167122640246,sentinel1,covmat,combined
chipmean,fsc,treatment_0004,P10,10,False,1.0793520310250324,0.10065009587147912,sentinel1,covmat,combined
chipmean,fsc,treatment_0004,P11,11,True,1.0554640617033744,0.09842253124632476,sentinel1,covmat,combined
chipmean,fsc,treatment_0004,P13,12,True,0.8847748836790026,0.08250568332409342,sentinel1,covmat,combined
chipmean,fsc,treatment_0004,P14,13,True,0.9249357639801418,0.08625070472249102,sentinel1,covmat,combined
chipmean,fsc,treatment_0004,P16,14,True,0.9137591258432004,0.08520847784222503,sentinel1,covmat,combined
chipmean,fsc,treatment_0004,P17,15,True,1.0414063244618894,0.09711164048925842,sentinel1,covmat,combined
chipmean,fsc,treatment_0004,P18,16,True,0.9118135644341037,0.08502705330535408,sentinel1,covmat,combined
chipmean,fsc,treatment_0004,P19,17,True,0.904792839775178,0.08437236735517614,sentinel1,covmat,combined
chipmean,fsc,treatment_0004,P20,18,True,1.1582247091604316,0.10800501103148415,sentinel1,covmat,combined
chipmean,fsc,treatment_0005,P01,1,False,1.0812650892276476,0.10082848946871734,sentinel1,covmat,combined
chipmean,fsc,treatment_0005,P02,2,False,0.7911292029864501,0.07377317857241918,sentinel1,covmat,combined
chipmean,fsc,treatment_0005,P03,3,False,0.8230793568054704,0.07675254577844459,sentinel1,covmat,combined
chipmean,fsc,treatment_0005,P04,4,False,0.9553983480584802,0.08909135533493857,sentinel1,covmat,combined
chipmean,fsc,treatment_0005,P05,5,False,0.8614840348246131,0.08033380046962176,sentinel1,covmat,combined
chipmean,fsc,treatment_0005,P06,6,False,1.0296116574297849,0.09601178211735532,sentinel1,covmat,combined
chipmean,fsc,treatment_0005,P07,7,False,0.8477259352474783,0.07905085106882904,sentinel1,covmat,combined
chipmean,fsc,treatment_0005,P08,8,False,0.8052269883601256,0.07508780383706844,sentinel1,covmat,combined
chipmean,fsc,treatment_0005,P09,9,False,0.8543920171329906,0.07967246640986543,sentinel1,covmat,combined
chipmean,fsc,treatment_0005,P10,10,False,0.9031280389186547,0.08421712387482908,sentinel1,covmat,combined
chipmean,fsc,treatment_0005,P11,11,True,0.8886104261102035,0.08286334950002389,sentinel1,covmat,combined
chipmean,fsc,treatment_0005,P13,12,True,0.8856109661861327,0.08258364841989187,sentinel1,covmat,combined
chipmean,fsc,treatment_0005,P14,13,True,0.8055732914604794,0.07512009676768727,sentinel1,covmat,combined
chipmean,fsc,treatment_0005,P16,14,True,0.9310567504292684,0.08682148965198946,sentinel1,covmat,combined
chipmean,fsc,treatment_0005,P17,15,True,0.8827585239960256,0.08231765681414163,sentinel1,covmat,combined
chipmean,fsc,treatment_0005,P18,16,True,0.8838528690587072,0.08241970501742409,sentinel1,covmat,combined
chipmean,fsc,treatment_0005,P19,17,True,1.1249977859297446,0.10490658446391941,sentinel1,covmat,combined
chipmean,fsc,treatment_0005,P20,18,True,1.0708788181265223,0.09985996469456866,sentinel1,covmat,combined
chipmean,fsc,treatment_0006,P01,1,False,0.9276406508990026,0.08650293672824942,sentinel1,covmat,combined
chipmean,fsc,treatment_0006,P02,2,False,0.8113437769616806,0.07565819731526238,sentinel1,covmat,combined
chipmean,fsc,treatment_0006,P03,3,False,1.006398727996195,0.09384716528633875,sentinel1,covmat,combined
chipmean,fsc,treatment_0006,P04,4,False,0.8934099457561312,0.08331090701473101,sentinel1,covmat,combined
chipmean,fsc,treatment_0006,P05,5,False,1.0681153844970215,0.0996022731798924,sentinel1,covmat,combined
chipmean,fsc,treatment_0006,P06,6,False,0.9053025652933238,0.08441989950483152,sentinel1,covmat,combined
chipmean,fsc,treatment_0006,P07,7,False,0.9087701253639533,0.08474325114870392,sentinel1,covmat,combined
chipmean,fsc,treatment_0006,P08,8,False,0.7101109808795014,0.06621819040543807,sentinel1,covmat,combined
chipmean,fsc,treatment_0006,P09,9,False,0.9042745895573763,0.08432404027317895,sentinel1,covmat,combined
chipmean,fsc,treatment_0006,P10,10,False,1.0902759720131314,0.10166875862111269,sentinel1,covmat,combined
chipmean,fsc,treatment_0006,P11,11,True,1.047211732452189,0.09765299757573352,sentinel1,covmat,combined
chipmean,fsc,treatment_0006,P13,12,True,0.8961973494070254,0.08357083374542758,sentinel1,covmat,combined
chipmean,fsc,treatment_0006,P14,13,True,1.0510060151117777,0.09800681625812246,sentinel1,covmat,combined
chipmean,fsc,treatment_0006,P16,14,True,1.0771870153810519,0.10044820712168637,sentinel1,covmat,combined
chipmean,fsc,treatment_0006,P17,15,True,1.1495838244151781,0.10719924437424422,sentinel1,covmat,combined
chipmean,fsc,treatment_0006,P18,16,True,0.9496892195752031,0.0885589763587868,sentinel1,covmat,combined
chipmean,fsc,treatment_0006,P19,17,True,1.0491917198821945,0.09783763235560708,sentinel1,covmat,combined
chipmean,fsc,treatment_0006,P20,18,True,0.839725514663959,0.07830480800262138,sentinel1,covmat,combined
chipmean,fsc,treatment_0008,P01,1,False,1.1309761207699798,0.10546406706229838,sentinel1,covmat,combined
chipmean,fsc,treatment_0008,P02,2,False,0.9342678211254926,0.08712092353837232,sentinel1,covmat,combined
chipmean,fsc,treatment_0008,P03,3,False,0.9928393517179105,0.09258274692871475,sentinel1,covmat,combined
chipmean,fsc,treatment_0008,P04,4,False,0.8967905040182109,0.08362614569812361,sentinel1,covmat,combined
chipmean,fsc,treatment_0008,P05,5,False,0.715708202565531,0.06674013401893901,sentinel1,covmat,combined
chipmean,fsc,treatment_0008,P06,6,False,1.0206646968467408,0.0951774737410728,sentinel1,covmat,combined
chipmean,fsc,treatment_0008,P07,7,False,0.985688106161829,0.09191588984211944,sentinel1,covmat,combined
chipmean,fsc,treatment_0008,P08,8,False,0.8594402061177742,0.08014321245998708,sentinel1,covmat,combined
chipmean,fsc,treatment_0008,P09,9,False,0.9412821183784085,0.08777501012984942,sentinel1,covmat,combined
chipmean,fsc,treatment_0008,P10,10,False,0.9832043227260815,0.09168427584247323,sentinel1,covmat,combined
chipmean,fsc,treatment_0008,P11,11,True,0.9764398353400058,0.09105348414119356,sentinel1,covmat,combined
chipmean,fsc,treatment_0008,P13,12,True,0.8309665380083967,0.07748802921796373,sentinel1,covmat,combined
chipmean,fsc,treatment_0008,P14,13,True,0.9940215302674689,0.09269298564688093,sentinel1,covmat,combined
chipmean,fsc,treatment_0008,P16,14,True,0.7406547430388412,0.06906641091297135,sentinel1,covmat,combined
chipmean,fsc,treatment_0008,P17,15,True,0.7495586908272235,0.06989670832547007,sentinel1,covmat,combined
chipmean,fsc,treatment_0008,P18,16,True,0.9869676162056913,0.09203520476892878,sentinel1,covmat,combined
chipmean,fsc,treatment_0008,P19,17,True,0.8113985149017978,0.07566330165449764,sentinel1,covmat,combined
chipmean,fsc,treatment_0008,P20,18,True,0.8729739315314972,0.08140523886215717,sentinel1,covmat,combined
chipmean,fsc,treatment_0009,P01,1,False,0.8335939539123035,0.07773303701432775,sentinel1,covmat,combined
chipmean,fsc,treatment_0009,P02,2,False,0.9785514453723193,0.09125039279201964,sentinel1,covmat,combined
chipmean,fsc,treatment_0009,P03,3,False,1.0189350107552828,0.09501617968136972,sentinel1,covmat,combined
chipmean,fsc,treatment_0009,P04,4,False,0.904247437922167,0.08432150837014052,sentinel1,covmat,combined
chipmean,fsc,treatment_0009,P05,5,False,0.9354561586164974,0.08723173658078974,sentinel1,covmat,combined
chipmean,fsc,treatment_0009,P06,6,False,0.7779364618971646,0.07254294912245636,sentinel1,covmat,combined
chipmean,fsc,treatment_0009,P07,7,False,0.8120985693827734,0.07572858207145163,sentinel1,covmat,combined
chipmean,fsc,treatment_0009,P08,8,False,0.9802734755216818,0.09141097293144118,sentinel1,covmat,combined
chipmean,fsc,treatment_0009,P09,9,False,0.6879259817367186,0.06414942856829282,sentinel1,covmat,combined
chipmean,fsc,treatment_0009,P10,10,False,0.8528953246416683,0.0795328991154039,sentinel1,covmat,combined
chipmean,fsc,treatment_0009,P11,11,True,0.783887647049517,0.07309789999938605,sentinel1,covmat,combined
chipmean,fsc,treatment_0009,P13,12,True,0.7915969863805024,0.07381679959883604,sentinel1,covmat,combined
chipmean,fsc,treatment_0009,P14,13,True,0.7218768155954387,0.0673153601499953,sentinel1,covmat,combined
chipmean,fsc,treatment_0009,P16,14,True,0.9650788273615558,0.08999406468455745,sentinel1,covmat,combined
chipmean,fsc,treatment_0009,P17,15,True,0.8477459917126438,0.07905272134384934,sentinel1,covmat,combined
chipmean,fsc,treatment_0009,P18,16,True,0.8091361094317734,0.07545233125659895,sentinel1,covmat,combined
chipmean,fsc,treatment_0009,P19,17,True,0.7551178324569137,0.07041510095540755,sentinel1,covmat,combined
chipmean,fsc,treatment_0009,P20,18,True,0.7851821328035435,0.0732186114183689,sentinel1,covmat,combined
chipmean,fsc,treatment_0010,P01,1,False,0.8829898791577783,0.08233923079421619,sentinel1,covmat,combined
chipmean,fsc,treatment_0010,P02,2,False,0.8029519372312399,0.07487565422540057,sentinel1,covmat,combined
chipmean,fsc,treatment_0010,P03,3,False,0.6268567821454157,0.05845469634286511,sentinel1,covmat,combined
chipmean,fsc,treatment_0010,P04,4,False,0.7795980552377518,0.07269789350040014,sentinel1,covmat,combined
chipmean,fsc,treatment_0010,P05,5,False,1.0047637789157011,0.09369470549845987,sentinel1,covmat,combined
chipmean,fsc,treatment_0010,P06,6,False,0.9212559887291402,0.08590756391101075,sentinel1,covmat,combined
chipmean,fsc,treatment_0010,P07,7,False,0.8123251891470287,0.07574971447343266,sentinel1,covmat,combined
chipmean,fsc,treatment_0010,P08,8,False,0.8941499438690828,0.08337991219457262,sentinel1,covmat,combined
chipmean,fsc,treatment_0010,P09,9,False,0.7346297049682917,0.06850457321590951,sentinel1,covmat,combined
chipmean,fsc,treatment_0010,P10,10,False,0.8166649011383277,0.0761543947032591,sentinel1,covmat,combined
chipmean,fsc,treatment_0010,P11,11,True,0.7501621735035794,0.06995298337520924,sentinel1,covmat,combined
chipmean,fsc,treatment_0010,P13,12,True,0.9080161940048672,0.08467294668696082,sentinel1,covmat,combined
chipmean,fsc,treatment_0010,P14,13,True,0.9609320200120198,0.0896073729053286,sentinel1,covmat,combined
chipmean,fsc,treatment_0010,P16,14,True,0.7845244640940294,0.07315728349498378,sentinel1,covmat,combined
chipmean,fsc,treatment_0010,P17,15,True,0.9654913357734916,0.09003253129231442,sentinel1,covmat,combined
chipmean,fsc,treatment_0010,P18,16,True,0.9362224332942857,0.08730319206293678,sentinel1,covmat,combined
chipmean,fsc,treatment_0010,P19,17,True,0.7141089611432607,0.06659100398735861,sentinel1,covmat,combined
chipmean,fsc,treatment_0010,P20,18,True,0.8288914267935358,0.07729452409941462,sentinel1,covmat,combined
chipmean,fsc,treatment_0001,P01,1,False,0.05613871264319245,0.02510599552790104,sentinel1,covmat,chip_mean
chipmean,fsc,treatment_0001,P02,2,False,0.040329197603112106,0.01803576546371605,sentinel1,covmat,chip_mean
chipmean,fsc,treatment_0001,P03,3,False,0.053908477008557894,0.024108603830923992,sentinel1,covmat,chip_mean
chipmean,fsc,treatment_0001,P04,4,False,0.036252614937089485,0.016212662272291272,sentinel1,covmat,chip_mean
chipmean,fsc,treatment_0001,P05,5,False,0.031418859643762,0.014050941187795332,sentinel1,covmat,chip_mean
chipmean,fsc,treatment_0001,P06,6,False,0.03526478383740874,0.015770890774456366,sentinel1,covmat,chip_mean
chipmean,fsc,treatment_0001,P07,7,False,0.024997213158304166,0.011179093574004064,sentinel1,covmat,chip_mean
chipmean,fsc,treatment_0001,P08,8,False,0.04533859673017135,0.020276036858622563,sentinel1,covmat,chip_mean
chipmean,fsc,treatment_0001,P09,9,False,0.05236922910975505,0.02342023124373462,sentinel1,covmat,chip_mean
chipmean,fsc,treatment_0001,P10,10,False,0.059799890989948846,0.026743324260120563,sentinel1,covmat,chip_mean
chipmean,fsc,treatment_0001,P11,11,True,0.048727993889293116,0.021791821348730752,sentinel1,covmat,chip_mean
chipmean,fsc,treatment_0001,P13,12,True,0.07303774026977686,0.03266347043323897,sentinel1,covmat,chip_mean
chipmean,fsc,treatment_0001,P14,13,True,0.035951708439022984,0.016078092795381648,sentinel1,covmat,chip_mean
chipmean,fsc,treatment_0001,P16,14,True,0.07036715145717805,0.031469146808254696,sentinel1,covmat,chip_mean
chipmean,fsc,treatment_0001,P17,15,True,0.08344331849713119,0.03731698648555019,sentinel1,covmat,chip_mean
chipmean,fsc,treatment_0001,P18,16,True,0.057245949179775144,0.02560116676049511,sentinel1,covmat,chip_mean
chipmean,fsc,treatment_0001,P19,17,True,0.05646493311490304,0.02525188575798043,sentinel1,covmat,chip_mean
chipmean,fsc,treatment_0001,P20,18,True,0.06508186757454407,0.02910549599986398,sentinel1,covmat,chip_mean
chipmean,fsc,treatment_0002,P01,1,False,0.037216438452575266,0.016643697252079075,sentinel1,covmat,chip_mean
chipmean,fsc,treatment_0002,P02,2,False,0.03794368231683092,0.01696893059541813,sentinel1,covmat,chip_mean
chipmean,fsc,treatment_0002,P03,3,False,0.03624235567695767,0.016208074191680553,sentinel1,covmat,chip_mean
chipmean,fsc,treatment_0002,P04,4,False,0.06368364687998104,0.028480192695746,sentinel1,covmat,chip_mean
chipmean,fsc,treatment_0002,P05,5,False,0.023465825615395283,0.010494236244835937,sentinel1,covmat,chip_mean
chipmean,fsc,treatment_0002,P06,6,False,0.042959083163978035,0.019211886041144325,sentinel1,covmat,chip_mean
chipmean,fsc,treatment_0002,P07,7,False,0.057573332269949484,0.025747576929357866,sentinel1,covmat,chip_mean
chipmean,fsc,treatment_0002,P08,8,False,0.027671500112869053,0.01237507105835366,sentinel1,covmat,chip_mean
chipmean,fsc,treatment_0002,P09,9,False,0.04398159943477186,0.019669169219063243,sentinel1,covmat,chip_mean
chipmean,fsc,treatment_0002,P10,10,False,0.043038940983512006,0.0192475995437469,sentinel1,covmat,chip_mean
chipmean,fsc,treatment_0002,P11,11,True,0.047448236782245815,0.021219496571521505,sentinel1,covmat,chip_mean
chipmean,fsc,treatment_0002,P13,12,True,0.09609593202574658,0.042975407274153686,sentinel1,covmat,chip_mean
chipmean,fsc,treatment_0002,P14,13,True,0.06593613337480546,0.029487535279911527,sentinel1,covmat,chip_mean
chipmean,fsc,treatment_0002,P16,14,True,0.06265514231982673,0.02802023147341129,sentinel1,covmat,chip_mean
chipmean,fsc,treatment_0002,P17,15,True,0.09426002288112073,0.042154363744574305,sentinel1,covmat,chip_mean
chipmean,fsc,treatment_0002,P18,16,True,0.06308517962086725,0.02821255000100872,sentinel1,covmat,chip_mean
chipmean,fsc,treatment_0002,P19,17,True,0.07067515799367677,0.031606891518879784,sentinel1,covmat,chip_mean
chipmean,fsc,treatment_0002,P20,18,True,0.09157039819834119,0.04095152701964303,sentinel1,covmat,chip_mean
chipmean,fsc,treatment_0003,P01,1,False,0.033365863344432756,0.014921667713224023,sentinel1,covmat,chip_mean
chipmean,fsc,treatment_0003,P02,2,False,0.019827843308772998,0.008867281097126156,sentinel1,covmat,chip_mean
chipmean,fsc,treatment_0003,P03,3,False,0.023136746234062092,0.010347067471505019,sentinel1,covmat,chip_mean
chipmean,fsc,treatment_0003,P04,4,False,0.018009140352177266,0.008053932408760574,sentinel1,covmat,chip_mean
chipmean,fsc,treatment_0003,P05,5,False,0.02625780194689558,0.011742846018596969,sentinel1,covmat,chip_mean
chipmean,fsc,treatment_0003,P06,6,False,0.02358163152833484,0.010546026223541793,sentinel1,covmat,chip_mean
chipmean,fsc,treatment_0003,P07,7,False,0.026293890670932525,0.011758985386630536,sentinel1,covmat,chip_mean
chipmean,fsc,treatment_0003,P08,8,False,0.017862029499956668,0.007988142435601937,sentinel1,covmat,chip_mean
chipmean,fsc,treatment_0003,P09,9,False,0.040550940581897184,0.018134931938535395,sentinel1,covmat,chip_mean
chipmean,fsc,treatment_0003,P10,10,False,0.015758724054438296,0.007047515644877024,sentinel1,covmat,chip_mean
chipmean,fsc,treatment_0003,P11,11,True,0.024833552019728065,0.01110590208777783,sentinel1,covmat,chip_mean
chipmean,fsc,treatment_0003,P13,12,True,0.016416560871698817,0.007341709213176351,sentinel1,covmat,chip_mean
chipmean,fsc,treatment_0003,P14,13,True,0.02677111174432101,0.011972405138708949,sentinel1,covmat,chip_mean
chipmean,fsc,treatment_0003,P16,14,True,0.008460666804561555,0.0037837252219951128,sentinel1,covmat,chip_mean
chipmean,fsc,treatment_0003,P17,15,True,0.03441492019320432,0.015390820198447014,sentinel1,covmat,chip_mean
chipmean,fsc,treatment_0003,P18,16,True,0.03244897362860542,0.014511622166731946,sentinel1,covmat,chip_mean
chipmean,fsc,treatment_0003,P19,17,True,0.018631260702291715,0.008332153087368949,sentinel1,covmat,chip_mean
chipmean,fsc,treatment_0003,P20,18,True,0.05822877772307727,0.026040701047105243,sentinel1,covmat,chip_mean
chipmean,fsc,treatment_0004,P01,1,False,0.0375739755508574,0.01680359270332645,sentinel1,covmat,chip_mean
chipmean,fsc,treatment_0004,P02,2,False,0.04096526537184627,0.018320223617553293,sentinel1,covmat,chip_mean
chipmean,fsc,treatment_0004,P03,3,False,0.020561342931348484,0.009195312100636,sentinel1,covmat,chip_mean
chipmean,fsc,treatment_0004,P04,4,False,0.023044147408135977,0.010305656017623527,sentinel1,covmat,chip_mean
chipmean,fsc,treatment_0004,P05,5,False,0.04737790581600277,0.02118804360723297,sentinel1,covmat,chip_mean
chipmean,fsc,treatment_0004,P06,6,False,0.018353745651310843,0.00820804458361444,sentinel1,covmat,chip_mean
chipmean,fsc,treatment_0004,P07,7,False,0.02293082390227403,0.010254976205112344,sentinel1,covmat,chip_mean
chipmean,fsc,treatment_0004,P08,8,False,0.036580309623318256,0.01635921179114587,sentinel1,covmat,chip_mean
chipmean,fsc,treatment_0004,P09,9,False,0.021229026354344815,0.009493909204889909,sentinel1,covmat,chip_mean
chipmean,fsc,treatment_0004,P10,10,False,0.05873679786597715,0.0262678945617979,sentinel1,covmat,chip_mean
chipmean,fsc,treatment_0004,P11,11,True,0.038963699159964865,0.017425095995306575,sentinel1,covmat,chip_mean
chipmean,fsc,treatment_0004,P13,12,True,0.04542528721261435,0.020314806020971524,sentinel1,covmat,chip_mean
chipmean,fsc,treatment_0004,P14,13,True,0.0554946819108179,0.024817976228463347,sentinel1,covmat,chip_mean
chipmean,fsc,treatment_0004,P16,14,True,0.030749629420181186,0.013751652333290515,sentinel1,covmat,chip_mean
chipmean,fsc,treatment_0004,P17,15,True,0.02756661524162246,0.012328165117969922,sentinel1,covmat,chip_mean
chipmean,fsc,treatment_0004,P18,16,True,0.032341416930798596,0.014463521349185656,sentinel1,covmat,chip_mean
chipmean,fsc,treatment_0004,P19,17,True,0.04339817469493795,0.019408253743458493,sentinel1,covmat,chip_mean
chipmean,fsc,treatment_0004,P20,18,True,0.04614962203712858,0.020638738402188366,sentinel1,covmat,chip_mean
chipmean,fsc,treatment_0005,P01,1,False,0.05758065334488728,0.025750851013603717,sentinel1,covmat,chip_mean
chipmean,fsc,treatment_0005,P02,2,False,0.035037641638826555,0.015669309695138665,sentinel1,covmat,chip_mean
chipmean,fsc,treatment_0005,P03,3,False,0.027684624503294543,0.012380940464184588,sentinel1,covmat,chip_mean
chipmean,fsc,treatment_0005,P04,4,False,0.01988283358584489,0.008891873496653014,sentinel1,covmat,chip_mean
chipmean,fsc,treatment_0005,P05,5,False,0.020220608704076146,0.009042931121747639,sentinel1,covmat,chip_mean
chipmean,fsc,treatment_0005,P06,6,False,0.032973481981832836,0.014746189433248543,sentinel1,covmat,chip_mean
chipmean,fsc,treatment_0005,P07,7,False,0.017711022818946473,0.007920610194842853,sentinel1,covmat,chip_mean
chipmean,fsc,treatment_0005,P08,8,False,0.016750038399086304,0.0074908448972177445,sentinel1,covmat,chip_mean
chipmean,fsc,treatment_0005,P09,9,False,0.03160736934008287,0.014135245286873592,sentinel1,covmat,chip_mean
chipmean,fsc,treatment_0005,P10,10,False,0.0381208251462795,0.017048151277092864,sentinel1,covmat,chip_mean
chipmean,fsc,treatment_0005,P11,11,True,0.0196771984701944,0.00879991067722191,sentinel1,covmat,chip_mean
chipmean,fsc,treatment_0005,P13,12,True,0.017876284467231142,0.007994517450770488,sentinel1,covmat,chip_mean
chipmean,fsc,treatment_0005,P14,13,True,0.021652447891352233,0.009683269072867115,sentinel1,covmat,chip_mean
chipmean,fsc,treatment_0005,P16,14,True,0.03944917909662711,0.017642209223324393,sentinel1,covmat,chip_mean
chipmean,fsc,treatment_0005,P17,15,True,0.034235455906193334,0.015310561329388992,sentinel1,covmat,chip_mean
chipmean,fsc,treatment_0005,P18,16,True,0.03265093724197916,0.014601943040428979,sentinel1,covmat,chip_mean
chipmean,fsc,treatment_0005,P19,17,True,0.05804897454376508,0.02596029062080271,sentinel1,covmat,chip_mean
chipmean,fsc,treatment_0005,P20,18,True,0.05804038387291324,0.025956448756003305,sentinel1,covmat,chip_mean
chipmean,fsc,treatment_0006,P01,1,False,0.05460869212297588,0.024421749549866274,sentinel1,covmat,chip_mean
chipmean,fsc,treatment_0006,P02,2,False,0.04064279028903373,0.01817600837630955,sentinel1,covmat,chip_mean
chipmean,fsc,treatment_0006,P03,3,False,0.05514570419575383,0.024661908649760186,sentinel1,covmat,chip_mean
chipmean,fsc,treatment_0006,P04,4,False,0.03999232434444451,0.01788511116247953,sentinel1,covmat,chip_mean
chipmean,fsc,treatment_0006,P05,5,False,0.05308556662872352,0.023740587121184025,sentinel1,covmat,chip_mean
chipmean,fsc,treatment_0006,P06,6,False,0.03680827572323047,0.016461161330339712,sentinel1,covmat,chip_mean
chipmean,fsc,treatment_0006,P07,7,False,0.0415325585475043,0.018573924838341912,sentinel1,covmat,chip_mean
chipmean,fsc,treatment_0006,P08,8,False,0.0407016201733704,0.0182023179004066,sentinel1,covmat,chip_mean
chipmean,fsc,treatment_0006,P09,9,False,0.050758554504197494,0.022699915662202745,sentinel1,covmat,chip_mean
chipmean,fsc,treatment_0006,P10,10,False,0.06468417858288715,0.02892764407601434,sentinel1,covmat,chip_mean
chipmean,fsc,treatment_0006,P11,11,True,0.05954757976930304,0.02663048725195057,sentinel1,covmat,chip_mean
chipmean,fsc,treatment_0006,P13,12,True,0.05445254672535812,0.024351919205176865,sentinel1,covmat,chip_mean
chipmean,fsc,treatment_0006,P14,13,True,0.07000899904793716,0.03130897618158111,sentinel1,covmat,chip_mean
chipmean,fsc,treatment_0006,P16,14,True,0.07172569359154803,0.032076705320804484,sentinel1,covmat,chip_mean
chipmean,fsc,treatment_0006,P17,15,True,0.06766954848132317,0.030262742082191256,sentinel1,covmat,chip_mean
chipmean,fsc,treatment_0006,P18,16,True,0.048550819268387196,0.021712586449484074,sentinel1,covmat,chip_mean
chipmean,fsc,treatment_0006,P19,17,True,0.06732424894231917,0.0301083194338288,sentinel1,covmat,chip_mean
chipmean,fsc,treatment_0006,P20,18,True,0.04385449445121802,0.019612326142362167,sentinel1,covmat,chip_mean
chipmean,fsc,treatment_0008,P01,1,False,0.05412455490998078,0.024205236806127406,sentinel1,covmat,chip_mean
chipmean,fsc,treatment_0008,P02,2,False,0.05447790889959931,0.024363261514308964,sentinel1,covmat,chip_mean
chipmean,fsc,treatment_0008,P03,3,False,0.05824517750248115,0.026048035251417856,sentinel1,covmat,chip_mean
chipmean,fsc,treatment_0008,P04,4,False,0.03714417074914292,0.01661137815258857,sentinel1,covmat,chip_mean
chipmean,fsc,treatment_0008,P05,5,False,0.012888467090849206,0.0057638977081815555,sentinel1,covmat,chip_mean
chipmean,fsc,treatment_0008,P06,6,False,0.04757860377511505,0.021277798463137074,sentinel1,covmat,chip_mean
chipmean,fsc,treatment_0008,P07,7,False,0.05267339861025452,0.02355625997969441,sentinel1,covmat,chip_mean
chipmean,fsc,treatment_0008,P08,8,False,0.014190759530363662,0.006346300592449228,sentinel1,covmat,chip_mean
chipmean,fsc,treatment_0008,P09,9,False,0.03926028649174734,0.017557733882332758,sentinel1,covmat,chip_mean
chipmean,fsc,treatment_0008,P10,10,False,0.051265588344695245,0.0229266680890519,sentinel1,covmat,chip_mean
chipmean,fsc,treatment_0008,P11,11,True,0.045062895447997735,0.020152739496937754,sentinel1,covmat,chip_mean
chipmean,fsc,treatment_0008,P13,12,True,0.046702762064831184,0.020886110142792194,sentinel1,covmat,chip_mean
chipmean,fsc,treatment_0008,P14,13,True,0.046232977078224984,0.020676015909820135,sentinel1,covmat,chip_mean
chipmean,fsc,treatment_0008,P16,14,True,0.03308838949021773,0.01479757763322329,sentinel1,covmat,chip_mean
chipmean,fsc,treatment_0008,P17,15,True,0.02211682200794167,0.009890943491204193,sentinel1,covmat,chip_mean
chipmean,fsc,treatment_0008,P18,16,True,0.03764762874393369,0.01683653141262215,sentinel1,covmat,chip_mean
chipmean,fsc,treatment_0008,P19,17,True,0.03811523326087681,0.017045650509916306,sentinel1,covmat,chip_mean
chipmean,fsc,treatment_0008,P20,18,True,0.05563973120128968,0.02488284424317995,sentinel1,covmat,chip_mean
chipmean,fsc,treatment_0009,P01,1,False,0.031265643863345766,0.013982421007748056,sentinel1,covmat,chip_mean
chipmean,fsc,treatment_0009,P02,2,False,0.050575985756563656,0.022618268436147494,sentinel1,covmat,chip_mean
chipmean,fsc,treatment_0009,P03,3,False,0.05203024239461173,0.023268631776028656,sentinel1,covmat,chip_mean
chipmean,fsc,treatment_0009,P04,4,False,0.04374830089784786,0.019564834941540578,sentinel1,covmat,chip_mean
chipmean,fsc,treatment_0009,P05,5,False,0.03142853068324354,0.014055266208134094,sentinel1,covmat,chip_mean
chipmean,fsc,treatment_0009,P06,6,False,0.012904427655913146,0.005771035489870012,sentinel1,covmat,chip_mean
chipmean,fsc,treatment_0009,P07,7,False,0.022501968935173183,0.010063186433327159,sentinel1,covmat,chip_mean
chipmean,fsc,treatment_0009,P08,8,False,0.039242160003456546,0.017549627470330443,sentinel1,covmat,chip_mean
chipmean,fsc,treatment_0009,P09,9,False,0.024628977630434083,0.011014413639594461,sentinel1,covmat,chip_mean
chipmean,fsc,treatment_0009,P10,10,False,0.03787312748459284,0.016937377515213042,sentinel1,covmat,chip_mean
chipmean,fsc,treatment_0009,P11,11,True,0.03578701620182268,0.01600444018783237,sentinel1,covmat,chip_mean
chipmean,fsc,treatment_0009,P13,12,True,0.022503650384074553,0.01006393840013599,sentinel1,covmat,chip_mean
chipmean,fsc,treatment_0009,P14,13,True,0.03778977251495161,0.016900100039536996,sentinel1,covmat,chip_mean
chipmean,fsc,treatment_0009,P16,14,True,0.053326400069851586,0.023848291110307538,sentinel1,covmat,chip_mean
chipmean,fsc,treatment_0009,P17,15,True,0.03931089675067585,0.01758036747819736,sentinel1,covmat,chip_mean
chipmean,fsc,treatment_0009,P18,16,True,0.026002766307523413,0.011628790613332711,sentinel1,covmat,chip_mean
chipmean,fsc,treatment_0009,P19,17,True,0.03040091448347858,0.013595702272643203,sentinel1,covmat,chip_mean
chipmean,fsc,treatment_0009,P20,18,True,0.0243084205392052,0.010871056150262983,sentinel1,covmat,chip_mean
chipmean,fsc,treatment_0010,P01,1,False,0.0356081327417307,0.01592444107246916,sentinel1,covmat,chip_mean
chipmean,fsc,treatment_0010,P02,2,False,0.03544802488860223,0.015852838663803798,sentinel1,covmat,chip_mean
chipmean,fsc,treatment_0010,P03,3,False,0.035112232973404885,0.015702667954068578,sentinel1,covmat,chip_mean
chipmean,fsc,treatment_0010,P04,4,False,0.009716344726939566,0.0043452814604517,sentinel1,covmat,chip_mean
chipmean,fsc,treatment_0010,P05,5,False,0.021756370881566213,0.009729744846975814,sentinel1,covmat,chip_mean
chipmean,fsc,treatment_0010,P06,6,False,0.02981285920173023,0.013332715955739783,sentinel1,covmat,chip_mean
chipmean,fsc,treatment_0010,P07,7,False,0.02623772991551677,0.011733869533275062,sentinel1,covmat,chip_mean
chipmean,fsc,treatment_0010,P08,8,False,0.02964583184138344,0.013258019049372226,sentinel1,covmat,chip_mean
chipmean,fsc,treatment_0010,P09,9,False,0.023557034163003355,0.010535025947352073,sentinel1,covmat,chip_mean
chipmean,fsc,treatment_0010,P10,10,False,0.02966649023019572,0.013267257761710203,sentinel1,covmat,chip_mean
chipmean,fsc,treatment_0010,P11,11,True,0.02719025728288789,0.012159852722049209,sentinel1,covmat,chip_mean
chipmean,fsc,treatment_0010,P13,12,True,0.034414942651488735,0.015390830242097133,sentinel1,covmat,chip_mean
chipmean,fsc,treatment_0010,P14,13,True,0.0634132980550895,0.028359289025727066,sentinel1,covmat,chip_mean
chipmean,fsc,treatment_0010,P16,14,True,0.04599503317104576,0.020569604159563205,sentinel1,covmat,chip_mean
chipmean,fsc,treatment_0010,P17,15,True,0.02493080100470308,0.011149393156007228,sentinel1,covmat,chip_mean
chipmean,fsc,treatment_0010,P18,16,True,0.06207757610451449,0.027761936009622196,sentinel1,covmat,chip_mean
chipmean,fsc,treatment_0010,P19,17,True,0.02967249965741401,0.01326994525926339,sentinel1,covmat,chip_mean
chipmean,fsc,treatment_0010,P20,18,True,0.03459069063495472,0.015469427129684823,sentinel1,covmat,chip_mean
chipmean,fsc,treatment_0001,P01,1,False,1.5522252616690297,0.14474575199784495,sentinel2,covmat,combined
chipmean,fsc,treatment_0001,P02,2,False,0.9123545199506943,0.08507749766738057,sentinel2,covmat,combined
chipmean,fsc,treatment_0001,P03,3,False,2.603703785810335e-16,2.4279662995016454e-17,sentinel2,covmat,combined
chipmean,fsc,treatment_0001,P04,4,False,2.8180931241088896,0.2627885388300507,sentinel2,covmat,combined
chipmean,fsc,treatment_0001,P05,5,False,1.6281593899686,0.15182664597273357,sentinel2,covmat,combined
chipmean,fsc,treatment_0001,P06,6,False,0.4073214270955158,0.037982918926587485,sentinel2,covmat,combined
chipmean,fsc,treatment_0001,P07,7,False,1.4948517173632927,0.1393956414047561,sentinel2,covmat,combined
chipmean,fsc,treatment_0001,P08,8,False,1.0383863329985148,0.09683002483321428,sentinel2,covmat,combined
chipmean,fsc,treatment_0001,P09,9,False,1.8222362735316353,0.16992440868181616,sentinel2,covmat,combined
chipmean,fsc,treatment_0001,P10,10,False,1.3364050895446842,0.12462041717572452,sentinel2,covmat,combined
chipmean,fsc,treatment_0001,P11,11,True,1.0490932056515365,0.09782844585623023,sentinel2,covmat,combined
chipmean,fsc,treatment_0001,P12,12,True,1.32789909936239,0.1238272295013411,sentinel2,covmat,combined
chipmean,fsc,treatment_0001,P13,13,True,3.375248075605789,0.31474350595062645,sentinel2,covmat,combined
chipmean,fsc,treatment_0001,P14,14,True,3.1057445588445582,0.2896121734288743,sentinel2,covmat,combined
chipmean,fsc,treatment_0001,P16,15,True,1.2506515051288285,0.1166238541965618,sentinel2,covmat,combined
chipmean,fsc,treatment_0001,P17,16,True,4.288891251522573,0.3999411714064616,sentinel2,covmat,combined
chipmean,fsc,treatment_0001,P18,17,True,2.612481979070148,0.24361520069240836,sentinel2,covmat,combined
chipmean,fsc,treatment_0001,P19,18,True,1.347696073919027,0.12567330689760858,sentinel2,covmat,combined
chipmean,fsc,treatment_0001,P20,19,True,0.8597266701219808,0.08016992536611812,sentinel2,covmat,combined
chipmean,fsc,treatment_0002,P01,1,False,2.5481503509442764,0.23761624543747806,sentinel2,covmat,combined
chipmean,fsc,treatment_0002,P02,2,False,0.9678095576364906,0.09024870659569587,sentinel2,covmat,combined
chipmean,fsc,treatment_0002,P03,3,False,1.5623310707419569,0.14568812355301128,sentinel2,covmat,combined
chipmean,fsc,treatment_0002,P04,4,False,2.1195750153695205,0.19765138932581147,sentinel2,covmat,combined
chipmean,fsc,treatment_0002,P05,5,False,3.076356811881909,0.2868717518942722,sentinel2,covmat,combined
chipmean,fsc,treatment_0002,P06,6,False,2.8635847870091173,0.2670306582689817,sentinel2,covmat,combined
chipmean,fsc,treatment_0002,P07,7,False,3.473243737044355,0.3238816484984417,sentinel2,covmat,combined
chipmean,fsc,treatment_0002,P08,8,False,1.3339051803503852,0.12438729944133972,sentinel2,covmat,combined
chipmean,fsc,treatment_0002,P09,9,False,1.4588063970006262,0.1360343979494812,sentinel2,covmat,combined
chipmean,fsc,treatment_0002,P10,10,False,1.484826240851404,0.13846076089953244,sentinel2,covmat,combined
chipmean,fsc,treatment_0002,P11,11,True,1.477046724315906,0.13773531724201876,sentinel2,covmat,combined
chipmean,fsc,treatment_0002,P12,12,True,1.4911904680362047,0.13905422814458845,sentinel2,covmat,combined
chipmean,fsc,treatment_0002,P13,13,True,5.753467747645803,0.5365136338735279,sentinel2,covmat,combined
chipmean,fsc,treatment_0002,P14,14,True,1.8887212594518965,0.17612416558645946,sentinel2,covmat,combined
chipmean,fsc,treatment_0002,P16,15,True,1.959414340680517,0.18271632940196064,sentinel2,covmat,combined
chipmean,fsc,treatment_0002,P17,16,True,2.1898218658298476,0.20420194190761082,sentinel2,covmat,combined
chipmean,fsc,treatment_0002,P18,17,True,2.4080285744317322,0.2245498224037658,sentinel2,covmat,combined
chipmean,fsc,treatment_0002,P19,18,True,1.8128715914120919,0.1690511475714045,sentinel2,covmat,combined
chipmean,fsc,treatment_0002,P20,19,True,2.0010882135170145,0.18660243808176358,sentinel2,covmat,combined
chipmean,fsc,treatment_0003,P01,1,False,0.8435085318401142,0.07865757617326342,sentinel2,covmat,combined
chipmean,fsc,treatment_0003,P02,2,False,1.0356598938375365,0.09657578307051558,sentinel2,covmat,combined
chipmean,fsc,treatment_0003,P03,3,False,2.3686242016084886,0.22087534569142897,sentinel2,covmat,combined
chipmean,fsc,treatment_0003,P04,4,False,1.511465721935761,0.14094490531955142,sentinel2,covmat,combined
chipmean,fsc,treatment_0003,P05,5,False,0.8530992904850743,0.07955191902837319,sentinel2,covmat,combined
chipmean,fsc,treatment_0003,P06,6,False,2.389163998641435,0.22279069164077928,sentinel2,covmat,combined
chipmean,fsc,treatment_0003,P07,7,False,2.0966664510094173,0.19551515468424358,sentinel2,covmat,combined
chipmean,fsc,treatment_0003,P08,8,False,1.8309054927708828,0.17073281754424488,sentinel2,covmat,combined
chipmean,fsc,treatment_0003,P09,9,False,1.0620390326367235,0.0990356504472636,sentinel2,covmat,combined
chipmean,fsc,treatment_0003,P10,10,False,0.8802386819768604,0.08208268033425388,sentinel2,covmat,combined
chipmean,fsc,treatment_0003,P11,11,True,0.996461183854757,0.09292048451693963,sentinel2,covmat,combined
chipmean,fsc,treatment_0003,P12,12,True,1.070009267379977,0.09977887866935241,sentinel2,covmat,combined
chipmean,fsc,treatment_0003,P13,13,True,1.8262491906228893,0.17029861513008254,sentinel2,covmat,combined
chipmean,fsc,treatment_0003,P14,14,True,2.8577893163379047,0.26649022784228954,sentinel2,covmat,combined
chipmean,fsc,treatment_0003,P16,15,True,1.297393008641352,0.12098252187354279,sentinel2,covmat,combined
chipmean,fsc,treatment_0003,P17,16,True,3.2395023041249766,0.3020851474902116,sentinel2,covmat,combined
chipmean,fsc,treatment_0003,P18,17,True,0.8516186192673667,0.07941384572537966,sentinel2,covmat,combined
chipmean,fsc,treatment_0003,P19,18,True,1.2032465889004962,0.11220332296484688,sentinel2,covmat,combined
chipmean,fsc,treatment_0003,P20,19,True,0.9969305409526247,0.09296425229199394,sentinel2,covmat,combined
chipmean,fsc,treatment_0004,P01,1,False,1.7534614755587092,0.16351112570226517,sentinel2,covmat,combined
chipmean,fsc,treatment_0004,P02,2,False,2.836572266783596,0.26451172776968296,sentinel2,covmat,combined
chipmean,fsc,treatment_0004,P03,3,False,4.048833990530294,0.37755571639363167,sentinel2,covmat,combined
chipmean,fsc,treatment_0004,P04,4,False,2.0310941039662045,0.18940050179370374,sentinel2,covmat,combined
chipmean,fsc,treatment_0004,P05,5,False,2.5786405278305504,0.24045946909253293,sentinel2,covmat,combined
chipmean,fsc,treatment_0004,P06,6,False,1.7783936139238483,0.16583605959278566,sentinel2,covmat,combined
chipmean,fsc,treatment_0004,P07,7,False,2.108985184576785,0.19666388251254377,sentinel2,covmat,combined
chipmean,fsc,treatment_0004,P08,8,False,1.3578166124254771,0.12661705197953319,sentinel2,covmat,combined
chipmean,fsc,treatment_0004,P09,9,False,2.4523167618533015,0.22867971717565203,sentinel2,covmat,combined
chipmean,fsc,treatment_0004,P10,10,False,1.8959607180427513,0.17679924858096235,sentinel2,covmat,combined
chipmean,fsc,treatment_0004,P11,11,True,1.2975521135065624,0.12099735847872509,sentinel2,covmat,combined
chipmean,fsc,treatment_0004,P12,12,True,1.481241930505033,0.1381265222363108,sentinel2,covmat,combined
chipmean,fsc,treatment_0004,P13,13,True,2.485705800783556,0.2317932611101506,sentinel2,covmat,combined
chipmean,fsc,treatment_0004,P14,14,True,1.6452845285472022,0.15342357337936638,sentinel2,covmat,combined
chipmean,fsc,treatment_0004,P16,15,True,3.1220708589128288,0.29113460876031794,sentinel2,covmat,combined
chipmean,fsc,treatment_0004,P17,16,True,5.711830805161464,0.5326309689668207,sentinel2,covmat,combined
chipmean,fsc,treatment_0004,P18,17,True,5.037213313799118,0.46972256352498015,sentinel2,covmat,combined
chipmean,fsc,treatment_0004,P19,18,True,1.9193340417837805,0.17897882225826905,sentinel2,covmat,combined
chipmean,fsc,treatment_0004,P20,19,True,1.377062074981816,0.1284117006165927,sentinel2,covmat,combined
chipmean,fsc,treatment_0005,P01,1,False,1.5032040107774747,0.14017449678161198,sentinel2,covmat,combined
chipmean,fsc,treatment_0005,P02,2,False,2.071804145858517,0.19319673277452828,sentinel2,covmat,combined
chipmean,fsc,treatment_0005,P03,3,False,3.7465547048786227,0.34936802766346853,sentinel2,covmat,combined
chipmean,fsc,treatment_0005,P04,4,False,5.172995537445013,0.4823843211673161,sentinel2,covmat,combined
chipmean,fsc,treatment_0005,P05,5,False,1.9196397820960938,0.17900733268939956,sentinel2,covmat,combined
chipmean,fsc,treatment_0005,P06,6,False,2.8776348804425744,0.2683408362372741,sentinel2,covmat,combined
chipmean,fsc,treatment_0005,P07,7,False,3.628345122725583,0.33834492728968973,sentinel2,covmat,combined
chipmean,fsc,treatment_0005,P08,8,False,2.070376023970802,0.1930635597218236,sentinel2,covmat,combined
chipmean,fsc,treatment_0005,P09,9,False,2.070697328277508,0.19309352150291473,sentinel2,covmat,combined
chipmean,fsc,treatment_0005,P10,10,False,2.18224103384396,0.20349502567988062,sentinel2,covmat,combined
chipmean,fsc,treatment_0005,P11,11,True,1.7913292448642566,0.16704231339774098,sentinel2,covmat,combined
chipmean,fsc,treatment_0005,P12,12,True,1.8707504738610743,0.17444838118932973,sentinel2,covmat,combined
chipmean,fsc,treatment_0005,P13,13,True,1.1949244400870849,0.11142727858650714,sentinel2,covmat,combined
chipmean,fsc,treatment_0005,P14,14,True,2.45913397458432,0.22931542554069917,sentinel2,covmat,combined
chipmean,fsc,treatment_0005,P16,15,True,1.9818562069858408,0.18480904422552072,sentinel2,covmat,combined
chipmean,fsc,treatment_0005,P17,16,True,3.524782866926409,0.32868769714119545,sentinel2,covmat,combined
chipmean,fsc,treatment_0005,P18,17,True,3.604203804546374,0.33609373776175255,sentinel2,covmat,combined
chipmean,fsc,treatment_0005,P19,18,True,2.1149913338877595,0.19722395882369306,sentinel2,covmat,combined
chipmean,fsc,treatment_0005,P20,19,True,1.940465685654668,0.18094935820983152,sentinel2,covmat,combined
chipmean,fsc,treatment_0006,P01,1,False,1.4263497141853738,0.13300779667100585,sentinel2,covmat,combined
chipmean,fsc,treatment_0006,P02,2,False,1.4462668383043091,0.13486507807172846,sentinel2,covmat,combined
chipmean,fsc,treatment_0006,P03,3,False,2.573891066592603,0.24001657954843922,sentinel2,covmat,combined
chipmean,fsc,treatment_0006,P04,4,False,1.613159148434738,0.15042786623722434,sentinel2,covmat,combined
chipmean,fsc,treatment_0006,P05,5,False,1.454402010744815,0.13562368681339207,sentinel2,covmat,combined
chipmean,fsc,treatment_0006,P06,6,False,0.06474446527438392,0.0060374525175311035,sentinel2,covmat,combined
chipmean,fsc,treatment_0006,P07,7,False,2.3579473526136625,0.2198797243889759,sentinel2,covmat,combined
chipmean,fsc,treatment_0006,P08,8,False,1.4197086011980071,0.13238850969172716,sentinel2,covmat,combined
chipmean,fsc,treatment_0006,P09,9,False,1.6738663503945925,0.15608884200946233,sentinel2,covmat,combined
chipmean,fsc,treatment_0006,P10,10,False,1.1412502422826454,0.10642213383339899,sentinel2,covmat,combined
chipmean,fsc,treatment_0006,P11,11,True,1.41130765695979,0.13160511760213753,sentinel2,covmat,combined
chipmean,fsc,treatment_0006,P12,12,True,1.5122828269636641,0.1410211007562871,sentinel2,covmat,combined
chipmean,fsc,treatment_0006,P13,13,True,0.25935921338967893,0.024185371354730117,sentinel2,covmat,combined
chipmean,fsc,treatment_0006,P14,14,True,0.9070836817688652,0.08458598947257936,sentinel2,covmat,combined
chipmean,fsc,treatment_0006,P16,15,True,1.3586475862081424,0.1266945406843189,sentinel2,covmat,combined
chipmean,fsc,treatment_0006,P17,16,True,4.011351808065767,0.3740604848564804,sentinel2,covmat,combined
chipmean,fsc,treatment_0006,P18,17,True,2.1380486144702955,0.19937406132450913,sentinel2,covmat,combined
chipmean,fsc,treatment_0006,P19,18,True,1.7060981869170264,0.15909447626302087,sentinel2,covmat,combined
chipmean,fsc,treatment_0006,P20,19,True,2.2382220951050886,0.2087152865595204,sentinel2,covmat,combined
chipmean,fsc,treatment_0007,P01,1,False,1.3887505364416395,0.1295016552678144,sentinel2,covmat,combined
chipmean,fsc,treatment_0007,P02,2,False,1.211280033186746,0.11295244550721274,sentinel2,covmat,combined
chipmean,fsc,treatment_0007,P03,3,False,1.3597399555105183e-15,1.2679640464700288e-16,sentinel2,covmat,combined
chipmean,fsc,treatment_0007,P04,4,False,1.0915565185853409,0.10178817020468878,sentinel2,covmat,combined
chipmean,fsc,treatment_0007,P05,5,False,1.2659540691292575,0.1180508256474423,sentinel2,covmat,combined
chipmean,fsc,treatment_0007,P06,6,False,1.2008021695235278,0.111975379682609,sentinel2,covmat,combined
chipmean,fsc,treatment_0007,P07,7,False,2.008028901103549,0.18724966053645728,sentinel2,covmat,combined
chipmean,fsc,treatment_0007,P08,8,False,1.214344957285224,0.11323825115308499,sentinel2,covmat,combined
chipmean,fsc,treatment_0007,P09,9,False,1.0713619728500765,0.09990501910485249,sentinel2,covmat,combined
chipmean,fsc,treatment_0007,P10,10,False,1.0971433468360086,0.10230914462534482,sentinel2,covmat,combined
chipmean,fsc,treatment_0007,P11,11,True,1.1952450078339278,0.11145717168303693,sentinel2,covmat,combined
chipmean,fsc,treatment_0007,P12,12,True,1.2371244089148818,0.11536244597045835,sentinel2,covmat,combined
chipmean,fsc,treatment_0007,P13,13,True,4.6286378041970355,0.4316227008016623,sentinel2,covmat,combined
chipmean,fsc,treatment_0007,P14,14,True,2.4415023620369842,0.2276712691929571,sentinel2,covmat,combined
chipmean,fsc,treatment_0007,P16,15,True,1.1709571752562604,0.10919231961699587,sentinel2,covmat,combined
chipmean,fsc,treatment_0007,P17,16,True,1.7099086073713325,0.15944979980252666,sentinel2,covmat,combined
chipmean,fsc,treatment_0007,P18,17,True,0.7092756115378451,0.06614029181266295,sentinel2,covmat,combined
chipmean,fsc,treatment_0007,P19,18,True,1.1895035998368546,0.11092178262670291,sentinel2,covmat,combined
chipmean,fsc,treatment_0007,P20,19,True,1.2801302468042532,0.11937276103188257,sentinel2,covmat,combined
chipmean,fsc,treatment_0008,P01,1,False,1.4807708086441052,0.13808258989625258,sentinel2,covmat,combined
chipmean,fsc,treatment_0008,P02,2,False,1.8454456562584731,0.17208869478072275,sentinel2,covmat,combined
chipmean,fsc,treatment_0008,P03,3,False,2.7755575615628914e-16,2.588220771705157e-17,sentinel2,covmat,combined
chipmean,fsc,treatment_0008,P04,4,False,1.1476347866976322,0.10701749566993889,sentinel2,covmat,combined
chipmean,fsc,treatment_0008,P05,5,False,1.1246041359029337,0.10486987640964289,sentinel2,covmat,combined
chipmean,fsc,treatment_0008,P06,6,False,4.22909298540976,0.3943649543389985,sentinel2,covmat,combined
chipmean,fsc,treatment_0008,P07,7,False,0.9190669967690418,0.08570343935821163,sentinel2,covmat,combined
chipmean,fsc,treatment_0008,P08,8,False,1.0860112899800682,0.10127107497096793,sentinel2,covmat,combined
chipmean,fsc,treatment_0008,P09,9,False,1.409090966032587,0.1313984101073376,sentinel2,covmat,combined
chipmean,fsc,treatment_0008,P10,10,False,1.1221740358781789,0.10464326841388402,sentinel2,covmat,combined
chipmean,fsc,treatment_0008,P11,11,True,1.2197547353860567,0.11374271556213895,sentinel2,covmat,combined
chipmean,fsc,treatment_0008,P12,12,True,1.0952923762630427,0.10213654072942462,sentinel2,covmat,combined
chipmean,fsc,treatment_0008,P13,13,True,5.674534190304461,0.5291530416982965,sentinel2,covmat,combined
chipmean,fsc,treatment_0008,P14,14,True,3.8836803357869445,0.36215505867896824,sentinel2,covmat,combined
chipmean,fsc,treatment_0008,P16,15,True,1.1665732609616803,0.10878351750113492,sentinel2,covmat,combined
chipmean,fsc,treatment_0008,P17,16,True,3.0204313187786695,0.2816566727720741,sentinel2,covmat,combined
chipmean,fsc,treatment_0008,P18,17,True,1.8308994977087607,0.17073225850181947,sentinel2,covmat,combined
chipmean,fsc,treatment_0008,P19,18,True,1.5533905697296913,0.14485441753480974,sentinel2,covmat,combined
chipmean,fsc,treatment_0008,P20,19,True,1.3615398458164465,0.12696424528346117,sentinel2,covmat,combined
chipmean,fsc,treatment_0009,P01,1,False,1.5447090187692403,0.14404485873344935,sentinel2,covmat,combined
chipmean,fsc,treatment_0009,P02,2,False,1.4302261638279026,0.1333692774640618,sentinel2,covmat,combined
chipmean,fsc,treatment_0009,P03,3,False,1.2325431708951424,0.1149352433223483,sentinel2,covmat,combined
chipmean,fsc,treatment_0009,P04,4,False,1.360950445743542,0.1269092834432651,sentinel2,covmat,combined
chipmean,fsc,treatment_0009,P05,5,False,1.491218315116921,0.1390568248982548,sentinel2,covmat,combined
chipmean,fsc,treatment_0009,P06,6,False,3.578194607845635,0.33366836766356184,sentinel2,covmat,combined
chipmean,fsc,treatment_0009,P07,7,False,1.1953804118798037,0.11146979817542037,sentinel2,covmat,combined
chipmean,fsc,treatment_0009,P08,8,False,1.0723570306053427,0.09999780871897873,sentinel2,covmat,combined
chipmean,fsc,treatment_0009,P09,9,False,1.630831568501241,0.15207582790575,sentinel2,covmat,combined
chipmean,fsc,treatment_0009,P10,10,False,1.3104647055465823,0.1222014638951415,sentinel2,covmat,combined
chipmean,fsc,treatment_0009,P11,11,True,1.4194456203588406,0.13236398660202736,sentinel2,covmat,combined
chipmean,fsc,treatment_0009,P12,12,True,1.413738310334998,0.13183177719809225,sentinel2,covmat,combined
chipmean,fsc,treatment_0009,P13,13,True,6.610571439597228,0.6164389652640507,sentinel2,covmat,combined
chipmean,fsc,treatment_0009,P14,14,True,1.283090759556068,0.119648830269475,sentinel2,covmat,combined
chipmean,fsc,treatment_0009,P16,15,True,1.4388123696398119,0.13416994528447643,sentinel2,covmat,combined
chipmean,fsc,treatment_0009,P17,16,True,5.623902508049213,0.5244316129830651,sentinel2,covmat,combined
chipmean,fsc,treatment_0009,P18,17,True,1.5461685791901947,0.1441809634444951,sentinel2,covmat,combined
chipmean,fsc,treatment_0009,P19,18,True,1.9987198139567073,0.18638158368398147,sentinel2,covmat,combined
chipmean,fsc,treatment_0009,P20,19,True,1.599976052522973,0.14919853620470291,sentinel2,covmat,combined
chipmean,fsc,treatment_0010,P01,1,False,1.784467706374785,0.16640247163440514,sentinel2,covmat,combined
chipmean,fsc,treatment_0010,P02,2,False,6.2313554379681415,0.5810768907759717,sentinel2,covmat,combined
chipmean,fsc,treatment_0010,P03,3,False,0.8347753862138441,0.07784320614450745,sentinel2,covmat,combined
chipmean,fsc,treatment_0010,P04,4,False,1.5007821776943482,0.13994865968213485,sentinel2,covmat,combined
chipmean,fsc,treatment_0010,P05,5,False,0.9860945500316509,0.0919537909284083,sentinel2,covmat,combined
chipmean,fsc,treatment_0010,P06,6,False,2.466216711032434,0.2299758941200357,sentinel2,covmat,combined
chipmean,fsc,treatment_0010,P07,7,False,1.1391373152511202,0.10622510237176318,sentinel2,covmat,combined
chipmean,fsc,treatment_0010,P08,8,False,1.129475278720431,0.10532411281953705,sentinel2,covmat,combined
chipmean,fsc,treatment_0010,P09,9,False,2.940439418228614,0.27419738958375334,sentinel2,covmat,combined
chipmean,fsc,treatment_0010,P10,10,False,1.0334351194992177,0.09636832179374238,sentinel2,covmat,combined
chipmean,fsc,treatment_0010,P11,11,True,1.182324906597839,0.11025236603047646,sentinel2,covmat,combined
chipmean,fsc,treatment_0010,P12,12,True,1.2101689483998765,0.1128488363166009,sentinel2,covmat,combined
chipmean,fsc,treatment_0010,P13,13,True,4.8527377417843285,0.4525201277343128,sentinel2,covmat,combined
chipmean,fsc,treatment_0010,P14,14,True,2.603160632634119,0.24274598065532127,sentinel2,covmat,combined
chipmean,fsc,treatment_0010,P16,15,True,1.3068335081017677,0.12186285298744555,sentinel2,covmat,combined
chipmean,fsc,treatment_0010,P17,16,True,3.328526687454888,0.3103867140407887,sentinel2,covmat,combined
chipmean,fsc,treatment_0010,P18,17,True,1.5160241548414746,0.1413699813798133,sentinel2,covmat,combined
chipmean,fsc,treatment_0010,P19,18,True,1.698388291993161,0.15837552485426765,sentinel2,covmat,combined
chipmean,fsc,treatment_0010,P20,19,True,1.0974200753719685,0.1023349496943808,sentinel2,covmat,combined
chipmean,fsc,treatment_0001,P01,1,False,0.12127529880282299,0.054235962422942215,sentinel2,covmat,chip_mean
chipmean,fsc,treatment_0001,P02,2,False,0.02274486804473765,0.010171814217459222,sentinel2,covmat,chip_mean
chipmean,fsc,treatment_0001,P03,3,False,0.00012088648196254841,5.4062078245812084e-05,sentinel2,covmat,chip_mean
chipmean,fsc,treatment_0001,P04,4,False,0.11860327908883152,0.05304099887940132,sentinel2,covmat,chip_mean
chipmean,fsc,treatment_0001,P05,5,False,0.12932724418844707,0.05783690186961646,sentinel2,covmat,chip_mean
chipmean,fsc,treatment_0001,P06,6,False,0.009969864814156123,0.00445865909018728,sentinel2,covmat,chip_mean
chipmean,fsc,treatment_0001,P07,7,False,0.12751015134241644,0.057024273244585845,sentinel2,covmat,chip_mean
chipmean,fsc,treatment_0001,P08,8,False,0.044960640099822924,0.0201070095150214,sentinel2,covmat,chip_mean
chipmean,fsc,treatment_0001,P09,9,False,0.0603016136566014,0.02696770145781808,sentinel2,covmat,chip_mean
chipmean,fsc,treatment_0001,P10,10,False,0.09006108533431681,0.040276541786988355,sentinel2,covmat,chip_mean
chipmean,fsc,treatment_0001,P11,11,True,0.07533080958632891,0.03368896220702485,sentinel2,covmat,chip_mean
chipmean,fsc,treatment_0001,P12,12,True,0.09192254703071495,0.041109012765120016,sentinel2,covmat,chip_mean
chipmean,fsc,treatment_0001,P13,13,True,0.3743460476913772,0.16741264194925953,sentinel2,covmat,chip_mean
chipmean,fsc,treatment_0001,P14,14,True,0.3221237216754937,0.14405810776632527,sentinel2,covmat,chip_mean
chipmean,fsc,treatment_0001,P16,15,True,0.053376205980001035,0.023870564990462615,sentinel2,covmat,chip_mean
chipmean,fsc,treatment_0001,P17,16,True,0.5364583538867472,0.23991146927768103,sentinel2,covmat,chip_mean
chipmean,fsc,treatment_0001,P18,17,True,0.29901525516962557,0.13372368737374565,sentinel2,covmat,chip_mean
chipmean,fsc,treatment_0001,P19,18,True,0.08925024063170156,0.03991392101213969,sentinel2,covmat,chip_mean
chipmean,fsc,treatment_0001,P20,19,True,0.012313304337113555,0.005506677105085778,sentinel2,covmat,chip_mean
chipmean,fsc,treatment_0002,P01,1,False,0.33664480627273996,0.15055213421961886,sentinel2,covmat,chip_mean
chipmean,fsc,treatment_0002,P02,2,False,0.059966519622381816,0.026817842849944155,sentinel2,covmat,chip_mean
chipmean,fsc,treatment_0002,P03,3,False,0.07442403104828244,0.03328343851670289,sentinel2,covmat,chip_mean
chipmean,fsc,treatment_0002,P04,4,False,0.147453798110144,0.0659433432229624,sentinel2,covmat,chip_mean
chipmean,fsc,treatment_0002,P05,5,False,0.24926739971799874,0.11147577006881142,sentinel2,covmat,chip_mean
chipmean,fsc,treatment_0002,P06,6,False,0.10369626244834361,0.04637437836943102,sentinel2,covmat,chip_mean
chipmean,fsc,treatment_0002,P07,7,False,0.39245388957151606,0.17551071502322116,sentinel2,covmat,chip_mean
chipmean,fsc,treatment_0002,P08,8,False,0.09024067199641174,0.04035685538384766,sentinel2,covmat,chip_mean
chipmean,fsc,treatment_0002,P09,9,False,0.08651778894843308,0.03869193147033528,sentinel2,covmat,chip_mean
chipmean,fsc,treatment_0002,P10,10,False,0.13661941137864136,0.06109805817773008,sentinel2,covmat,chip_mean
chipmean,fsc,treatment_0002,P11,11,True,0.13021864323150287,0.05823554764068666,sentinel2,covmat,chip_mean
chipmean,fsc,treatment_0002,P12,12,True,0.1299489862315973,0.05811495336420716,sentinel2,covmat,chip_mean
chipmean,fsc,treatment_0002,P13,13,True,0.7201452439972533,0.32205874385020616,sentinel2,covmat,chip_mean
chipmean,fsc,treatment_0002,P14,14,True,0.17264740398253858,0.07721026628876483,sentinel2,covmat,chip_mean
chipmean,fsc,treatment_0002,P16,15,True,0.19158122106821202,0.08567772670418738,sentinel2,covmat,chip_mean
chipmean,fsc,treatment_0002,P17,16,True,0.11433999984093735,0.05113440243833021,sentinel2,covmat,chip_mean
chipmean,fsc,treatment_0002,P18,17,True,0.25307466204668727,0.11317842954383575,sentinel2,covmat,chip_mean
chipmean,fsc,treatment_0002,P19,18,True,0.15743612660146192,0.07040757623902635,sentinel2,covmat,chip_mean
chipmean,fsc,treatment_0002,P20,19,True,0.21407819279605594,0.09573867831845738,sentinel2,covmat,chip_mean
chipmean,fsc,treatment_0003,P01,1,False,0.034170800830355966,0.015281646700456439,sentinel2,covmat,chip_mean
chipmean,fsc,treatment_0003,P02,2,False,0.03258354521089927,0.014571804407901697,sentinel2,covmat,chip_mean
chipmean,fsc,treatment_0003,P03,3,False,0.2685939395135938,0.12011886141937252,sentinel2,covmat,chip_mean
chipmean,fsc,treatment_0003,P04,4,False,0.07826374255081561,0.0350006097034333,sentinel2,covmat,chip_mean
chipmean,fsc,treatment_0003,P05,5,False,0.03140871284875514,0.014046403403117514,sentinel2,covmat,chip_mean
chipmean,fsc,treatment_0003,P06,6,False,0.293753693698382,0.13137064555024675,sentinel2,covmat,chip_mean
chipmean,fsc,treatment_0003,P07,7,False,0.22905865691952235,0.10243814554137091,sentinel2,covmat,chip_mean
chipmean,fsc,treatment_0003,P08,8,False,0.14749417098207263,0.06596139852017825,sentinel2,covmat,chip_mean
chipmean,fsc,treatment_0003,P09,9,False,0.05436046126802405,0.02431073733670924,sentinel2,covmat,chip_mean
chipmean,fsc,treatment_0003,P10,10,False,0.03180077465441049,0.014221738772882846,sentinel2,covmat,chip_mean
chipmean,fsc,treatment_0003,P11,11,True,0.03976209711682861,0.017782150416235435,sentinel2,covmat,chip_mean
chipmean,fsc,treatment_0003,P12,12,True,0.05297607667768528,0.023691621726509102,sentinel2,covmat,chip_mean
chipmean,fsc,treatment_0003,P13,13,True,0.1295808023741567,0.0579502965375161,sentinel2,covmat,chip_mean
chipmean,fsc,treatment_0003,P14,14,True,0.19142354723459215,0.085607212822138,sentinel2,covmat,chip_mean
chipmean,fsc,treatment_0003,P16,15,True,0.11678414291271516,0.05222745644937628,sentinel2,covmat,chip_mean
chipmean,fsc,treatment_0003,P17,16,True,0.406421169210449,0.18175707236990168,sentinel2,covmat,chip_mean
chipmean,fsc,treatment_0003,P18,17,True,0.04872261205876893,0.021789414520951664,sentinel2,covmat,chip_mean
chipmean,fsc,treatment_0003,P19,18,True,0.06135860575000579,0.02744040269232448,sentinel2,covmat,chip_mean
chipmean,fsc,treatment_0003,P20,19,True,0.07323620850717469,0.032752228127278196,sentinel2,covmat,chip_mean
chipmean,fsc,treatment_0004,P01,1,False,0.06980251727394882,0.03121663472503057,sentinel2,covmat,chip_mean
chipmean,fsc,treatment_0004,P02,2,False,0.28179953077301245,0.12602458136719993,sentinel2,covmat,chip_mean
chipmean,fsc,treatment_0004,P03,3,False,0.4532422736685214,0.20269610683987535,sentinel2,covmat,chip_mean
chipmean,fsc,treatment_0004,P04,4,False,0.21985414061131603,0.09832176070833996,sentinel2,covmat,chip_mean
chipmean,fsc,treatment_0004,P05,5,False,0.28620403703576563,0.12799433644936786,sentinel2,covmat,chip_mean
chipmean,fsc,treatment_0004,P06,6,False,0.09127373978891419,0.04081885734572789,sentinel2,covmat,chip_mean
chipmean,fsc,treatment_0004,P07,7,False,0.2062316528773656,0.09222959898918591,sentinel2,covmat,chip_mean
chipmean,fsc,treatment_0004,P08,8,False,0.09302600720445484,0.04160249515690924,sentinel2,covmat,chip_mean
chipmean,fsc,treatment_0004,P09,9,False,0.22073534523675886,0.09871584739725545,sentinel2,covmat,chip_mean
chipmean,fsc,treatment_0004,P10,10,False,0.1832870861079393,0.08196847678704193,sentinel2,covmat,chip_mean
chipmean,fsc,treatment_0004,P11,11,True,0.13222968283776906,0.05913491189369779,sentinel2,covmat,chip_mean
chipmean,fsc,treatment_0004,P12,12,True,0.14209315936411712,0.06354599269517533,sentinel2,covmat,chip_mean
chipmean,fsc,treatment_0004,P13,13,True,0.4285291499153785,0.1916440619101969,sentinel2,covmat,chip_mean
chipmean,fsc,treatment_0004,P14,14,True,0.11864635417919941,0.05306026264544123,sentinel2,covmat,chip_mean
chipmean,fsc,treatment_0004,P16,15,True,0.33839618963534634,0.15133537667030883,sentinel2,covmat,chip_mean
chipmean,fsc,treatment_0004,P17,16,True,0.9472154387673246,0.4236076220842055,sentinel2,covmat,chip_mean
chipmean,fsc,treatment_0004,P18,17,True,0.5675223729296632,0.25380372092454273,sentinel2,covmat,chip_mean
chipmean,fsc,treatment_0004,P19,18,True,0.22930571719256224,0.10254863425438228,sentinel2,covmat,chip_mean
chipmean,fsc,treatment_0004,P20,19,True,0.11172588091736907,0.04996533291545676,sentinel2,covmat,chip_mean
chipmean,fsc,treatment_0005,P01,1,False,0.10574104559704274,0.04728883319337848,sentinel2,covmat,chip_mean
chipmean,fsc,treatment_0005,P02,2,False,0.2281003779309351,0.10200959014939275,sentinel2,covmat,chip_mean
chipmean,fsc,treatment_0005,P03,3,False,0.4809919550729433,0.2151061416347252,sentinel2,covmat,chip_mean
chipmean,fsc,treatment_0005,P04,4,False,0.5413334841710071,0.24209169382063567,sentinel2,covmat,chip_mean
chipmean,fsc,treatment_0005,P05,5,False,0.22380328251981585,0.10008787066037973,sentinel2,covmat,chip_mean
chipmean,fsc,treatment_0005,P06,6,False,0.32749854288206787,0.14646180088328672,sentinel2,covmat,chip_mean
chipmean,fsc,treatment_0005,P07,7,False,0.3701378314045773,0.16553067041299824,sentinel2,covmat,chip_mean
chipmean,fsc,treatment_0005,P08,8,False,0.1891614372950982,0.0845955665026807,sentinel2,covmat,chip_mean
chipmean,fsc,treatment_0005,P09,9,False,0.1978559493107851,0.08848387048233362,sentinel2,covmat,chip_mean
chipmean,fsc,treatment_0005,P10,10,False,0.22850559107442203,0.10219080697623537,sentinel2,covmat,chip_mean
chipmean,fsc,treatment_0005,P11,11,True,0.18359114792563125,0.0821044573657862,sentinel2,covmat,chip_mean
chipmean,fsc,treatment_0005,P12,12,True,0.1871135662092775,0.08367973071127043,sentinel2,covmat,chip_mean
chipmean,fsc,treatment_0005,P13,13,True,1.3597399555105182e-16,6.080941944488117e-17,sentinel2,covmat,chip_mean
chipmean,fsc,treatment_0005,P14,14,True,0.20318779088443592,0.09086834252312216,sentinel2,covmat,chip_mean
chipmean,fsc,treatment_0005,P16,15,True,0.24992097455593454,0.11176805762201299,sentinel2,covmat,chip_mean
chipmean,fsc,treatment_0005,P17,16,True,0.5306964926027252,0.23733468657608156,sentinel2,covmat,chip_mean
chipmean,fsc,treatment_0005,P18,17,True,0.4912440520384094,0.2196910187800655,sentinel2,covmat,chip_mean
chipmean,fsc,treatment_0005,P19,18,True,0.24948251870480023,0.11157197420435923,sentinel2,covmat,chip_mean
chipmean,fsc,treatment_0005,P20,19,True,0.1949124465773301,0.08716749604154127,sentinel2,covmat,chip_mean
chipmean,fsc,treatment_0006,P01,1,False,0.10380642081546558,0.04642364268886604,sentinel2,covmat,chip_mean
chipmean,fsc,treatment_0006,P02,2,False,0.10634633723536097,0.04755952784327684,sentinel2,covmat,chip_mean
chipmean,fsc,treatment_0006,P03,3,False,0.20045543343509814,0.08964639512401272,sentinel2,covmat,chip_mean
chipmean,fsc,treatment_0006,P04,4,False,0.11444747226523494,0.051182465567617436,sentinel2,covmat,chip_mean
chipmean,fsc,treatment_0006,P05,5,False,0.08583503895228599,0.038386596389730764,sentinel2,covmat,chip_mean
chipmean,fsc,treatment_0006,P06,6,False,0.05783976764565313,0.025866730451694672,sentinel2,covmat,chip_mean
chipmean,fsc,treatment_0006,P07,7,False,0.17027909518994067,0.07615112639837296,sentinel2,covmat,chip_mean
chipmean,fsc,treatment_0006,P08,8,False,0.09892968760938799,0.04424270129748204,sentinel2,covmat,chip_mean
chipmean,fsc,treatment_0006,P09,9,False,0.09591519664972585,0.04289457995680942,sentinel2,covmat,chip_mean
chipmean,fsc,treatment_0006,P10,10,False,0.07358879660312975,0.03290991031740075,sentinel2,covmat,chip_mean
chipmean,fsc,treatment_0006,P11,11,True,0.12557426000464303,0.05615851631892297,sentinel2,covmat,chip_mean
chipmean,fsc,treatment_0006,P12,12,True,0.12663528731678717,0.056633022158110606,sentinel2,covmat,chip_mean
chipmean,fsc,treatment_0006,P13,13,True,0.0,0.0,sentinel2,covmat,chip_mean
chipmean,fsc,treatment_0006,P14,14,True,0.019382204066273986,0.008667985169192295,sentinel2,covmat,chip_mean
chipmean,fsc,treatment_0006,P16,15,True,0.10858451816437621,0.04856047278392118,sentinel2,covmat,chip_mean
chipmean,fsc,treatment_0006,P17,16,True,0.5124563054629144,0.2291774269026947,sentinel2,covmat,chip_mean
chipmean,fsc,treatment_0006,P18,17,True,0.16890173132010242,0.07553515054983086,sentinel2,covmat,chip_mean
chipmean,fsc,treatment_0006,P19,18,True,0.15871583263474426,0.07097987817535355,sentinel2,covmat,chip_mean
chipmean,fsc,treatment_0006,P20,19,True,0.20729719029112584,0.09270612180713336,sentinel2,covmat,chip_mean
chipmean,fsc,treatment_0007,P01,1,False,0.08634390806843255,0.03861416957680155,sentinel2,covmat,chip_mean
chipmean,fsc,treatment_0007,P02,2,False,0.0400917574538615,0.01792957900085364,sentinel2,covmat,chip_mean
chipmean,fsc,treatment_0007,P03,3,False,5.551115123125783e-17,2.482534153247273e-17,sentinel2,covmat,chip_mean
chipmean,fsc,treatment_0007,P04,4,False,0.03160273961862872,0.014133174812495921,sentinel2,covmat,chip_mean
chipmean,fsc,treatment_0007,P05,5,False,0.032962915262343795,0.014741463852633207,sentinel2,covmat,chip_mean
chipmean,fsc,treatment_0007,P06,6,False,0.07020437682922172,0.03139635178163018,sentinel2,covmat,chip_mean
chipmean,fsc,treatment_0007,P07,7,False,0.14516381073734472,0.06491922973632333,sentinel2,covmat,chip_mean
chipmean,fsc,treatment_0007,P08,8,False,0.08963763237159204,0.0400871678650031,sentinel2,covmat,chip_mean
chipmean,fsc,treatment_0007,P09,9,False,0.05172831273687624,0.023133604728204693,sentinel2,covmat,chip_mean
chipmean,fsc,treatment_0007,P10,10,False,0.08601889167772774,0.038468817828118035,sentinel2,covmat,chip_mean
chipmean,fsc,treatment_0007,P11,11,True,0.08341349678307751,0.03730364980958427,sentinel2,covmat,chip_mean
chipmean,fsc,treatment_0007,P12,12,True,0.07664353056177406,0.03427602887434189,sentinel2,covmat,chip_mean
chipmean,fsc,treatment_0007,P13,13,True,0.5854172285910523,0.26180654366582523,sentinel2,covmat,chip_mean
chipmean,fsc,treatment_0007,P14,14,True,0.30449530205378544,0.1361744388443191,sentinel2,covmat,chip_mean
chipmean,fsc,treatment_0007,P16,15,True,0.04747459632476435,0.021231284917306956,sentinel2,covmat,chip_mean
chipmean,fsc,treatment_0007,P17,16,True,0.14871566702379355,0.06650766815688525,sentinel2,covmat,chip_mean
chipmean,fsc,treatment_0007,P18,17,True,0.033001256018153326,0.014758610359892973,sentinel2,covmat,chip_mean
chipmean,fsc,treatment_0007,P19,18,True,0.04996696843917877,0.02234590761191806,sentinel2,covmat,chip_mean
chipmean,fsc,treatment_0007,P20,19,True,0.07066821525320419,0.03160378663095041,sentinel2,covmat,chip_mean
chipmean,fsc,treatment_0008,P01,1,False,0.07731083424464892,0.034574456153650714,sentinel2,covmat,chip_mean
chipmean,fsc,treatment_0008,P02,2,False,0.20630698094756164,0.09226328672630035,sentinel2,covmat,chip_mean
chipmean,fsc,treatment_0008,P03,3,False,0.00012088648196239575,5.406207824574382e-05,sentinel2,covmat,chip_mean
chipmean,fsc,treatment_0008,P04,4,False,0.058403771299412474,0.026118960553567504,sentinel2,covmat,chip_mean
chipmean,fsc,treatment_0008,P05,5,False,0.07168150952864621,0.03205694560717037,sentinel2,covmat,chip_mean
chipmean,fsc,treatment_0008,P06,6,False,0.500131593374141,0.22366564809597256,sentinel2,covmat,chip_mean
chipmean,fsc,treatment_0008,P07,7,False,0.02227726295747189,0.00996269486510903,sentinel2,covmat,chip_mean
chipmean,fsc,treatment_0008,P08,8,False,0.059788320834463046,0.026738149929285263,sentinel2,covmat,chip_mean
chipmean,fsc,treatment_0008,P09,9,False,0.1033929502061676,0.04623873301104833,sentinel2,covmat,chip_mean
chipmean,fsc,treatment_0008,P10,10,False,0.06649964164399479,0.02973954383906964,sentinel2,covmat,chip_mean
chipmean,fsc,treatment_0008,P11,11,True,0.10423522092041297,0.04661540792555032,sentinel2,covmat,chip_mean
chipmean,fsc,treatment_0008,P12,12,True,0.05394559518460282,0.024125203583891443,sentinel2,covmat,chip_mean
chipmean,fsc,treatment_0008,P13,13,True,0.6570692716371986,0.2938503114614101,sentinel2,covmat,chip_mean
chipmean,fsc,treatment_0008,P14,14,True,0.38398519105368006,0.17172339790985452,sentinel2,covmat,chip_mean
chipmean,fsc,treatment_0008,P16,15,True,0.060650778722982294,0.02712385282257726,sentinel2,covmat,chip_mean
chipmean,fsc,treatment_0008,P17,16,True,0.37085524045321666,0.16585150549308447,sentinel2,covmat,chip_mean
chipmean,fsc,treatment_0008,P18,17,True,0.1440535313181613,0.06442269768526071,sentinel2,covmat,chip_mean
chipmean,fsc,treatment_0008,P19,18,True,0.1388369480685707,0.06208977073398644,sentinel2,covmat,chip_mean
chipmean,fsc,treatment_0008,P20,19,True,0.12557116776263727,0.056157133426257416,sentinel2,covmat,chip_mean
chipmean,fsc,treatment_0009,P01,1,False,0.10543330645581982,0.04715120806555611,sentinel2,covmat,chip_mean
chipmean,fsc,treatment_0009,P02,2,False,0.06058719265733937,0.02709541626953739,sentinel2,covmat,chip_mean
chipmean,fsc,treatment_0009,P03,3,False,0.09496943305224088,0.04247162161788519,sentinel2,covmat,chip_mean
chipmean,fsc,treatment_0009,P04,4,False,0.058314742039770405,0.026079145458258273,sentinel2,covmat,chip_mean
chipmean,fsc,treatment_0009,P05,5,False,0.13089168018942654,0.05853653891854406,sentinel2,covmat,chip_mean
chipmean,fsc,treatment_0009,P06,6,False,0.4304872709931748,0.19251976027782244,sentinel2,covmat,chip_mean
chipmean,fsc,treatment_0009,P07,7,False,0.07330603540137802,0.03278345566369747,sentinel2,covmat,chip_mean
chipmean,fsc,treatment_0009,P08,8,False,0.08321945712684352,0.037216872637250285,sentinel2,covmat,chip_mean
chipmean,fsc,treatment_0009,P09,9,False,0.13283008674360192,0.059403420683177506,sentinel2,covmat,chip_mean
chipmean,fsc,treatment_0009,P10,10,False,0.09987067876504203,0.04466352533553575,sentinel2,covmat,chip_mean
chipmean,fsc,treatment_0009,P11,11,True,0.10990504357339828,0.04915102970003899,sentinel2,covmat,chip_mean
chipmean,fsc,treatment_0009,P12,12,True,0.10188530570536107,0.0455644938931069,sentinel2,covmat,chip_mean
chipmean,fsc,treatment_0009,P13,13,True,0.9096513484206251,0.40680845017857276,sentinel2,covmat,chip_mean
chipmean,fsc,treatment_0009,P14,14,True,0.07736952605071755,0.03460070392726906,sentinel2,covmat,chip_mean
chipmean,fsc,treatment_0009,P16,15,True,0.1826512368506529,0.0816841163544949,sentinel2,covmat,chip_mean
chipmean,fsc,treatment_0009,P17,16,True,0.6690773470541771,0.29922048604367174,sentinel2,covmat,chip_mean
chipmean,fsc,treatment_0009,P18,17,True,0.10401467565687933,0.04651677708527495,sentinel2,covmat,chip_mean
chipmean,fsc,treatment_0009,P19,18,True,0.13366886600872008,0.05977853417416182,sentinel2,covmat,chip_mean
chipmean,fsc,treatment_0009,P20,19,True,0.10707099395965028,0.04788360418244948,sentinel2,covmat,chip_mean
chipmean,fsc,treatment_0010,P01,1,False,0.08221369265655454,0.03676708109226624,sentinel2,covmat,chip_mean
chipmean,fsc,treatment_0010,P02,2,False,0.796837857212812,0.35635672315462374,sentinel2,covmat,chip_mean
chipmean,fsc,treatment_0010,P03,3,False,0.003478389882789626,0.001555583246033026,sentinel2,covmat,chip_mean
chipmean,fsc,treatment_0010,P04,4,False,0.03567758807090137,0.015955502439954212,sentinel2,covmat,chip_mean
chipmean,fsc,treatment_0010,P05,5,False,0.0508216662237957,0.022728140081242444,sentinel2,covmat,chip_mean
chipmean,fsc,treatment_0010,P06,6,False,0.29554113858164166,0.1321700152032473,sentinel2,covmat,chip_mean
chipmean,fsc,treatment_0010,P07,7,False,0.08983631773685023,0.040176022661573434,sentinel2,covmat,chip_mean
chipmean,fsc,treatment_0010,P08,8,False,0.08496512226641138,0.03799755782085537,sentinel2,covmat,chip_mean
chipmean,fsc,treatment_0010,P09,9,False,0.231340320709374,0.10345853660855252,sentinel2,covmat,chip_mean
chipmean,fsc,treatment_0010,P10,10,False,0.04090301943332355,0.018292386387581277,sentinel2,covmat,chip_mean
chipmean,fsc,treatment_0010,P11,11,True,0.1070736418143602,0.04788478833907467,sentinel2,covmat,chip_mean
chipmean,fsc,treatment_0010,P12,12,True,0.09679321858482785,0.043287243303334215,sentinel2,covmat,chip_mean
chipmean,fsc,treatment_0010,P13,13,True,0.5414224763056276,0.24213149231313047,sentinel2,covmat,chip_mean
chipmean,fsc,treatment_0010,P14,14,True,0.21565763661532744,0.09644502706776396,sentinel2,covmat,chip_mean
chipmean,fsc,treatment_0010,P16,15,True,0.08361467204226074,0.03739361812056924,sentinel2,covmat,chip_mean
chipmean,fsc,treatment_0010,P17,16,True,0.21983282365798418,0.09831222747699532,sentinel2,covmat,chip_mean
chipmean,fsc,treatment_0010,P18,17,True,0.14152801235880746,0.06329325127094476,sentinel2,covmat,chip_mean
chipmean,fsc,treatment_0010,P19,18,True,0.1361528665717403,0.060889412997174014,sentinel2,covmat,chip_mean
chipmean,fsc,treatment_0010,P20,19,True,0.07896699979628533,0.03531511590474121,sentinel2,covmat,chip_mean
