arm,sensor,treatment_site_id,fit_window,donor,weight,lambda,lambda_at_boundary,weight_distance_from_scm,n_negative_weights,sum_negative_weight,n_train_periods
main,sentinel1,treatment_0001,P01-08,counterfactual_0003_03,0.23710692434104105,0.0001,True,9.845058033124332e-10,0,-0.0,8
main,sentinel1,treatment_0001,P01-08,counterfactual_0006_04,0.18283425061407277,0.0001,True,9.845058033124332e-10,0,-0.0,8
main,sentinel1,treatment_0001,P01-08,counterfactual_0010_03,0.17790582965658813,0.0001,True,9.845058033124332e-10,0,-0.0,8
main,sentinel1,treatment_0001,P01-08,counterfactual_0006_02,0.1977020602309985,0.0001,True,9.845058033124332e-10,0,-0.0,8
main,sentinel1,treatment_0001,P01-08,counterfactual_0003_01,0.20445093515729962,0.0001,True,9.845058033124332e-10,0,-0.0,8
main,sentinel1,treatment_0001,P01-09,counterfactual_0003_03,0.2370677644856116,0.0001,True,5.985471403005257e-09,0,-0.0,9
main,sentinel1,treatment_0001,P01-09,counterfactual_0006_04,0.181304375647684,0.0001,True,5.985471403005257e-09,0,-0.0,9
main,sentinel1,treatment_0001,P01-09,counterfactual_0010_03,0.18008420941122744,0.0001,True,5.985471403005257e-09,0,-0.0,9
main,sentinel1,treatment_0001,P01-09,counterfactual_0006_02,0.19567357276671624,0.0001,True,5.985471403005257e-09,0,-0.0,9
main,sentinel1,treatment_0001,P01-09,counterfactual_0003_01,0.20587007768876092,0.0001,True,5.985471403005257e-09,0,-0.0,9
main,sentinel1,treatment_0002,P01-08,counterfactual_0002_01,0.20434926682683557,0.00012589254117941674,False,1.6818814653040237e-07,0,-0.0,8
main,sentinel1,treatment_0002,P01-08,counterfactual_0006_03,0.19180661439764274,0.00012589254117941674,False,1.6818814653040237e-07,0,-0.0,8
main,sentinel1,treatment_0002,P01-08,counterfactual_0001_05,0.20263598410084557,0.00012589254117941674,False,1.6818814653040237e-07,0,-0.0,8
main,sentinel1,treatment_0002,P01-08,counterfactual_0007_01,0.20425378451366358,0.00012589254117941674,False,1.6818814653040237e-07,0,-0.0,8
main,sentinel1,treatment_0002,P01-08,counterfactual_0010_04,0.19695435016101243,0.00012589254117941674,False,1.6818814653040237e-07,0,-0.0,8
main,sentinel1,treatment_0002,P01-09,counterfactual_0002_01,0.20713332251909697,10000.0,True,1.940162385235324e-09,0,-0.0,9
main,sentinel1,treatment_0002,P01-09,counterfactual_0006_03,0.19018604778230888,10000.0,True,1.940162385235324e-09,0,-0.0,9
main,sentinel1,treatment_0002,P01-09,counterfactual_0001_05,0.197201877328708,10000.0,True,1.940162385235324e-09,0,-0.0,9
main,sentinel1,treatment_0002,P01-09,counterfactual_0007_01,0.2073520016495895,10000.0,True,1.940162385235324e-09,0,-0.0,9
main,sentinel1,treatment_0002,P01-09,counterfactual_0010_04,0.1981267507202966,10000.0,True,1.940162385235324e-09,0,-0.0,9
main,sentinel1,treatment_0003,P01-08,counterfactual_0006_01,0.238430183959739,0.00012589254117941674,False,1.6412959017521212e-09,0,-0.0,8
main,sentinel1,treatment_0003,P01-08,counterfactual_0008_03,0.19631011858054231,0.00012589254117941674,False,1.6412959017521212e-09,0,-0.0,8
main,sentinel1,treatment_0003,P01-08,counterfactual_0006_05,0.17865544676364117,0.00012589254117941674,False,1.6412959017521212e-09,0,-0.0,8
main,sentinel1,treatment_0003,P01-08,counterfactual_0004_01,0.20018416361282512,0.00012589254117941674,False,1.6412959017521212e-09,0,-0.0,8
main,sentinel1,treatment_0003,P01-08,counterfactual_0003_05,0.18642008708325244,0.00012589254117941674,False,1.6412959017521212e-09,0,-0.0,8
main,sentinel1,treatment_0003,P01-09,counterfactual_0006_01,0.2372240900501452,0.0001,True,6.218362598790609e-09,0,-0.0,9
main,sentinel1,treatment_0003,P01-09,counterfactual_0008_03,0.19324877992452394,0.0001,True,6.218362598790609e-09,0,-0.0,9
main,sentinel1,treatment_0003,P01-09,counterfactual_0006_05,0.18219898285325303,0.0001,True,6.218362598790609e-09,0,-0.0,9
main,sentinel1,treatment_0003,P01-09,counterfactual_0004_01,0.20248568956275806,0.0001,True,6.218362598790609e-09,0,-0.0,9
main,sentinel1,treatment_0003,P01-09,counterfactual_0003_05,0.18484245760931978,0.0001,True,6.218362598790609e-09,0,-0.0,9
main,sentinel1,treatment_0004,P01-08,counterfactual_0005_05,0.21868226499093926,10000.0,True,9.98045983802503e-08,0,-0.0,8
main,sentinel1,treatment_0004,P01-08,counterfactual_0001_01,0.1902191344654573,10000.0,True,9.98045983802503e-08,0,-0.0,8
main,sentinel1,treatment_0004,P01-08,counterfactual_0002_03,0.20669262501363583,10000.0,True,9.98045983802503e-08,0,-0.0,8
main,sentinel1,treatment_0004,P01-08,counterfactual_0006_02,0.1877475588102109,10000.0,True,9.98045983802503e-08,0,-0.0,8
main,sentinel1,treatment_0004,P01-08,counterfactual_0010_03,0.19665841671975667,10000.0,True,9.98045983802503e-08,0,-0.0,8
main,sentinel1,treatment_0004,P01-09,counterfactual_0005_05,0.2197545674397391,0.0001,True,1.2959999920849871e-07,0,-0.0,9
main,sentinel1,treatment_0004,P01-09,counterfactual_0001_01,0.19043710968914196,0.0001,True,1.2959999920849871e-07,0,-0.0,9
main,sentinel1,treatment_0004,P01-09,counterfactual_0002_03,0.20525785887055914,0.0001,True,1.2959999920849871e-07,0,-0.0,9
main,sentinel1,treatment_0004,P01-09,counterfactual_0006_02,0.18680115211938997,0.0001,True,1.2959999920849871e-07,0,-0.0,9
main,sentinel1,treatment_0004,P01-09,counterfactual_0010_03,0.19774931188116998,0.0001,True,1.2959999920849871e-07,0,-0.0,9
main,sentinel1,treatment_0005,P01-08,counterfactual_0006_01,0.2102881444029542,10000.0,True,1.526990294489215e-09,0,-0.0,8
main,sentinel1,treatment_0005,P01-08,counterfactual_0005_03,0.20232939901004207,10000.0,True,1.526990294489215e-09,0,-0.0,8
main,sentinel1,treatment_0005,P01-08,counterfactual_0004_05,0.20502784438860314,10000.0,True,1.526990294489215e-09,0,-0.0,8
main,sentinel1,treatment_0005,P01-08,counterfactual_0010_04,0.20604893945924932,10000.0,True,1.526990294489215e-09,0,-0.0,8
main,sentinel1,treatment_0005,P01-08,counterfactual_0001_04,0.1763056727391512,10000.0,True,1.526990294489215e-09,0,-0.0,8
main,sentinel1,treatment_0005,P01-09,counterfactual_0006_01,0.21086084724688578,10000.0,True,4.456142816921812e-10,0,-0.0,9
main,sentinel1,treatment_0005,P01-09,counterfactual_0005_03,0.2062871588284085,10000.0,True,4.456142816921812e-10,0,-0.0,9
main,sentinel1,treatment_0005,P01-09,counterfactual_0004_05,0.20564213274088297,10000.0,True,4.456142816921812e-10,0,-0.0,9
main,sentinel1,treatment_0005,P01-09,counterfactual_0010_04,0.20783987159476777,10000.0,True,4.456142816921812e-10,0,-0.0,9
main,sentinel1,treatment_0005,P01-09,counterfactual_0001_04,0.16936998958905497,10000.0,True,4.456142816921812e-10,0,-0.0,9
main,sentinel1,treatment_0006,P01-08,counterfactual_0006_04,0.20385214477750147,10000.0,True,2.5691116986408436e-08,0,-0.0,8
main,sentinel1,treatment_0006,P01-08,counterfactual_0009_01,0.21276335984576827,10000.0,True,2.5691116986408436e-08,0,-0.0,8
main,sentinel1,treatment_0006,P01-08,counterfactual_0003_03,0.1931701549052787,10000.0,True,2.5691116986408436e-08,0,-0.0,8
main,sentinel1,treatment_0006,P01-08,counterfactual_0010_01,0.20268647797793862,10000.0,True,2.5691116986408436e-08,0,-0.0,8
main,sentinel1,treatment_0006,P01-08,counterfactual_0010_05,0.18752786249351291,10000.0,True,2.5691116986408436e-08,0,-0.0,8
main,sentinel1,treatment_0006,P01-09,counterfactual_0006_04,0.20476533247636935,0.0001,True,3.067271844617021e-07,0,-0.0,9
main,sentinel1,treatment_0006,P01-09,counterfactual_0009_01,0.21065239623633125,0.0001,True,3.067271844617021e-07,0,-0.0,9
main,sentinel1,treatment_0006,P01-09,counterfactual_0003_03,0.19068049301734202,0.0001,True,3.067271844617021e-07,0,-0.0,9
main,sentinel1,treatment_0006,P01-09,counterfactual_0010_01,0.20457560719694423,0.0001,True,3.067271844617021e-07,0,-0.0,9
main,sentinel1,treatment_0006,P01-09,counterfactual_0010_05,0.1893261710730131,0.0001,True,3.067271844617021e-07,0,-0.0,9
main,sentinel1,treatment_0007,P01-08,counterfactual_0006_05,0.22457084149874074,0.0001,True,5.044154306764593e-07,0,-0.0,4
main,sentinel1,treatment_0007,P01-08,counterfactual_0003_02,0.19183042102758718,0.0001,True,5.044154306764593e-07,0,-0.0,4
main,sentinel1,treatment_0007,P01-08,counterfactual_0008_03,0.21842601771148337,0.0001,True,5.044154306764593e-07,0,-0.0,4
main,sentinel1,treatment_0007,P01-08,counterfactual_0008_01,0.19720121806965266,0.0001,True,5.044154306764593e-07,0,-0.0,4
main,sentinel1,treatment_0007,P01-08,counterfactual_0007_03,0.1679715016925361,0.0001,True,5.044154306764593e-07,0,-0.0,4
main,sentinel1,treatment_0007,P01-09,counterfactual_0006_05,0.2242665372075614,0.0001,True,1.7986895740939912e-07,0,-0.0,5
main,sentinel1,treatment_0007,P01-09,counterfactual_0003_02,0.19121646921285296,0.0001,True,1.7986895740939912e-07,0,-0.0,5
main,sentinel1,treatment_0007,P01-09,counterfactual_0008_03,0.21493343309239518,0.0001,True,1.7986895740939912e-07,0,-0.0,5
main,sentinel1,treatment_0007,P01-09,counterfactual_0008_01,0.2019319470842398,0.0001,True,1.7986895740939912e-07,0,-0.0,5
main,sentinel1,treatment_0007,P01-09,counterfactual_0007_03,0.16765161340295082,0.0001,True,1.7986895740939912e-07,0,-0.0,5
main,sentinel1,treatment_0008,P01-08,counterfactual_0006_05,0.20316935232348776,10000.0,True,6.23144350603758e-08,0,-0.0,4
main,sentinel1,treatment_0008,P01-08,counterfactual_0005_03,0.20101337952630238,10000.0,True,6.23144350603758e-08,0,-0.0,4
main,sentinel1,treatment_0008,P01-08,counterfactual_0008_03,0.2059164909199778,10000.0,True,6.23144350603758e-08,0,-0.0,4
main,sentinel1,treatment_0008,P01-08,counterfactual_0003_01,0.21118298103977773,10000.0,True,6.23144350603758e-08,0,-0.0,4
main,sentinel1,treatment_0008,P01-08,counterfactual_0007_03,0.17871779619045444,10000.0,True,6.23144350603758e-08,0,-0.0,4
main,sentinel1,treatment_0008,P01-09,counterfactual_0006_05,0.19908827792172548,0.00015848931924611142,False,1.1470878349903604e-07,0,-0.0,5
main,sentinel1,treatment_0008,P01-09,counterfactual_0005_03,0.20992405253025667,0.00015848931924611142,False,1.1470878349903604e-07,0,-0.0,5
main,sentinel1,treatment_0008,P01-09,counterfactual_0008_03,0.21037926258241907,0.00015848931924611142,False,1.1470878349903604e-07,0,-0.0,5
main,sentinel1,treatment_0008,P01-09,counterfactual_0003_01,0.20674774284538272,0.00015848931924611142,False,1.1470878349903604e-07,0,-0.0,5
main,sentinel1,treatment_0008,P01-09,counterfactual_0007_03,0.1738606641202158,0.00015848931924611142,False,1.1470878349903604e-07,0,-0.0,5
main,sentinel1,treatment_0009,P01-08,counterfactual_0003_02,0.21200982504693316,10000.0,True,1.2045560269074032e-07,0,-0.0,8
main,sentinel1,treatment_0009,P01-08,counterfactual_0001_04,0.1848555079677215,10000.0,True,1.2045560269074032e-07,0,-0.0,8
main,sentinel1,treatment_0009,P01-08,counterfactual_0001_05,0.2090676600865215,10000.0,True,1.2045560269074032e-07,0,-0.0,8
main,sentinel1,treatment_0009,P01-08,counterfactual_0005_03,0.20325133713671575,10000.0,True,1.2045560269074032e-07,0,-0.0,8
main,sentinel1,treatment_0009,P01-08,counterfactual_0009_05,0.19081566976210812,10000.0,True,1.2045560269074032e-07,0,-0.0,8
main,sentinel1,treatment_0009,P01-09,counterfactual_0003_02,0.2133187849684073,10000.0,True,1.0500587133246937e-07,0,-0.0,9
main,sentinel1,treatment_0009,P01-09,counterfactual_0001_04,0.18473350192776736,10000.0,True,1.0500587133246937e-07,0,-0.0,9
main,sentinel1,treatment_0009,P01-09,counterfactual_0001_05,0.20456505040637832,10000.0,True,1.0500587133246937e-07,0,-0.0,9
main,sentinel1,treatment_0009,P01-09,counterfactual_0005_03,0.20352682395353583,10000.0,True,1.0500587133246937e-07,0,-0.0,9
main,sentinel1,treatment_0009,P01-09,counterfactual_0009_05,0.19385583874391119,10000.0,True,1.0500587133246937e-07,0,-0.0,9
main,sentinel1,treatment_0010,P01-08,counterfactual_0007_04,0.2046502967895089,0.0001,True,3.758758029143428e-07,0,-0.0,4
main,sentinel1,treatment_0010,P01-08,counterfactual_0009_02,0.2144462566819978,0.0001,True,3.758758029143428e-07,0,-0.0,4
main,sentinel1,treatment_0010,P01-08,counterfactual_0008_03,0.19203293583413455,0.0001,True,3.758758029143428e-07,0,-0.0,4
main,sentinel1,treatment_0010,P01-08,counterfactual_0001_01,0.20727856030538971,0.0001,True,3.758758029143428e-07,0,-0.0,4
main,sentinel1,treatment_0010,P01-08,counterfactual_0003_02,0.18159195038896894,0.0001,True,3.758758029143428e-07,0,-0.0,4
main,sentinel1,treatment_0010,P01-09,counterfactual_0007_04,0.19829464955113127,0.0001,True,4.696638451083637e-07,0,-0.0,5
main,sentinel1,treatment_0010,P01-09,counterfactual_0009_02,0.21393327420844835,0.0001,True,4.696638451083637e-07,0,-0.0,5
main,sentinel1,treatment_0010,P01-09,counterfactual_0008_03,0.199226945770367,0.0001,True,4.696638451083637e-07,0,-0.0,5
main,sentinel1,treatment_0010,P01-09,counterfactual_0001_01,0.21239044661678874,0.0001,True,4.696638451083637e-07,0,-0.0,5
main,sentinel1,treatment_0010,P01-09,counterfactual_0003_02,0.17615468385326477,0.0001,True,4.696638451083637e-07,0,-0.0,5
main,sentinel2,treatment_0001,P01-08,counterfactual_0004_03,0.2945479773418288,630.9573444801943,False,3.544709502762076e-07,0,-0.0,8
main,sentinel2,treatment_0001,P01-08,counterfactual_0007_03,0.17365567469127866,630.9573444801943,False,3.544709502762076e-07,0,-0.0,8
main,sentinel2,treatment_0001,P01-08,counterfactual_0008_02,0.18025996639393732,630.9573444801943,False,3.544709502762076e-07,0,-0.0,8
main,sentinel2,treatment_0001,P01-08,counterfactual_0006_04,0.16316192140466537,630.9573444801943,False,3.544709502762076e-07,0,-0.0,8
main,sentinel2,treatment_0001,P01-08,counterfactual_0001_05,0.18837446016828982,630.9573444801943,False,3.544709502762076e-07,0,-0.0,8
main,sentinel2,treatment_0001,P01-09,counterfactual_0004_03,0.272986672186042,10000.0,True,1.9972810149997207e-07,0,-0.0,9
main,sentinel2,treatment_0001,P01-09,counterfactual_0007_03,0.18172527542128125,10000.0,True,1.9972810149997207e-07,0,-0.0,9
main,sentinel2,treatment_0001,P01-09,counterfactual_0008_02,0.17910402223291053,10000.0,True,1.9972810149997207e-07,0,-0.0,9
main,sentinel2,treatment_0001,P01-09,counterfactual_0006_04,0.1744443636281463,10000.0,True,1.9972810149997207e-07,0,-0.0,9
main,sentinel2,treatment_0001,P01-09,counterfactual_0001_05,0.19173966653161992,10000.0,True,1.9972810149997207e-07,0,-0.0,9
main,sentinel2,treatment_0002,P01-08,counterfactual_0006_05,0.3434366294271821,10000.0,True,1.0428794817269183e-08,0,-0.0,8
main,sentinel2,treatment_0002,P01-08,counterfactual_0003_05,0.15504187851897924,10000.0,True,1.0428794817269183e-08,0,-0.0,8
main,sentinel2,treatment_0002,P01-08,counterfactual_0003_03,0.1523567596064607,10000.0,True,1.0428794817269183e-08,0,-0.0,8
main,sentinel2,treatment_0002,P01-08,counterfactual_0010_04,0.18638402316246644,10000.0,True,1.0428794817269183e-08,0,-0.0,8
main,sentinel2,treatment_0002,P01-08,counterfactual_0010_05,0.16278070928491145,10000.0,True,1.0428794817269183e-08,0,-0.0,8
main,sentinel2,treatment_0002,P01-09,counterfactual_0006_05,0.31844453989573424,10000.0,True,2.3098998139314348e-07,0,-0.0,9
main,sentinel2,treatment_0002,P01-09,counterfactual_0003_05,0.1656609356671423,10000.0,True,2.3098998139314348e-07,0,-0.0,9
main,sentinel2,treatment_0002,P01-09,counterfactual_0003_03,0.17146885611869014,10000.0,True,2.3098998139314348e-07,0,-0.0,9
main,sentinel2,treatment_0002,P01-09,counterfactual_0010_04,0.16979975751567603,10000.0,True,2.3098998139314348e-07,0,-0.0,9
main,sentinel2,treatment_0002,P01-09,counterfactual_0010_05,0.17462591080275727,10000.0,True,2.3098998139314348e-07,0,-0.0,9
main,sentinel2,treatment_0003,P01-08,counterfactual_0009_03,0.2116515068426315,10000.0,True,1.7298031820352128e-07,0,-0.0,8
main,sentinel2,treatment_0003,P01-08,counterfactual_0009_05,0.21320384891521907,10000.0,True,1.7298031820352128e-07,0,-0.0,8
main,sentinel2,treatment_0003,P01-08,counterfactual_0007_02,0.21098289761216973,10000.0,True,1.7298031820352128e-07,0,-0.0,8
main,sentinel2,treatment_0003,P01-08,counterfactual_0008_03,0.19896642409401882,10000.0,True,1.7298031820352128e-07,0,-0.0,8
main,sentinel2,treatment_0003,P01-08,counterfactual_0003_04,0.16519532253596078,10000.0,True,1.7298031820352128e-07,0,-0.0,8
main,sentinel2,treatment_0003,P01-09,counterfactual_0009_03,0.19766077928328146,10000.0,True,8.569365547575578e-08,0,-0.0,9
main,sentinel2,treatment_0003,P01-09,counterfactual_0009_05,0.21813174311041203,10000.0,True,8.569365547575578e-08,0,-0.0,9
main,sentinel2,treatment_0003,P01-09,counterfactual_0007_02,0.2063737604154076,10000.0,True,8.569365547575578e-08,0,-0.0,9
main,sentinel2,treatment_0003,P01-09,counterfactual_0008_03,0.19641723656109297,10000.0,True,8.569365547575578e-08,0,-0.0,9
main,sentinel2,treatment_0003,P01-09,counterfactual_0003_04,0.18141648062980598,10000.0,True,8.569365547575578e-08,0,-0.0,9
main,sentinel2,treatment_0004,P01-08,counterfactual_0006_02,0.2264486014461397,10000.0,True,1.7767603040137962e-07,0,-0.0,8
main,sentinel2,treatment_0004,P01-08,counterfactual_0004_01,0.18956247788107125,10000.0,True,1.7767603040137962e-07,0,-0.0,8
main,sentinel2,treatment_0004,P01-08,counterfactual_0001_03,0.24147052072650202,10000.0,True,1.7767603040137962e-07,0,-0.0,8
main,sentinel2,treatment_0004,P01-08,counterfactual_0004_03,0.15880066386173824,10000.0,True,1.7767603040137962e-07,0,-0.0,8
main,sentinel2,treatment_0004,P01-08,counterfactual_0008_04,0.1837177360845488,10000.0,True,1.7767603040137962e-07,0,-0.0,8
main,sentinel2,treatment_0004,P01-09,counterfactual_0006_02,0.2204524546941672,0.0001,True,4.7601060600329254e-07,0,-0.0,9
main,sentinel2,treatment_0004,P01-09,counterfactual_0004_01,0.19447463325993097,0.0001,True,4.7601060600329254e-07,0,-0.0,9
main,sentinel2,treatment_0004,P01-09,counterfactual_0001_03,0.23252987263371766,0.0001,True,4.7601060600329254e-07,0,-0.0,9
main,sentinel2,treatment_0004,P01-09,counterfactual_0004_03,0.17362696756443508,0.0001,True,4.7601060600329254e-07,0,-0.0,9
main,sentinel2,treatment_0004,P01-09,counterfactual_0008_04,0.17891607184774916,0.0001,True,4.7601060600329254e-07,0,-0.0,9
main,sentinel2,treatment_0005,P01-08,counterfactual_0004_01,0.23661799858906452,10000.0,True,2.5620859258981107e-08,0,-0.0,8
main,sentinel2,treatment_0005,P01-08,counterfactual_0006_02,0.3265233624357627,10000.0,True,2.5620859258981107e-08,0,-0.0,8
main,sentinel2,treatment_0005,P01-08,counterfactual_0004_03,0.2181551130477383,10000.0,True,2.5620859258981107e-08,0,-0.0,8
main,sentinel2,treatment_0005,P01-08,counterfactual_0007_03,0.1051072307100264,10000.0,True,2.5620859258981107e-08,0,-0.0,8
main,sentinel2,treatment_0005,P01-08,counterfactual_0006_01,0.11359629521740801,10000.0,True,2.5620859258981107e-08,0,-0.0,8
main,sentinel2,treatment_0005,P01-09,counterfactual_0004_01,0.21942657271916552,10000.0,True,5.86392318543669e-09,0,-0.0,9
main,sentinel2,treatment_0005,P01-09,counterfactual_0006_02,0.33413061753865103,10000.0,True,5.86392318543669e-09,0,-0.0,9
main,sentinel2,treatment_0005,P01-09,counterfactual_0004_03,0.20821450836989286,10000.0,True,5.86392318543669e-09,0,-0.0,9
main,sentinel2,treatment_0005,P01-09,counterfactual_0007_03,0.12078396585172062,10000.0,True,5.86392318543669e-09,0,-0.0,9
main,sentinel2,treatment_0005,P01-09,counterfactual_0006_01,0.11744433552056974,10000.0,True,5.86392318543669e-09,0,-0.0,9
main,sentinel2,treatment_0006,P01-08,counterfactual_0004_01,0.2780938482620151,10000.0,True,2.355003536357379e-08,0,-0.0,8
main,sentinel2,treatment_0006,P01-08,counterfactual_0006_02,0.2563993221626836,10000.0,True,2.355003536357379e-08,0,-0.0,8
main,sentinel2,treatment_0006,P01-08,counterfactual_0004_03,0.17217305489260995,10000.0,True,2.355003536357379e-08,0,-0.0,8
main,sentinel2,treatment_0006,P01-08,counterfactual_0007_03,0.14546053315584692,10000.0,True,2.355003536357379e-08,0,-0.0,8
main,sentinel2,treatment_0006,P01-08,counterfactual_0003_03,0.14787324152684433,10000.0,True,2.355003536357379e-08,0,-0.0,8
main,sentinel2,treatment_0006,P01-09,counterfactual_0004_01,0.25765065157427947,10000.0,True,1.2709313692873467e-08,0,-0.0,9
main,sentinel2,treatment_0006,P01-09,counterfactual_0006_02,0.2738530083326496,10000.0,True,1.2709313692873467e-08,0,-0.0,9
main,sentinel2,treatment_0006,P01-09,counterfactual_0004_03,0.17699574370712243,10000.0,True,1.2709313692873467e-08,0,-0.0,9
main,sentinel2,treatment_0006,P01-09,counterfactual_0007_03,0.1458378579991513,10000.0,True,1.2709313692873467e-08,0,-0.0,9
main,sentinel2,treatment_0006,P01-09,counterfactual_0003_03,0.14566273838679714,10000.0,True,1.2709313692873467e-08,0,-0.0,9
main,sentinel2,treatment_0007,P01-08,counterfactual_0007_02,0.22752503783636874,10000.0,True,1.438433266067804e-08,0,-0.0,8
main,sentinel2,treatment_0007,P01-08,counterfactual_0008_03,0.2159569474744971,10000.0,True,1.438433266067804e-08,0,-0.0,8
main,sentinel2,treatment_0007,P01-08,counterfactual_0009_03,0.1748961539340947,10000.0,True,1.438433266067804e-08,0,-0.0,8
main,sentinel2,treatment_0007,P01-08,counterfactual_0009_05,0.19666358766350253,10000.0,True,1.438433266067804e-08,0,-0.0,8
main,sentinel2,treatment_0007,P01-08,counterfactual_0008_01,0.18495827309153687,10000.0,True,1.438433266067804e-08,0,-0.0,8
main,sentinel2,treatment_0007,P01-09,counterfactual_0007_02,0.2242587359926357,0.0001,True,3.5845409350999013e-07,0,-0.0,9
main,sentinel2,treatment_0007,P01-09,counterfactual_0008_03,0.24663998315417945,0.0001,True,3.5845409350999013e-07,0,-0.0,9
main,sentinel2,treatment_0007,P01-09,counterfactual_0009_03,0.17526544562775956,0.0001,True,3.5845409350999013e-07,0,-0.0,9
main,sentinel2,treatment_0007,P01-09,counterfactual_0009_05,0.18612997809899423,0.0001,True,3.5845409350999013e-07,0,-0.0,9
main,sentinel2,treatment_0007,P01-09,counterfactual_0008_01,0.16770585712643116,0.0001,True,3.5845409350999013e-07,0,-0.0,9
main,sentinel2,treatment_0008,P01-08,counterfactual_0008_03,0.24439340077954513,10000.0,True,4.767059938154933e-08,0,-0.0,8
main,sentinel2,treatment_0008,P01-08,counterfactual_0009_03,0.22458477635217897,10000.0,True,4.767059938154933e-08,0,-0.0,8
main,sentinel2,treatment_0008,P01-08,counterfactual_0009_05,0.18182843513566166,10000.0,True,4.767059938154933e-08,0,-0.0,8
main,sentinel2,treatment_0008,P01-08,counterfactual_0007_02,0.1914339909643033,10000.0,True,4.767059938154933e-08,0,-0.0,8
main,sentinel2,treatment_0008,P01-08,counterfactual_0003_04,0.15775939676831083,10000.0,True,4.767059938154933e-08,0,-0.0,8
main,sentinel2,treatment_0008,P01-09,counterfactual_0008_03,0.26155976501757006,10000.0,True,1.9218071918868896e-07,0,-0.0,9
main,sentinel2,treatment_0008,P01-09,counterfactual_0009_03,0.22424014904393724,10000.0,True,1.9218071918868896e-07,0,-0.0,9
main,sentinel2,treatment_0008,P01-09,counterfactual_0009_05,0.1577228359684929,10000.0,True,1.9218071918868896e-07,0,-0.0,9
main,sentinel2,treatment_0008,P01-09,counterfactual_0007_02,0.18676925544616974,10000.0,True,1.9218071918868896e-07,0,-0.0,9
main,sentinel2,treatment_0008,P01-09,counterfactual_0003_04,0.16970799452383012,10000.0,True,1.9218071918868896e-07,0,-0.0,9
main,sentinel2,treatment_0009,P01-08,counterfactual_0008_03,0.23569196800249656,0.0001,True,3.5557644488131934e-07,0,-0.0,8
main,sentinel2,treatment_0009,P01-08,counterfactual_0004_03,0.30927366883337076,0.0001,True,3.5557644488131934e-07,0,-0.0,8
main,sentinel2,treatment_0009,P01-08,counterfactual_0003_04,0.15536422288171456,0.0001,True,3.5557644488131934e-07,0,-0.0,8
main,sentinel2,treatment_0009,P01-08,counterfactual_0009_03,0.14776934042400103,0.0001,True,3.5557644488131934e-07,0,-0.0,8
main,sentinel2,treatment_0009,P01-08,counterfactual_0009_05,0.15190079985841715,0.0001,True,3.5557644488131934e-07,0,-0.0,8
main,sentinel2,treatment_0009,P01-09,counterfactual_0008_03,0.24343072893442058,0.0001,True,8.410381446175087e-07,0,-0.0,9
main,sentinel2,treatment_0009,P01-09,counterfactual_0004_03,0.30462560128029303,0.0001,True,8.410381446175087e-07,0,-0.0,9
main,sentinel2,treatment_0009,P01-09,counterfactual_0003_04,0.16138083939356893,0.0001,True,8.410381446175087e-07,0,-0.0,9
main,sentinel2,treatment_0009,P01-09,counterfactual_0009_03,0.15863035190775246,0.0001,True,8.410381446175087e-07,0,-0.0,9
main,sentinel2,treatment_0009,P01-09,counterfactual_0009_05,0.13193247848396494,0.0001,True,8.410381446175087e-07,0,-0.0,9
main,sentinel2,treatment_0010,P01-08,counterfactual_0008_05,0.2707504506456949,10000.0,True,3.32133380883306e-08,0,-0.0,8
main,sentinel2,treatment_0010,P01-08,counterfactual_0009_05,0.1670737273076178,10000.0,True,3.32133380883306e-08,0,-0.0,8
main,sentinel2,treatment_0010,P01-08,counterfactual_0004_02,0.2255426310578841,10000.0,True,3.32133380883306e-08,0,-0.0,8
main,sentinel2,treatment_0010,P01-08,counterfactual_0008_03,0.14156016670226812,10000.0,True,3.32133380883306e-08,0,-0.0,8
main,sentinel2,treatment_0010,P01-08,counterfactual_0007_04,0.19507302428653514,10000.0,True,3.32133380883306e-08,0,-0.0,8
main,sentinel2,treatment_0010,P01-09,counterfactual_0008_05,0.23763104100648427,10000.0,True,6.927322920385559e-08,0,-0.0,9
main,sentinel2,treatment_0010,P01-09,counterfactual_0009_05,0.17820696402870398,10000.0,True,6.927322920385559e-08,0,-0.0,9
main,sentinel2,treatment_0010,P01-09,counterfactual_0004_02,0.22543691797155205,10000.0,True,6.927322920385559e-08,0,-0.0,9
main,sentinel2,treatment_0010,P01-09,counterfactual_0008_03,0.1565185720042374,10000.0,True,6.927322920385559e-08,0,-0.0,9
main,sentinel2,treatment_0010,P01-09,counterfactual_0007_04,0.2022065049890223,10000.0,True,6.927322920385559e-08,0,-0.0,9
quality40,sentinel1,treatment_0001,P01-08,counterfactual_0003_03,0.23710692434104105,0.0001,True,9.845058033124332e-10,0,-0.0,8
quality40,sentinel1,treatment_0001,P01-08,counterfactual_0006_04,0.18283425061407277,0.0001,True,9.845058033124332e-10,0,-0.0,8
quality40,sentinel1,treatment_0001,P01-08,counterfactual_0010_03,0.17790582965658813,0.0001,True,9.845058033124332e-10,0,-0.0,8
quality40,sentinel1,treatment_0001,P01-08,counterfactual_0006_02,0.1977020602309985,0.0001,True,9.845058033124332e-10,0,-0.0,8
quality40,sentinel1,treatment_0001,P01-08,counterfactual_0003_01,0.20445093515729962,0.0001,True,9.845058033124332e-10,0,-0.0,8
quality40,sentinel1,treatment_0001,P01-09,counterfactual_0003_03,0.2370677644856116,0.0001,True,5.985471403005257e-09,0,-0.0,9
quality40,sentinel1,treatment_0001,P01-09,counterfactual_0006_04,0.181304375647684,0.0001,True,5.985471403005257e-09,0,-0.0,9
quality40,sentinel1,treatment_0001,P01-09,counterfactual_0010_03,0.18008420941122744,0.0001,True,5.985471403005257e-09,0,-0.0,9
quality40,sentinel1,treatment_0001,P01-09,counterfactual_0006_02,0.19567357276671624,0.0001,True,5.985471403005257e-09,0,-0.0,9
quality40,sentinel1,treatment_0001,P01-09,counterfactual_0003_01,0.20587007768876092,0.0001,True,5.985471403005257e-09,0,-0.0,9
quality40,sentinel1,treatment_0002,P01-08,counterfactual_0002_01,0.20434926682683557,0.00012589254117941674,False,1.6818814653040237e-07,0,-0.0,8
quality40,sentinel1,treatment_0002,P01-08,counterfactual_0006_03,0.19180661439764274,0.00012589254117941674,False,1.6818814653040237e-07,0,-0.0,8
quality40,sentinel1,treatment_0002,P01-08,counterfactual_0001_05,0.20263598410084557,0.00012589254117941674,False,1.6818814653040237e-07,0,-0.0,8
quality40,sentinel1,treatment_0002,P01-08,counterfactual_0007_01,0.20425378451366358,0.00012589254117941674,False,1.6818814653040237e-07,0,-0.0,8
quality40,sentinel1,treatment_0002,P01-08,counterfactual_0010_04,0.19695435016101243,0.00012589254117941674,False,1.6818814653040237e-07,0,-0.0,8
quality40,sentinel1,treatment_0002,P01-09,counterfactual_0002_01,0.20713332251909697,10000.0,True,1.940162385235324e-09,0,-0.0,9
quality40,sentinel1,treatment_0002,P01-09,counterfactual_0006_03,0.19018604778230888,10000.0,True,1.940162385235324e-09,0,-0.0,9
quality40,sentinel1,treatment_0002,P01-09,counterfactual_0001_05,0.197201877328708,10000.0,True,1.940162385235324e-09,0,-0.0,9
quality40,sentinel1,treatment_0002,P01-09,counterfactual_0007_01,0.2073520016495895,10000.0,True,1.940162385235324e-09,0,-0.0,9
quality40,sentinel1,treatment_0002,P01-09,counterfactual_0010_04,0.1981267507202966,10000.0,True,1.940162385235324e-09,0,-0.0,9
quality40,sentinel1,treatment_0003,P01-08,counterfactual_0006_01,0.238430183959739,0.00012589254117941674,False,1.6412959017521212e-09,0,-0.0,8
quality40,sentinel1,treatment_0003,P01-08,counterfactual_0008_03,0.19631011858054231,0.00012589254117941674,False,1.6412959017521212e-09,0,-0.0,8
quality40,sentinel1,treatment_0003,P01-08,counterfactual_0006_05,0.17865544676364117,0.00012589254117941674,False,1.6412959017521212e-09,0,-0.0,8
quality40,sentinel1,treatment_0003,P01-08,counterfactual_0004_01,0.20018416361282512,0.00012589254117941674,False,1.6412959017521212e-09,0,-0.0,8
quality40,sentinel1,treatment_0003,P01-08,counterfactual_0003_05,0.18642008708325244,0.00012589254117941674,False,1.6412959017521212e-09,0,-0.0,8
quality40,sentinel1,treatment_0003,P01-09,counterfactual_0006_01,0.2372240900501452,0.0001,True,6.218362598790609e-09,0,-0.0,9
quality40,sentinel1,treatment_0003,P01-09,counterfactual_0008_03,0.19324877992452394,0.0001,True,6.218362598790609e-09,0,-0.0,9
quality40,sentinel1,treatment_0003,P01-09,counterfactual_0006_05,0.18219898285325303,0.0001,True,6.218362598790609e-09,0,-0.0,9
quality40,sentinel1,treatment_0003,P01-09,counterfactual_0004_01,0.20248568956275806,0.0001,True,6.218362598790609e-09,0,-0.0,9
quality40,sentinel1,treatment_0003,P01-09,counterfactual_0003_05,0.18484245760931978,0.0001,True,6.218362598790609e-09,0,-0.0,9
quality40,sentinel1,treatment_0004,P01-08,counterfactual_0005_05,0.21868226499093926,10000.0,True,9.98045983802503e-08,0,-0.0,8
quality40,sentinel1,treatment_0004,P01-08,counterfactual_0001_01,0.1902191344654573,10000.0,True,9.98045983802503e-08,0,-0.0,8
quality40,sentinel1,treatment_0004,P01-08,counterfactual_0002_03,0.20669262501363583,10000.0,True,9.98045983802503e-08,0,-0.0,8
quality40,sentinel1,treatment_0004,P01-08,counterfactual_0006_02,0.1877475588102109,10000.0,True,9.98045983802503e-08,0,-0.0,8
quality40,sentinel1,treatment_0004,P01-08,counterfactual_0010_03,0.19665841671975667,10000.0,True,9.98045983802503e-08,0,-0.0,8
quality40,sentinel1,treatment_0004,P01-09,counterfactual_0005_05,0.2197545674397391,0.0001,True,1.2959999920849871e-07,0,-0.0,9
quality40,sentinel1,treatment_0004,P01-09,counterfactual_0001_01,0.19043710968914196,0.0001,True,1.2959999920849871e-07,0,-0.0,9
quality40,sentinel1,treatment_0004,P01-09,counterfactual_0002_03,0.20525785887055914,0.0001,True,1.2959999920849871e-07,0,-0.0,9
quality40,sentinel1,treatment_0004,P01-09,counterfactual_0006_02,0.18680115211938997,0.0001,True,1.2959999920849871e-07,0,-0.0,9
quality40,sentinel1,treatment_0004,P01-09,counterfactual_0010_03,0.19774931188116998,0.0001,True,1.2959999920849871e-07,0,-0.0,9
quality40,sentinel1,treatment_0005,P01-08,counterfactual_0006_01,0.2102881444029542,10000.0,True,1.526990294489215e-09,0,-0.0,8
quality40,sentinel1,treatment_0005,P01-08,counterfactual_0005_03,0.20232939901004207,10000.0,True,1.526990294489215e-09,0,-0.0,8
quality40,sentinel1,treatment_0005,P01-08,counterfactual_0004_05,0.20502784438860314,10000.0,True,1.526990294489215e-09,0,-0.0,8
quality40,sentinel1,treatment_0005,P01-08,counterfactual_0010_04,0.20604893945924932,10000.0,True,1.526990294489215e-09,0,-0.0,8
quality40,sentinel1,treatment_0005,P01-08,counterfactual_0001_04,0.1763056727391512,10000.0,True,1.526990294489215e-09,0,-0.0,8
quality40,sentinel1,treatment_0005,P01-09,counterfactual_0006_01,0.21086084724688578,10000.0,True,4.456142816921812e-10,0,-0.0,9
quality40,sentinel1,treatment_0005,P01-09,counterfactual_0005_03,0.2062871588284085,10000.0,True,4.456142816921812e-10,0,-0.0,9
quality40,sentinel1,treatment_0005,P01-09,counterfactual_0004_05,0.20564213274088297,10000.0,True,4.456142816921812e-10,0,-0.0,9
quality40,sentinel1,treatment_0005,P01-09,counterfactual_0010_04,0.20783987159476777,10000.0,True,4.456142816921812e-10,0,-0.0,9
quality40,sentinel1,treatment_0005,P01-09,counterfactual_0001_04,0.16936998958905497,10000.0,True,4.456142816921812e-10,0,-0.0,9
quality40,sentinel1,treatment_0006,P01-08,counterfactual_0006_04,0.20385214477750147,10000.0,True,2.5691116986408436e-08,0,-0.0,8
quality40,sentinel1,treatment_0006,P01-08,counterfactual_0009_01,0.21276335984576827,10000.0,True,2.5691116986408436e-08,0,-0.0,8
quality40,sentinel1,treatment_0006,P01-08,counterfactual_0003_03,0.1931701549052787,10000.0,True,2.5691116986408436e-08,0,-0.0,8
quality40,sentinel1,treatment_0006,P01-08,counterfactual_0010_01,0.20268647797793862,10000.0,True,2.5691116986408436e-08,0,-0.0,8
quality40,sentinel1,treatment_0006,P01-08,counterfactual_0010_05,0.18752786249351291,10000.0,True,2.5691116986408436e-08,0,-0.0,8
quality40,sentinel1,treatment_0006,P01-09,counterfactual_0006_04,0.20476533247636935,0.0001,True,3.067271844617021e-07,0,-0.0,9
quality40,sentinel1,treatment_0006,P01-09,counterfactual_0009_01,0.21065239623633125,0.0001,True,3.067271844617021e-07,0,-0.0,9
quality40,sentinel1,treatment_0006,P01-09,counterfactual_0003_03,0.19068049301734202,0.0001,True,3.067271844617021e-07,0,-0.0,9
quality40,sentinel1,treatment_0006,P01-09,counterfactual_0010_01,0.20457560719694423,0.0001,True,3.067271844617021e-07,0,-0.0,9
quality40,sentinel1,treatment_0006,P01-09,counterfactual_0010_05,0.1893261710730131,0.0001,True,3.067271844617021e-07,0,-0.0,9
quality40,sentinel1,treatment_0007,P01-08,counterfactual_0006_05,0.22457084149874074,0.0001,True,5.044154306764593e-07,0,-0.0,4
quality40,sentinel1,treatment_0007,P01-08,counterfactual_0003_02,0.19183042102758718,0.0001,True,5.044154306764593e-07,0,-0.0,4
quality40,sentinel1,treatment_0007,P01-08,counterfactual_0008_03,0.21842601771148337,0.0001,True,5.044154306764593e-07,0,-0.0,4
quality40,sentinel1,treatment_0007,P01-08,counterfactual_0008_01,0.19720121806965266,0.0001,True,5.044154306764593e-07,0,-0.0,4
quality40,sentinel1,treatment_0007,P01-08,counterfactual_0007_03,0.1679715016925361,0.0001,True,5.044154306764593e-07,0,-0.0,4
quality40,sentinel1,treatment_0007,P01-09,counterfactual_0006_05,0.2242665372075614,0.0001,True,1.7986895740939912e-07,0,-0.0,5
quality40,sentinel1,treatment_0007,P01-09,counterfactual_0003_02,0.19121646921285296,0.0001,True,1.7986895740939912e-07,0,-0.0,5
quality40,sentinel1,treatment_0007,P01-09,counterfactual_0008_03,0.21493343309239518,0.0001,True,1.7986895740939912e-07,0,-0.0,5
quality40,sentinel1,treatment_0007,P01-09,counterfactual_0008_01,0.2019319470842398,0.0001,True,1.7986895740939912e-07,0,-0.0,5
quality40,sentinel1,treatment_0007,P01-09,counterfactual_0007_03,0.16765161340295082,0.0001,True,1.7986895740939912e-07,0,-0.0,5
quality40,sentinel1,treatment_0008,P01-08,counterfactual_0006_05,0.20316935232348776,10000.0,True,6.23144350603758e-08,0,-0.0,4
quality40,sentinel1,treatment_0008,P01-08,counterfactual_0005_03,0.20101337952630238,10000.0,True,6.23144350603758e-08,0,-0.0,4
quality40,sentinel1,treatment_0008,P01-08,counterfactual_0008_03,0.2059164909199778,10000.0,True,6.23144350603758e-08,0,-0.0,4
quality40,sentinel1,treatment_0008,P01-08,counterfactual_0003_01,0.21118298103977773,10000.0,True,6.23144350603758e-08,0,-0.0,4
quality40,sentinel1,treatment_0008,P01-08,counterfactual_0007_03,0.17871779619045444,10000.0,True,6.23144350603758e-08,0,-0.0,4
quality40,sentinel1,treatment_0008,P01-09,counterfactual_0006_05,0.19908827792172548,0.00015848931924611142,False,1.1470878349903604e-07,0,-0.0,5
quality40,sentinel1,treatment_0008,P01-09,counterfactual_0005_03,0.20992405253025667,0.00015848931924611142,False,1.1470878349903604e-07,0,-0.0,5
quality40,sentinel1,treatment_0008,P01-09,counterfactual_0008_03,0.21037926258241907,0.00015848931924611142,False,1.1470878349903604e-07,0,-0.0,5
quality40,sentinel1,treatment_0008,P01-09,counterfactual_0003_01,0.20674774284538272,0.00015848931924611142,False,1.1470878349903604e-07,0,-0.0,5
quality40,sentinel1,treatment_0008,P01-09,counterfactual_0007_03,0.1738606641202158,0.00015848931924611142,False,1.1470878349903604e-07,0,-0.0,5
quality40,sentinel1,treatment_0009,P01-08,counterfactual_0003_02,0.21200982504693316,10000.0,True,1.2045560269074032e-07,0,-0.0,8
quality40,sentinel1,treatment_0009,P01-08,counterfactual_0001_04,0.1848555079677215,10000.0,True,1.2045560269074032e-07,0,-0.0,8
quality40,sentinel1,treatment_0009,P01-08,counterfactual_0001_05,0.2090676600865215,10000.0,True,1.2045560269074032e-07,0,-0.0,8
quality40,sentinel1,treatment_0009,P01-08,counterfactual_0005_03,0.20325133713671575,10000.0,True,1.2045560269074032e-07,0,-0.0,8
quality40,sentinel1,treatment_0009,P01-08,counterfactual_0009_05,0.19081566976210812,10000.0,True,1.2045560269074032e-07,0,-0.0,8
quality40,sentinel1,treatment_0009,P01-09,counterfactual_0003_02,0.2133187849684073,10000.0,True,1.0500587133246937e-07,0,-0.0,9
quality40,sentinel1,treatment_0009,P01-09,counterfactual_0001_04,0.18473350192776736,10000.0,True,1.0500587133246937e-07,0,-0.0,9
quality40,sentinel1,treatment_0009,P01-09,counterfactual_0001_05,0.20456505040637832,10000.0,True,1.0500587133246937e-07,0,-0.0,9
quality40,sentinel1,treatment_0009,P01-09,counterfactual_0005_03,0.20352682395353583,10000.0,True,1.0500587133246937e-07,0,-0.0,9
quality40,sentinel1,treatment_0009,P01-09,counterfactual_0009_05,0.19385583874391119,10000.0,True,1.0500587133246937e-07,0,-0.0,9
quality40,sentinel1,treatment_0010,P01-08,counterfactual_0007_04,0.2046502967895089,0.0001,True,3.758758029143428e-07,0,-0.0,4
quality40,sentinel1,treatment_0010,P01-08,counterfactual_0009_02,0.2144462566819978,0.0001,True,3.758758029143428e-07,0,-0.0,4
quality40,sentinel1,treatment_0010,P01-08,counterfactual_0008_03,0.19203293583413455,0.0001,True,3.758758029143428e-07,0,-0.0,4
quality40,sentinel1,treatment_0010,P01-08,counterfactual_0001_01,0.20727856030538971,0.0001,True,3.758758029143428e-07,0,-0.0,4
quality40,sentinel1,treatment_0010,P01-08,counterfactual_0003_02,0.18159195038896894,0.0001,True,3.758758029143428e-07,0,-0.0,4
quality40,sentinel1,treatment_0010,P01-09,counterfactual_0007_04,0.19829464955113127,0.0001,True,4.696638451083637e-07,0,-0.0,5
quality40,sentinel1,treatment_0010,P01-09,counterfactual_0009_02,0.21393327420844835,0.0001,True,4.696638451083637e-07,0,-0.0,5
quality40,sentinel1,treatment_0010,P01-09,counterfactual_0008_03,0.199226945770367,0.0001,True,4.696638451083637e-07,0,-0.0,5
quality40,sentinel1,treatment_0010,P01-09,counterfactual_0001_01,0.21239044661678874,0.0001,True,4.696638451083637e-07,0,-0.0,5
quality40,sentinel1,treatment_0010,P01-09,counterfactual_0003_02,0.17615468385326477,0.0001,True,4.696638451083637e-07,0,-0.0,5
quality40,sentinel2,treatment_0001,P01-08,counterfactual_0003_04,0.21576010643336938,0.0001,True,1.6794565922994358e-07,0,-0.0,3
quality40,sentinel2,treatment_0001,P01-08,counterfactual_0003_03,0.1368522323219527,0.0001,True,1.6794565922994358e-07,0,-0.0,3
quality40,sentinel2,treatment_0001,P01-08,counterfactual_0003_02,0.23336842646424313,0.0001,True,1.6794565922994358e-07,0,-0.0,3
quality40,sentinel2,treatment_0001,P01-08,counterfactual_0003_05,0.1588822608625745,0.0001,True,1.6794565922994358e-07,0,-0.0,3
quality40,sentinel2,treatment_0001,P01-08,counterfactual_0009_05,0.25513697391786033,0.0001,True,1.6794565922994358e-07,0,-0.0,3
quality40,sentinel2,treatment_0001,P01-09,counterfactual_0003_04,0.21576010643336938,0.0001,True,1.6794565922994358e-07,0,-0.0,3
quality40,sentinel2,treatment_0001,P01-09,counterfactual_0003_03,0.1368522323219527,0.0001,True,1.6794565922994358e-07,0,-0.0,3
quality40,sentinel2,treatment_0001,P01-09,counterfactual_0003_02,0.23336842646424313,0.0001,True,1.6794565922994358e-07,0,-0.0,3
quality40,sentinel2,treatment_0001,P01-09,counterfactual_0003_05,0.1588822608625745,0.0001,True,1.6794565922994358e-07,0,-0.0,3
quality40,sentinel2,treatment_0001,P01-09,counterfactual_0009_05,0.25513697391786033,0.0001,True,1.6794565922994358e-07,0,-0.0,3
quality40,sentinel2,treatment_0002,P01-08,counterfactual_0003_05,0.3006859332284067,0.0001,True,3.038060731491936e-08,0,-0.0,2
quality40,sentinel2,treatment_0002,P01-08,counterfactual_0003_01,0.24783197271596702,0.0001,True,3.038060731491936e-08,0,-0.0,2
quality40,sentinel2,treatment_0002,P01-08,counterfactual_0003_04,0.14460350481607287,0.0001,True,3.038060731491936e-08,0,-0.0,2
quality40,sentinel2,treatment_0002,P01-08,counterfactual_0006_03,0.1498089890357476,0.0001,True,3.038060731491936e-08,0,-0.0,2
quality40,sentinel2,treatment_0002,P01-08,counterfactual_0006_05,0.15706960020380575,0.0001,True,3.038060731491936e-08,0,-0.0,2
quality40,sentinel2,treatment_0002,P01-09,counterfactual_0003_05,0.2871224908182839,3981.0717055349774,False,1.881678217136541e-08,0,-0.0,3
quality40,sentinel2,treatment_0002,P01-09,counterfactual_0003_01,0.19537869094190397,3981.0717055349774,False,1.881678217136541e-08,0,-0.0,3
quality40,sentinel2,treatment_0002,P01-09,counterfactual_0003_04,0.16247163507648718,3981.0717055349774,False,1.881678217136541e-08,0,-0.0,3
quality40,sentinel2,treatment_0002,P01-09,counterfactual_0006_03,0.21403965201010586,3981.0717055349774,False,1.881678217136541e-08,0,-0.0,3
quality40,sentinel2,treatment_0002,P01-09,counterfactual_0006_05,0.14098753115321924,3981.0717055349774,False,1.881678217136541e-08,0,-0.0,3
quality40,sentinel2,treatment_0003,P01-08,counterfactual_0003_03,0.1955874343121833,10000.0,True,1.9189843341285233e-08,0,-0.0,3
quality40,sentinel2,treatment_0003,P01-08,counterfactual_0003_04,0.20813794575276087,10000.0,True,1.9189843341285233e-08,0,-0.0,3
quality40,sentinel2,treatment_0003,P01-08,counterfactual_0003_02,0.1924755440503389,10000.0,True,1.9189843341285233e-08,0,-0.0,3
quality40,sentinel2,treatment_0003,P01-08,counterfactual_0003_05,0.20214581013718216,10000.0,True,1.9189843341285233e-08,0,-0.0,3
quality40,sentinel2,treatment_0003,P01-08,counterfactual_0006_03,0.20165326574753475,10000.0,True,1.9189843341285233e-08,0,-0.0,3
quality40,sentinel2,treatment_0003,P01-09,counterfactual_0003_03,0.17065204397641648,10000.0,True,2.6319623592350577e-08,0,-0.0,4
quality40,sentinel2,treatment_0003,P01-09,counterfactual_0003_04,0.25444911154627536,10000.0,True,2.6319623592350577e-08,0,-0.0,4
quality40,sentinel2,treatment_0003,P01-09,counterfactual_0003_02,0.18666463739161923,10000.0,True,2.6319623592350577e-08,0,-0.0,4
quality40,sentinel2,treatment_0003,P01-09,counterfactual_0003_05,0.22717794284531018,10000.0,True,2.6319623592350577e-08,0,-0.0,4
quality40,sentinel2,treatment_0003,P01-09,counterfactual_0006_03,0.16105626424037878,10000.0,True,2.6319623592350577e-08,0,-0.0,4
quality40,sentinel2,treatment_0004,P01-08,counterfactual_0003_04,0.24361792744472563,10000.0,True,1.0273925890840898e-07,0,-0.0,3
quality40,sentinel2,treatment_0004,P01-08,counterfactual_0003_03,0.1712567017207861,10000.0,True,1.0273925890840898e-07,0,-0.0,3
quality40,sentinel2,treatment_0004,P01-08,counterfactual_0003_05,0.14355260750017393,10000.0,True,1.0273925890840898e-07,0,-0.0,3
quality40,sentinel2,treatment_0004,P01-08,counterfactual_0006_03,0.22212128802172743,10000.0,True,1.0273925890840898e-07,0,-0.0,3
quality40,sentinel2,treatment_0004,P01-08,counterfactual_0003_01,0.21945147531258696,10000.0,True,1.0273925890840898e-07,0,-0.0,3
quality40,sentinel2,treatment_0004,P01-09,counterfactual_0003_04,0.23568376055118584,0.0001,True,4.768804630351434e-07,0,-0.0,4
quality40,sentinel2,treatment_0004,P01-09,counterfactual_0003_03,0.12693413103240256,0.0001,True,4.768804630351434e-07,0,-0.0,4
quality40,sentinel2,treatment_0004,P01-09,counterfactual_0003_05,0.19891839151564997,0.0001,True,4.768804630351434e-07,0,-0.0,4
quality40,sentinel2,treatment_0004,P01-09,counterfactual_0006_03,0.1963551201384519,0.0001,True,4.768804630351434e-07,0,-0.0,4
quality40,sentinel2,treatment_0004,P01-09,counterfactual_0003_01,0.24210859676230942,0.0001,True,4.768804630351434e-07,0,-0.0,4
quality40,sentinel2,treatment_0005,P01-08,counterfactual_0003_03,0.16631274203835686,0.0001,True,5.493676882039549e-08,0,-0.0,3
quality40,sentinel2,treatment_0005,P01-08,counterfactual_0006_03,0.2504929101257675,0.0001,True,5.493676882039549e-08,0,-0.0,3
quality40,sentinel2,treatment_0005,P01-08,counterfactual_0003_04,0.1661213965281611,0.0001,True,5.493676882039549e-08,0,-0.0,3
quality40,sentinel2,treatment_0005,P01-08,counterfactual_0003_01,0.27293606465244225,0.0001,True,5.493676882039549e-08,0,-0.0,3
quality40,sentinel2,treatment_0005,P01-08,counterfactual_0010_05,0.1441368866552723,0.0001,True,5.493676882039549e-08,0,-0.0,3
quality40,sentinel2,treatment_0005,P01-09,counterfactual_0003_03,0.16631274203835686,0.0001,True,5.493676882039549e-08,0,-0.0,3
quality40,sentinel2,treatment_0005,P01-09,counterfactual_0006_03,0.2504929101257675,0.0001,True,5.493676882039549e-08,0,-0.0,3
quality40,sentinel2,treatment_0005,P01-09,counterfactual_0003_04,0.1661213965281611,0.0001,True,5.493676882039549e-08,0,-0.0,3
quality40,sentinel2,treatment_0005,P01-09,counterfactual_0003_01,0.27293606465244225,0.0001,True,5.493676882039549e-08,0,-0.0,3
quality40,sentinel2,treatment_0005,P01-09,counterfactual_0010_05,0.1441368866552723,0.0001,True,5.493676882039549e-08,0,-0.0,3
quality40,sentinel2,treatment_0006,P01-08,counterfactual_0003_03,0.1329736864046032,10000.0,True,4.441537224322454e-08,0,-0.0,3
quality40,sentinel2,treatment_0006,P01-08,counterfactual_0003_04,0.28914510641761476,10000.0,True,4.441537224322454e-08,0,-0.0,3
quality40,sentinel2,treatment_0006,P01-08,counterfactual_0003_05,0.16836292730136906,10000.0,True,4.441537224322454e-08,0,-0.0,3
quality40,sentinel2,treatment_0006,P01-08,counterfactual_0003_01,0.2195978821024703,10000.0,True,4.441537224322454e-08,0,-0.0,3
quality40,sentinel2,treatment_0006,P01-08,counterfactual_0006_03,0.18992039777394265,10000.0,True,4.441537224322454e-08,0,-0.0,3
quality40,sentinel2,treatment_0006,P01-09,counterfactual_0003_03,0.11571423529068328,10000.0,True,2.6307325218884798e-08,0,-0.0,4
quality40,sentinel2,treatment_0006,P01-09,counterfactual_0003_04,0.3526339610381431,10000.0,True,2.6307325218884798e-08,0,-0.0,4
quality40,sentinel2,treatment_0006,P01-09,counterfactual_0003_05,0.18188883712442375,10000.0,True,2.6307325218884798e-08,0,-0.0,4
quality40,sentinel2,treatment_0006,P01-09,counterfactual_0003_01,0.1735784498649166,10000.0,True,2.6307325218884798e-08,0,-0.0,4
quality40,sentinel2,treatment_0006,P01-09,counterfactual_0006_03,0.17618451668183324,10000.0,True,2.6307325218884798e-08,0,-0.0,4
quality40,sentinel2,treatment_0007,P01-08,counterfactual_0003_04,0.162815390120931,10000.0,True,1.2033632576357404e-08,0,-0.0,3
quality40,sentinel2,treatment_0007,P01-08,counterfactual_0003_01,0.19305944040432224,10000.0,True,1.2033632576357404e-08,0,-0.0,3
quality40,sentinel2,treatment_0007,P01-08,counterfactual_0003_05,0.21122676793113693,10000.0,True,1.2033632576357404e-08,0,-0.0,3
quality40,sentinel2,treatment_0007,P01-08,counterfactual_0003_03,0.16310446068551412,10000.0,True,1.2033632576357404e-08,0,-0.0,3
quality40,sentinel2,treatment_0007,P01-08,counterfactual_0009_03,0.26979394085809577,10000.0,True,1.2033632576357404e-08,0,-0.0,3
quality40,sentinel2,treatment_0007,P01-09,counterfactual_0003_04,0.22899075526894339,10000.0,True,9.856798648799787e-09,0,-0.0,4
quality40,sentinel2,treatment_0007,P01-09,counterfactual_0003_01,0.20266140616544784,10000.0,True,9.856798648799787e-09,0,-0.0,4
quality40,sentinel2,treatment_0007,P01-09,counterfactual_0003_05,0.20736536015052787,10000.0,True,9.856798648799787e-09,0,-0.0,4
quality40,sentinel2,treatment_0007,P01-09,counterfactual_0003_03,0.15919208482108652,10000.0,True,9.856798648799787e-09,0,-0.0,4
quality40,sentinel2,treatment_0007,P01-09,counterfactual_0009_03,0.20179039359399445,10000.0,True,9.856798648799787e-09,0,-0.0,4
quality40,sentinel2,treatment_0008,P01-08,counterfactual_0003_05,0.23932256769606536,0.0001,True,1.0041436866172195e-06,0,-0.0,2
quality40,sentinel2,treatment_0008,P01-08,counterfactual_0003_03,0.14225371252410648,0.0001,True,1.0041436866172195e-06,0,-0.0,2
quality40,sentinel2,treatment_0008,P01-08,counterfactual_0003_04,0.19294571045354808,0.0001,True,1.0041436866172195e-06,0,-0.0,2
quality40,sentinel2,treatment_0008,P01-08,counterfactual_0006_03,0.2782840454495925,0.0001,True,1.0041436866172195e-06,0,-0.0,2
quality40,sentinel2,treatment_0008,P01-08,counterfactual_0003_01,0.14719396387668765,0.0001,True,1.0041436866172195e-06,0,-0.0,2
quality40,sentinel2,treatment_0008,P01-09,counterfactual_0003_05,0.2808713746306362,10000.0,True,1.1773163662285467e-07,0,-0.0,3
quality40,sentinel2,treatment_0008,P01-09,counterfactual_0003_03,0.09477048553855151,10000.0,True,1.1773163662285467e-07,0,-0.0,3
quality40,sentinel2,treatment_0008,P01-09,counterfactual_0003_04,0.3048456655882193,10000.0,True,1.1773163662285467e-07,0,-0.0,3
quality40,sentinel2,treatment_0008,P01-09,counterfactual_0006_03,0.16971814563797397,10000.0,True,1.1773163662285467e-07,0,-0.0,3
quality40,sentinel2,treatment_0008,P01-09,counterfactual_0003_01,0.14979432860461894,10000.0,True,1.1773163662285467e-07,0,-0.0,3
quality40,sentinel2,treatment_0009,P01-08,counterfactual_0003_03,0.16633830432330016,0.0001,True,5.151792893048983e-07,0,-0.0,2
quality40,sentinel2,treatment_0009,P01-08,counterfactual_0006_03,0.26716739698085784,0.0001,True,5.151792893048983e-07,0,-0.0,2
quality40,sentinel2,treatment_0009,P01-08,counterfactual_0003_05,0.22058603395707635,0.0001,True,5.151792893048983e-07,0,-0.0,2
quality40,sentinel2,treatment_0009,P01-08,counterfactual_0003_04,0.13645005836754265,0.0001,True,5.151792893048983e-07,0,-0.0,2
quality40,sentinel2,treatment_0009,P01-08,counterfactual_0003_01,0.209458206371223,0.0001,True,5.151792893048983e-07,0,-0.0,2
quality40,sentinel2,treatment_0009,P01-09,counterfactual_0003_03,0.09438037918990769,10000.0,True,3.073079984154897e-08,0,-0.0,3
quality40,sentinel2,treatment_0009,P01-09,counterfactual_0006_03,0.2274495964397706,10000.0,True,3.073079984154897e-08,0,-0.0,3
quality40,sentinel2,treatment_0009,P01-09,counterfactual_0003_05,0.25218253322428696,10000.0,True,3.073079984154897e-08,0,-0.0,3
quality40,sentinel2,treatment_0009,P01-09,counterfactual_0003_04,0.2416237376333708,10000.0,True,3.073079984154897e-08,0,-0.0,3
quality40,sentinel2,treatment_0009,P01-09,counterfactual_0003_01,0.18436375351266387,10000.0,True,3.073079984154897e-08,0,-0.0,3
quality40,sentinel2,treatment_0010,P01-08,counterfactual_0008_03,0.17465582817579908,0.0001,True,2.352279068989541e-08,0,-0.0,2
quality40,sentinel2,treatment_0010,P01-08,counterfactual_0003_05,0.2431832269701298,0.0001,True,2.352279068989541e-08,0,-0.0,2
quality40,sentinel2,treatment_0010,P01-08,counterfactual_0006_03,0.19159973491966656,0.0001,True,2.352279068989541e-08,0,-0.0,2
quality40,sentinel2,treatment_0010,P01-08,counterfactual_0003_04,0.10178593409779955,0.0001,True,2.352279068989541e-08,0,-0.0,2
quality40,sentinel2,treatment_0010,P01-08,counterfactual_0007_04,0.28877527583660506,0.0001,True,2.352279068989541e-08,0,-0.0,2
quality40,sentinel2,treatment_0010,P01-09,counterfactual_0008_03,0.17465582817579908,0.0001,True,2.352279068989541e-08,0,-0.0,2
quality40,sentinel2,treatment_0010,P01-09,counterfactual_0003_05,0.2431832269701298,0.0001,True,2.352279068989541e-08,0,-0.0,2
quality40,sentinel2,treatment_0010,P01-09,counterfactual_0006_03,0.19159973491966656,0.0001,True,2.352279068989541e-08,0,-0.0,2
quality40,sentinel2,treatment_0010,P01-09,counterfactual_0003_04,0.10178593409779955,0.0001,True,2.352279068989541e-08,0,-0.0,2
quality40,sentinel2,treatment_0010,P01-09,counterfactual_0007_04,0.28877527583660506,0.0001,True,2.352279068989541e-08,0,-0.0,2
