group,donor,weight_fsc,weight_afsc,lambda,lambda_at_bound,sum_w_fsc,sum_w_afsc,n_nonzero_fsc,n_negative_afsc,label,sensor,repr,method,T_0,treatment_site_id
1,1,0.6989,0.728948181530654,0.1,False,1.0,1.0,3,2,maskdrop,sentinel2,chip_mean,covmat,6,treatment_0001
1,2,0.1527,0.237189132535299,0.1,False,1.0,1.0,3,2,maskdrop,sentinel2,chip_mean,covmat,6,treatment_0001
1,3,0.0,-0.127915158888144,0.1,False,1.0,1.0,3,2,maskdrop,sentinel2,chip_mean,covmat,6,treatment_0001
1,4,0.1484,0.21778586815883,0.1,False,1.0,1.0,3,2,maskdrop,sentinel2,chip_mean,covmat,6,treatment_0001
1,5,0.0,-0.0560080233366396,0.1,False,1.0,1.0,3,2,maskdrop,sentinel2,chip_mean,covmat,6,treatment_0001
1,1,0.6994,0.699400009251748,1000000.0,False,1.0001,1.0001,3,2,maskdrop,sentinel2,chip_mean,covmat,7,treatment_0001
1,2,0.0504,0.0504000092615526,1000000.0,False,1.0001,1.0001,3,2,maskdrop,sentinel2,chip_mean,covmat,7,treatment_0001
1,3,0.0,-5.9573242114474e-09,1000000.0,False,1.0001,1.0001,3,2,maskdrop,sentinel2,chip_mean,covmat,7,treatment_0001
1,4,0.2503,0.250300009254418,1000000.0,False,1.0001,1.0001,3,2,maskdrop,sentinel2,chip_mean,covmat,7,treatment_0001
1,5,0.0,-2.18103936862439e-08,1000000.0,False,1.0001,1.0001,3,2,maskdrop,sentinel2,chip_mean,covmat,7,treatment_0001
2,1,0.0,-0.0487159170470687,0.0316227766,False,1.0,1.0,2,2,maskdrop,sentinel2,chip_mean,covmat,4,treatment_0002
2,2,0.0,-0.130366818252646,0.0316227766,False,1.0,1.0,2,2,maskdrop,sentinel2,chip_mean,covmat,4,treatment_0002
2,3,0.0,0.0646994334648413,0.0316227766,False,1.0,1.0,2,2,maskdrop,sentinel2,chip_mean,covmat,4,treatment_0002
2,4,0.1941,0.231764715997562,0.0316227766,False,1.0,1.0,2,2,maskdrop,sentinel2,chip_mean,covmat,4,treatment_0002
2,5,0.8059,0.882618585837311,0.0316227766,False,1.0,1.0,2,2,maskdrop,sentinel2,chip_mean,covmat,4,treatment_0002
2,1,0.0,-0.0725661964629599,0.1,False,1.0,1.0,2,2,maskdrop,sentinel2,chip_mean,covmat,5,treatment_0002
2,2,0.0,-0.0801653526189152,0.1,False,1.0,1.0,2,2,maskdrop,sentinel2,chip_mean,covmat,5,treatment_0002
2,3,0.0,0.0459875294625664,0.1,False,1.0,1.0,2,2,maskdrop,sentinel2,chip_mean,covmat,5,treatment_0002
2,4,0.1772,0.217365328982937,0.1,False,1.0,1.0,2,2,maskdrop,sentinel2,chip_mean,covmat,5,treatment_0002
2,5,0.8228,0.889378690636371,0.1,False,1.0,1.0,2,2,maskdrop,sentinel2,chip_mean,covmat,5,treatment_0002
3,1,0.2567,0.698618941469737,1e-06,False,1.0,1.00000000001404,3,2,maskdrop,sentinel2,chip_mean,covmat,4,treatment_0003
3,2,0.4938,0.537594819759341,1e-06,False,1.0,1.00000000001404,3,2,maskdrop,sentinel2,chip_mean,covmat,4,treatment_0003
3,3,0.0,-0.920173288901424,1e-06,False,1.0,1.00000000001404,3,2,maskdrop,sentinel2,chip_mean,covmat,4,treatment_0003
3,4,0.2495,0.691379474297593,1e-06,False,1.0,1.00000000001404,3,2,maskdrop,sentinel2,chip_mean,covmat,4,treatment_0003
3,5,0.0,-0.0074199466112077,1e-06,False,1.0,1.00000000001404,3,2,maskdrop,sentinel2,chip_mean,covmat,4,treatment_0003
3,1,0.0668,0.161935974164015,0.01,False,1.0,1.0,3,2,maskdrop,sentinel2,chip_mean,covmat,5,treatment_0003
3,2,0.4924,0.4888774911105,0.01,False,1.0,1.0,3,2,maskdrop,sentinel2,chip_mean,covmat,5,treatment_0003
3,3,0.0,-0.0376926933944364,0.01,False,1.0,1.0,3,2,maskdrop,sentinel2,chip_mean,covmat,5,treatment_0003
3,4,0.4408,0.555590006670091,0.01,False,1.0,1.0,3,2,maskdrop,sentinel2,chip_mean,covmat,5,treatment_0003
3,5,0.0,-0.168710778550167,0.01,False,1.0,1.0,3,2,maskdrop,sentinel2,chip_mean,covmat,5,treatment_0003
4,1,0.0,-0.563140659767289,0.00316227766,False,1.0,1.00000000000001,2,1,maskdrop,sentinel2,chip_mean,covmat,4,treatment_0004
4,2,0.1362,0.265450256314039,0.00316227766,False,1.0,1.00000000000001,2,1,maskdrop,sentinel2,chip_mean,covmat,4,treatment_0004
4,3,0.0,0.271924939640612,0.00316227766,False,1.0,1.00000000000001,2,1,maskdrop,sentinel2,chip_mean,covmat,4,treatment_0004
4,4,0.8638,1.01673662113102,0.00316227766,False,1.0,1.00000000000001,2,1,maskdrop,sentinel2,chip_mean,covmat,4,treatment_0004
4,5,0.0,0.0090288426816298,0.00316227766,False,1.0,1.00000000000001,2,1,maskdrop,sentinel2,chip_mean,covmat,4,treatment_0004
4,1,0.0,2.64444611572408e-09,1000000.0,False,1.0,1.0,3,1,maskdrop,sentinel2,chip_mean,covmat,5,treatment_0004
4,2,0.5264,0.526400005858721,1000000.0,False,1.0,1.0,3,1,maskdrop,sentinel2,chip_mean,covmat,5,treatment_0004
4,3,0.213,0.213000005855265,1000000.0,False,1.0,1.0,3,1,maskdrop,sentinel2,chip_mean,covmat,5,treatment_0004
4,4,0.2606,0.260600005860112,1000000.0,False,1.0,1.0,3,1,maskdrop,sentinel2,chip_mean,covmat,5,treatment_0004
4,5,0.0,-2.02185436284987e-08,1000000.0,False,1.0,1.0,3,1,maskdrop,sentinel2,chip_mean,covmat,5,treatment_0004
5,1,0.0,-0.235875501045568,0.1,False,1.0,0.999999999999999,2,2,maskdrop,sentinel2,chip_mean,covmat,5,treatment_0005
5,2,0.5629,0.727185655072238,0.1,False,1.0,0.999999999999999,2,2,maskdrop,sentinel2,chip_mean,covmat,5,treatment_0005
5,3,0.0,0.0519663648668702,0.1,False,1.0,0.999999999999999,2,2,maskdrop,sentinel2,chip_mean,covmat,5,treatment_0005
5,4,0.4371,0.516686787463776,0.1,False,1.0,0.999999999999999,2,2,maskdrop,sentinel2,chip_mean,covmat,5,treatment_0005
5,5,0.0,-0.0599633063573168,0.1,False,1.0,0.999999999999999,2,2,maskdrop,sentinel2,chip_mean,covmat,5,treatment_0005
5,1,0.0,-0.0927996727407265,0.316227766,False,1.0,1.0,2,1,maskdrop,sentinel2,chip_mean,covmat,6,treatment_0005
5,2,0.5802,0.615473689417428,0.316227766,False,1.0,1.0,2,1,maskdrop,sentinel2,chip_mean,covmat,6,treatment_0005
5,3,0.0,0.0164589397509219,0.316227766,False,1.0,1.0,2,1,maskdrop,sentinel2,chip_mean,covmat,6,treatment_0005
5,4,0.4198,0.447870180698378,0.316227766,False,1.0,1.0,2,1,maskdrop,sentinel2,chip_mean,covmat,6,treatment_0005
5,5,0.0,0.0129968628739976,0.316227766,False,1.0,1.0,2,1,maskdrop,sentinel2,chip_mean,covmat,6,treatment_0005
6,1,0.18,0.225001423046727,0.01,False,1.0,1.0,2,2,maskdrop,sentinel2,chip_mean,covmat,3,treatment_0006
6,2,0.0,-0.104350297167471,0.01,False,1.0,1.0,2,2,maskdrop,sentinel2,chip_mean,covmat,3,treatment_0006
6,3,0.0,-0.0198253268244531,0.01,False,1.0,1.0,2,2,maskdrop,sentinel2,chip_mean,covmat,3,treatment_0006
6,4,0.82,0.882821540419366,0.01,False,1.0,1.0,2,2,maskdrop,sentinel2,chip_mean,covmat,3,treatment_0006
6,5,0.0,0.0163526605258316,0.01,False,1.0,1.0,2,2,maskdrop,sentinel2,chip_mean,covmat,3,treatment_0006
6,1,0.1406,0.379131558211264,1e-06,False,1.0,1.00000000001862,3,1,maskdrop,sentinel2,chip_mean,covmat,4,treatment_0006
6,2,0.0,-0.865992495919045,1e-06,False,1.0,1.00000000001862,3,1,maskdrop,sentinel2,chip_mean,covmat,4,treatment_0006
6,3,0.0,0.0926810809924064,1e-06,False,1.0,1.00000000001862,3,1,maskdrop,sentinel2,chip_mean,covmat,4,treatment_0006
6,4,0.344,0.317962546629991,1e-06,False,1.0,1.00000000001862,3,1,maskdrop,sentinel2,chip_mean,covmat,4,treatment_0006
6,5,0.5154,1.076217310104,1e-06,False,1.0,1.00000000001862,3,1,maskdrop,sentinel2,chip_mean,covmat,4,treatment_0006
7,1,0.0,0.138463339320356,0.01,False,1.0,1.0,1,2,maskdrop,sentinel2,chip_mean,covmat,5,treatment_0007
7,2,0.0,0.136461248808488,0.01,False,1.0,1.0,1,2,maskdrop,sentinel2,chip_mean,covmat,5,treatment_0007
7,3,1.0,1.44724061057684,0.01,False,1.0,1.0,1,2,maskdrop,sentinel2,chip_mean,covmat,5,treatment_0007
7,4,0.0,-0.352776202077837,0.01,False,1.0,1.0,1,2,maskdrop,sentinel2,chip_mean,covmat,5,treatment_0007
7,5,0.0,-0.369388996627848,0.01,False,1.0,1.0,1,2,maskdrop,sentinel2,chip_mean,covmat,5,treatment_0007
7,1,0.0,0.488552951382722,0.00316227766,False,1.0,1.0,2,2,maskdrop,sentinel2,chip_mean,covmat,6,treatment_0007
7,2,0.5572,0.506698895690375,0.00316227766,False,1.0,1.0,2,2,maskdrop,sentinel2,chip_mean,covmat,6,treatment_0007
7,3,0.4428,0.981016154160071,0.00316227766,False,1.0,1.0,2,2,maskdrop,sentinel2,chip_mean,covmat,6,treatment_0007
7,4,0.0,-0.498986749988241,0.00316227766,False,1.0,1.0,2,2,maskdrop,sentinel2,chip_mean,covmat,6,treatment_0007
7,5,0.0,-0.477281251244923,0.00316227766,False,1.0,1.0,2,2,maskdrop,sentinel2,chip_mean,covmat,6,treatment_0007
8,1,0.1506,0.150600000926234,1000000.0,False,1.0,1.0,4,1,maskdrop,sentinel2,chip_mean,covmat,5,treatment_0008
8,2,0.1978,0.197800000924896,1000000.0,False,1.0,1.0,4,1,maskdrop,sentinel2,chip_mean,covmat,5,treatment_0008
8,3,0.4291,0.429100000927382,1000000.0,False,1.0,1.0,4,1,maskdrop,sentinel2,chip_mean,covmat,5,treatment_0008
8,4,0.0,-3.7022467046242605e-09,1000000.0,False,1.0,1.0,4,1,maskdrop,sentinel2,chip_mean,covmat,5,treatment_0008
8,5,0.2225,0.222500000923734,1000000.0,False,1.0,1.0,4,1,maskdrop,sentinel2,chip_mean,covmat,5,treatment_0008
8,1,0.0,-4.976735193628e-09,1000000.0,False,0.9999,0.9999,3,2,maskdrop,sentinel2,chip_mean,covmat,6,treatment_0008
8,2,0.0349,0.0349000019371628,1000000.0,False,0.9999,0.9999,3,2,maskdrop,sentinel2,chip_mean,covmat,6,treatment_0008
8,3,0.5303,0.53030000193606,1000000.0,False,0.9999,0.9999,3,2,maskdrop,sentinel2,chip_mean,covmat,6,treatment_0008
8,4,0.0,-8.347923725874e-10,1000000.0,False,0.9999,0.9999,3,2,maskdrop,sentinel2,chip_mean,covmat,6,treatment_0008
8,5,0.4347,0.434700001938305,1000000.0,False,0.9999,0.9999,3,2,maskdrop,sentinel2,chip_mean,covmat,6,treatment_0008
9,1,0.0,0.0178379409130399,0.1,False,1.0,1.0,3,1,maskdrop,sentinel2,chip_mean,covmat,5,treatment_0009
9,2,0.48,0.490778082093252,0.1,False,1.0,1.0,3,1,maskdrop,sentinel2,chip_mean,covmat,5,treatment_0009
9,3,0.4029,0.442445528238852,0.1,False,1.0,1.0,3,1,maskdrop,sentinel2,chip_mean,covmat,5,treatment_0009
9,4,0.1171,0.124416636255734,0.1,False,1.0,1.0,3,1,maskdrop,sentinel2,chip_mean,covmat,5,treatment_0009
9,5,0.0,-0.0754781875008782,0.1,False,1.0,1.0,3,1,maskdrop,sentinel2,chip_mean,covmat,5,treatment_0009
9,1,0.6764,0.67640000109837,1000000.0,False,1.0,1.0,4,1,maskdrop,sentinel2,chip_mean,covmat,6,treatment_0009
9,2,0.0,-4.3821561975029205e-09,1000000.0,False,1.0,1.0,4,1,maskdrop,sentinel2,chip_mean,covmat,6,treatment_0009
9,3,0.2273,0.227300001094132,1000000.0,False,1.0,1.0,4,1,maskdrop,sentinel2,chip_mean,covmat,6,treatment_0009
9,4,0.0707,0.0707000010945402,1000000.0,False,1.0,1.0,4,1,maskdrop,sentinel2,chip_mean,covmat,6,treatment_0009
9,5,0.0256,0.0256000010951135,1000000.0,False,1.0,1.0,4,1,maskdrop,sentinel2,chip_mean,covmat,6,treatment_0009
10,1,0.7469,0.752553365309455,0.01,False,1.0,1.0,2,2,maskdrop,sentinel2,chip_mean,covmat,5,treatment_0010
10,2,0.0,0.0308627144410174,0.01,False,1.0,1.0,2,2,maskdrop,sentinel2,chip_mean,covmat,5,treatment_0010
10,3,0.0,-0.069788433211763,0.01,False,1.0,1.0,2,2,maskdrop,sentinel2,chip_mean,covmat,5,treatment_0010
10,4,0.2531,0.604451422975299,0.01,False,1.0,1.0,2,2,maskdrop,sentinel2,chip_mean,covmat,5,treatment_0010
10,5,0.0,-0.318079069514004,0.01,False,1.0,1.0,2,2,maskdrop,sentinel2,chip_mean,covmat,5,treatment_0010
10,1,0.3108,0.335577014916127,0.0316227766,False,1.0,1.0,3,2,maskdrop,sentinel2,chip_mean,covmat,6,treatment_0010
10,2,0.2906,0.392210871819419,0.0316227766,False,1.0,1.0,3,2,maskdrop,sentinel2,chip_mean,covmat,6,treatment_0010
10,3,0.0,-0.142497474118382,0.0316227766,False,1.0,1.0,3,2,maskdrop,sentinel2,chip_mean,covmat,6,treatment_0010
10,4,0.3986,0.671351306576688,0.0316227766,False,1.0,1.0,3,2,maskdrop,sentinel2,chip_mean,covmat,6,treatment_0010
10,5,0.0,-0.256641719193851,0.0316227766,False,1.0,1.0,3,2,maskdrop,sentinel2,chip_mean,covmat,6,treatment_0010
1,1,0.4873,0.487300147444029,1000000.0,False,1.0,1.0,4,1,maskdrop,sentinel2,quantile,covmat,6,treatment_0001
1,2,0.2172,0.217200147133541,1000000.0,False,1.0,1.0,4,1,maskdrop,sentinel2,quantile,covmat,6,treatment_0001
1,3,0.0,-5.89539537612378e-07,1000000.0,False,1.0,1.0,4,1,maskdrop,sentinel2,quantile,covmat,6,treatment_0001
1,4,0.2561,0.256100147516743,1000000.0,False,1.0,1.0,4,1,maskdrop,sentinel2,quantile,covmat,6,treatment_0001
1,5,0.0394,0.0394001474452243,1000000.0,False,1.0,1.0,4,1,maskdrop,sentinel2,quantile,covmat,6,treatment_0001
1,1,0.5034,0.503399999425673,1000000.0,False,0.9999,0.9999,5,0,maskdrop,sentinel2,quantile,covmat,7,treatment_0001
1,2,0.14,0.140000000360726,1000000.0,False,0.9999,0.9999,5,0,maskdrop,sentinel2,quantile,covmat,7,treatment_0001
1,3,0.0088,0.0088000002860425,1000000.0,False,0.9999,0.9999,5,0,maskdrop,sentinel2,quantile,covmat,7,treatment_0001
1,4,0.3421,0.342099999849883,1000000.0,False,0.9999,0.9999,5,0,maskdrop,sentinel2,quantile,covmat,7,treatment_0001
1,5,0.0056,0.0056000000776765,1000000.0,False,0.9999,0.9999,5,0,maskdrop,sentinel2,quantile,covmat,7,treatment_0001
2,1,0.072,0.0719999999968997,1000000.0,False,1.0,1.0,5,0,maskdrop,sentinel2,quantile,covmat,4,treatment_0002
2,2,0.0389,0.0388999999551473,1000000.0,False,1.0,1.0,5,0,maskdrop,sentinel2,quantile,covmat,4,treatment_0002
2,3,0.278,0.278000000010433,1000000.0,False,1.0,1.0,5,0,maskdrop,sentinel2,quantile,covmat,4,treatment_0002
2,4,0.2047,0.204700000040059,1000000.0,False,1.0,1.0,5,0,maskdrop,sentinel2,quantile,covmat,4,treatment_0002
2,5,0.4064,0.406399999997461,1000000.0,False,1.0,1.0,5,0,maskdrop,sentinel2,quantile,covmat,4,treatment_0002
2,1,0.0625,0.0624999999720273,1000000.0,False,1.0,1.0,5,0,maskdrop,sentinel2,quantile,covmat,5,treatment_0002
2,2,0.0213,0.0213000000560787,1000000.0,False,1.0,1.0,5,0,maskdrop,sentinel2,quantile,covmat,5,treatment_0002
2,3,0.3105,0.310499999998291,1000000.0,False,1.0,1.0,5,0,maskdrop,sentinel2,quantile,covmat,5,treatment_0002
2,4,0.1877,0.187700000004504,1000000.0,False,1.0,1.0,5,0,maskdrop,sentinel2,quantile,covmat,5,treatment_0002
2,5,0.418,0.417999999969099,1000000.0,False,1.0,1.0,5,0,maskdrop,sentinel2,quantile,covmat,5,treatment_0002
3,1,0.1476,0.147600036634546,1000000.0,False,0.9999,0.9999,4,1,maskdrop,sentinel2,quantile,covmat,4,treatment_0003
3,2,0.3825,0.38250003658981,1000000.0,False,0.9999,0.9999,4,1,maskdrop,sentinel2,quantile,covmat,4,treatment_0003
3,3,0.0474,0.0474000366075563,1000000.0,False,0.9999,0.9999,4,1,maskdrop,sentinel2,quantile,covmat,4,treatment_0003
3,4,0.4224,0.422400036610463,1000000.0,False,0.9999,0.9999,4,1,maskdrop,sentinel2,quantile,covmat,4,treatment_0003
3,5,0.0,-1.46442375943964e-07,1000000.0,False,0.9999,0.9999,4,1,maskdrop,sentinel2,quantile,covmat,4,treatment_0003
3,1,0.1183,0.118299999923964,1000000.0,False,1.0,1.0,5,0,maskdrop,sentinel2,quantile,covmat,5,treatment_0003
3,2,0.3362,0.336200000165283,1000000.0,False,1.0,1.0,5,0,maskdrop,sentinel2,quantile,covmat,5,treatment_0003
3,3,0.0326,0.0326000000917614,1000000.0,False,1.0,1.0,5,0,maskdrop,sentinel2,quantile,covmat,5,treatment_0003
3,4,0.4839,0.483899999950414,1000000.0,False,1.0,1.0,5,0,maskdrop,sentinel2,quantile,covmat,5,treatment_0003
3,5,0.029,0.0289999998685781,1000000.0,False,1.0,1.0,5,0,maskdrop,sentinel2,quantile,covmat,5,treatment_0003
4,1,0.0,-6.1975547855215e-08,1000000.0,False,1.0,1.0,3,2,maskdrop,sentinel2,quantile,covmat,4,treatment_0004
4,2,0.3039,0.303900046010193,1000000.0,False,1.0,1.0,3,2,maskdrop,sentinel2,quantile,covmat,4,treatment_0004
4,3,0.0526,0.0526000458969893,1000000.0,False,1.0,1.0,3,2,maskdrop,sentinel2,quantile,covmat,4,treatment_0004
4,4,0.6435,0.643500046195692,1000000.0,False,1.0,1.0,3,2,maskdrop,sentinel2,quantile,covmat,4,treatment_0004
4,5,0.0,-7.61273256150183e-08,1000000.0,False,1.0,1.0,3,2,maskdrop,sentinel2,quantile,covmat,4,treatment_0004
4,1,0.1253,0.125299999710294,1000000.0,False,0.9999,0.9999,5,0,maskdrop,sentinel2,quantile,covmat,5,treatment_0004
4,2,0.4039,0.403900000311494,1000000.0,False,0.9999,0.9999,5,0,maskdrop,sentinel2,quantile,covmat,5,treatment_0004
4,3,0.0776,0.0775999994165724,1000000.0,False,0.9999,0.9999,5,0,maskdrop,sentinel2,quantile,covmat,5,treatment_0004
4,4,0.3193,0.319300000418101,1000000.0,False,0.9999,0.9999,5,0,maskdrop,sentinel2,quantile,covmat,5,treatment_0004
4,5,0.0738,0.0738000001435394,1000000.0,False,0.9999,0.9999,5,0,maskdrop,sentinel2,quantile,covmat,5,treatment_0004
5,1,0.0,-9.0252182331339e-07,1000000.0,False,1.0,1.0,3,1,maskdrop,sentinel2,quantile,covmat,5,treatment_0005
5,2,0.4777,0.477700236935614,1000000.0,False,1.0,1.0,3,1,maskdrop,sentinel2,quantile,covmat,5,treatment_0005
5,3,0.1974,0.197400236916752,1000000.0,False,1.0,1.0,3,1,maskdrop,sentinel2,quantile,covmat,5,treatment_0005
5,4,0.3249,0.324900236637754,1000000.0,False,1.0,1.0,3,1,maskdrop,sentinel2,quantile,covmat,5,treatment_0005
5,5,0.0,1.92031703477165e-07,1000000.0,False,1.0,1.0,3,1,maskdrop,sentinel2,quantile,covmat,5,treatment_0005
5,1,0.0,-6.53658008619936e-07,1000000.0,False,1.0,1.0,4,1,maskdrop,sentinel2,quantile,covmat,6,treatment_0005
5,2,0.4074,0.407400163379207,1000000.0,False,1.0,1.0,4,1,maskdrop,sentinel2,quantile,covmat,6,treatment_0005
5,3,0.1932,0.193200163094193,1000000.0,False,1.0,1.0,4,1,maskdrop,sentinel2,quantile,covmat,6,treatment_0005
5,4,0.2877,0.287700163557343,1000000.0,False,1.0,1.0,4,1,maskdrop,sentinel2,quantile,covmat,6,treatment_0005
5,5,0.1117,0.111700163627265,1000000.0,False,1.0,1.0,4,1,maskdrop,sentinel2,quantile,covmat,6,treatment_0005
6,1,0.2896,0.289600102320718,1000000.0,False,1.0,1.0,2,3,maskdrop,sentinel2,quantile,covmat,3,treatment_0006
6,2,0.0,-6.54473294600105e-08,1000000.0,False,1.0,1.0,2,3,maskdrop,sentinel2,quantile,covmat,3,treatment_0006
6,3,0.0,-9.42305435733199e-08,1000000.0,False,1.0,1.0,2,3,maskdrop,sentinel2,quantile,covmat,3,treatment_0006
6,4,0.7104,0.710400102295858,1000000.0,False,1.0,1.0,2,3,maskdrop,sentinel2,quantile,covmat,3,treatment_0006
6,5,0.0,-4.4938702895958e-08,1000000.0,False,1.0,1.0,2,3,maskdrop,sentinel2,quantile,covmat,3,treatment_0006
6,1,0.3135,0.313500064478103,1000000.0,False,1.0,1.0,3,2,maskdrop,sentinel2,quantile,covmat,4,treatment_0006
6,2,0.0,-1.04062412733445e-07,1000000.0,False,1.0,1.0,3,2,maskdrop,sentinel2,quantile,covmat,4,treatment_0006
6,3,0.0,-8.97291891498094e-08,1000000.0,False,1.0,1.0,3,2,maskdrop,sentinel2,quantile,covmat,4,treatment_0006
6,4,0.5896,0.589600064671445,1000000.0,False,1.0,1.0,3,2,maskdrop,sentinel2,quantile,covmat,4,treatment_0006
6,5,0.0969,0.0969000646420545,1000000.0,False,1.0,1.0,3,2,maskdrop,sentinel2,quantile,covmat,4,treatment_0006
7,1,0.1281,0.163887563082046,1.0,True,1.0,1.0,4,1,maskdrop,sentinel2,quantile,covmat,5,treatment_0007
7,2,0.3048,0.308234117497337,1.0,True,1.0,1.0,4,1,maskdrop,sentinel2,quantile,covmat,5,treatment_0007
7,3,0.4275,0.443305937203819,1.0,True,1.0,1.0,4,1,maskdrop,sentinel2,quantile,covmat,5,treatment_0007
7,4,0.1396,0.141895862992608,1.0,True,1.0,1.0,4,1,maskdrop,sentinel2,quantile,covmat,5,treatment_0007
7,5,0.0,-0.0573234807758107,1.0,True,1.0,1.0,4,1,maskdrop,sentinel2,quantile,covmat,5,treatment_0007
7,1,0.2215,0.275409627883167,1e-06,False,0.9999,0.999899999743316,4,1,maskdrop,sentinel2,quantile,covmat,6,treatment_0007
7,2,0.4351,0.427611276689237,1e-06,False,0.9999,0.999899999743316,4,1,maskdrop,sentinel2,quantile,covmat,6,treatment_0007
7,3,0.2504,0.285640897576495,1e-06,False,0.9999,0.999899999743316,4,1,maskdrop,sentinel2,quantile,covmat,6,treatment_0007
7,4,0.0929,0.09204158078154,1e-06,False,0.9999,0.999899999743316,4,1,maskdrop,sentinel2,quantile,covmat,6,treatment_0007
7,5,0.0,-0.0808033831871224,1e-06,False,0.9999,0.999899999743316,4,1,maskdrop,sentinel2,quantile,covmat,6,treatment_0007
8,1,0.379,0.37900000009794,1000000.0,False,1.0,1.0,5,0,maskdrop,sentinel2,quantile,covmat,5,treatment_0008
8,2,0.3119,0.31189999987945,1000000.0,False,1.0,1.0,5,0,maskdrop,sentinel2,quantile,covmat,5,treatment_0008
8,3,0.2132,0.213200000203593,1000000.0,False,1.0,1.0,5,0,maskdrop,sentinel2,quantile,covmat,5,treatment_0008
8,4,0.0304,0.0303999999497576,1000000.0,False,1.0,1.0,5,0,maskdrop,sentinel2,quantile,covmat,5,treatment_0008
8,5,0.0655,0.0654999998692599,1000000.0,False,1.0,1.0,5,0,maskdrop,sentinel2,quantile,covmat,5,treatment_0008
8,1,0.2431,0.243078175241267,1e-06,False,0.9999,0.999899999941792,5,0,maskdrop,sentinel2,quantile,covmat,6,treatment_0008
8,2,0.2531,0.253108814844477,1e-06,False,0.9999,0.999899999941792,5,0,maskdrop,sentinel2,quantile,covmat,6,treatment_0008
8,3,0.2961,0.296129524126148,1e-06,False,0.9999,0.999899999941792,5,0,maskdrop,sentinel2,quantile,covmat,6,treatment_0008
8,4,0.0654,0.0654106850056909,1e-06,False,0.9999,0.999899999941792,5,0,maskdrop,sentinel2,quantile,covmat,6,treatment_0008
8,5,0.1422,0.142172800724208,1e-06,False,0.9999,0.999899999941792,5,0,maskdrop,sentinel2,quantile,covmat,6,treatment_0008
9,1,0.2378,0.23779999995368,1000000.0,False,1.0,1.0,5,0,maskdrop,sentinel2,quantile,covmat,5,treatment_0009
9,2,0.2614,0.261400000000102,1000000.0,False,1.0,1.0,5,0,maskdrop,sentinel2,quantile,covmat,5,treatment_0009
9,3,0.3235,0.323500000083447,1000000.0,False,1.0,1.0,5,0,maskdrop,sentinel2,quantile,covmat,5,treatment_0009
9,4,0.1359,0.135899999770262,1000000.0,False,1.0,1.0,5,0,maskdrop,sentinel2,quantile,covmat,5,treatment_0009
9,5,0.0414,0.0414000001925088,1000000.0,False,1.0,1.0,5,0,maskdrop,sentinel2,quantile,covmat,5,treatment_0009
9,1,0.4182,0.418195727072019,1e-05,False,0.9999,0.999899999993179,5,0,maskdrop,sentinel2,quantile,covmat,6,treatment_0009
9,2,0.147,0.146983614056418,1e-05,False,0.9999,0.999899999993179,5,0,maskdrop,sentinel2,quantile,covmat,6,treatment_0009
9,3,0.1844,0.184366411802234,1e-05,False,0.9999,0.999899999993179,5,0,maskdrop,sentinel2,quantile,covmat,6,treatment_0009
9,4,0.1065,0.106525896537409,1e-05,False,0.9999,0.999899999993179,5,0,maskdrop,sentinel2,quantile,covmat,6,treatment_0009
9,5,0.1438,0.143828350525099,1e-05,False,0.9999,0.999899999993179,5,0,maskdrop,sentinel2,quantile,covmat,6,treatment_0009
10,1,0.5022,0.502200091854068,1000000.0,False,1.0,1.0,3,2,maskdrop,sentinel2,quantile,covmat,5,treatment_0010
10,2,0.2861,0.286100091777233,1000000.0,False,1.0,1.0,3,2,maskdrop,sentinel2,quantile,covmat,5,treatment_0010
10,3,0.0,-9.31907771936277e-08,1000000.0,False,1.0,1.0,3,2,maskdrop,sentinel2,quantile,covmat,5,treatment_0010
10,4,0.2117,0.211700091541535,1000000.0,False,1.0,1.0,3,2,maskdrop,sentinel2,quantile,covmat,5,treatment_0010
10,5,0.0,-1.8198205929035e-07,1000000.0,False,1.0,1.0,3,2,maskdrop,sentinel2,quantile,covmat,5,treatment_0010
10,1,0.3042,0.304200159345226,1000000.0,False,1.0001,1.0001,3,2,maskdrop,sentinel2,quantile,covmat,6,treatment_0010
10,2,0.3969,0.396900159264451,1000000.0,False,1.0001,1.0001,3,2,maskdrop,sentinel2,quantile,covmat,6,treatment_0010
10,3,0.0,-9.90364986020833e-08,1000000.0,False,1.0001,1.0001,3,2,maskdrop,sentinel2,quantile,covmat,6,treatment_0010
10,4,0.299,0.299000159394541,1000000.0,False,1.0001,1.0001,3,2,maskdrop,sentinel2,quantile,covmat,6,treatment_0010
10,5,0.0,-3.78967719910231e-07,1000000.0,False,1.0001,1.0001,3,2,maskdrop,sentinel2,quantile,covmat,6,treatment_0010
1,1,0.7127,0.736791275792546,0.316227766,False,1.0,1.0,3,2,maskdrop,sentinel2,gram,covmat,6,treatment_0001
1,2,0.23,0.288191330154996,0.316227766,False,1.0,1.0,3,2,maskdrop,sentinel2,gram,covmat,6,treatment_0001
1,3,0.0,-0.0867110633074328,0.316227766,False,1.0,1.0,3,2,maskdrop,sentinel2,gram,covmat,6,treatment_0001
1,4,0.0573,0.119268563996843,0.316227766,False,1.0,1.0,3,2,maskdrop,sentinel2,gram,covmat,6,treatment_0001
1,5,0.0,-0.057540106636952,0.316227766,False,1.0,1.0,3,2,maskdrop,sentinel2,gram,covmat,6,treatment_0001
1,1,0.6896,0.743835655519492,0.316227766,False,1.0,1.0,3,1,maskdrop,sentinel2,gram,covmat,7,treatment_0001
1,2,0.1478,0.192330310858948,0.316227766,False,1.0,1.0,3,1,maskdrop,sentinel2,gram,covmat,7,treatment_0001
1,3,0.0,0.0107387203738263,0.316227766,False,1.0,1.0,3,1,maskdrop,sentinel2,gram,covmat,7,treatment_0001
1,4,0.1626,0.209063860519411,0.316227766,False,1.0,1.0,3,1,maskdrop,sentinel2,gram,covmat,7,treatment_0001
1,5,0.0,-0.155968547271677,0.316227766,False,1.0,1.0,3,1,maskdrop,sentinel2,gram,covmat,7,treatment_0001
2,1,0.0,-0.0467174419520005,0.316227766,False,0.9999,0.9999,3,2,maskdrop,sentinel2,gram,covmat,4,treatment_0002
2,2,0.0,-0.0572117991759369,0.316227766,False,0.9999,0.9999,3,2,maskdrop,sentinel2,gram,covmat,4,treatment_0002
2,3,0.058,0.100716853963006,0.316227766,False,0.9999,0.9999,3,2,maskdrop,sentinel2,gram,covmat,4,treatment_0002
2,4,0.2636,0.286371681609303,0.316227766,False,0.9999,0.9999,3,2,maskdrop,sentinel2,gram,covmat,4,treatment_0002
2,5,0.6783,0.716740705555628,0.316227766,False,0.9999,0.9999,3,2,maskdrop,sentinel2,gram,covmat,4,treatment_0002
2,1,0.0,-0.0762516458003134,0.316227766,False,1.0,1.0,2,2,maskdrop,sentinel2,gram,covmat,5,treatment_0002
2,2,0.0,-0.0803341575220982,0.316227766,False,1.0,1.0,2,2,maskdrop,sentinel2,gram,covmat,5,treatment_0002
2,3,0.0,0.0485045026146919,0.316227766,False,1.0,1.0,2,2,maskdrop,sentinel2,gram,covmat,5,treatment_0002
2,4,0.2387,0.277908504516632,0.316227766,False,1.0,1.0,2,2,maskdrop,sentinel2,gram,covmat,5,treatment_0002
2,5,0.7613,0.830172796191088,0.316227766,False,1.0,1.0,2,2,maskdrop,sentinel2,gram,covmat,5,treatment_0002
3,1,0.269,0.756173887424916,1e-06,False,1.0,1.00000000000057,3,2,maskdrop,sentinel2,gram,covmat,4,treatment_0003
3,2,0.496,0.535941784310315,1e-06,False,1.0,1.00000000000057,3,2,maskdrop,sentinel2,gram,covmat,4,treatment_0003
3,3,0.0,-0.915407811701982,1e-06,False,1.0,1.00000000000057,3,2,maskdrop,sentinel2,gram,covmat,4,treatment_0003
3,4,0.235,0.642157982535665,1e-06,False,1.0,1.00000000000057,3,2,maskdrop,sentinel2,gram,covmat,4,treatment_0003
3,5,0.0,-0.0188658425683457,1e-06,False,1.0,1.00000000000057,3,2,maskdrop,sentinel2,gram,covmat,4,treatment_0003
3,1,0.0468,0.193890616804624,0.0316227766,False,1.0,1.0,3,2,maskdrop,sentinel2,gram,covmat,5,treatment_0003
3,2,0.5073,0.49983759254058,0.0316227766,False,1.0,1.0,3,2,maskdrop,sentinel2,gram,covmat,5,treatment_0003
3,3,0.0,-0.0931358085613344,0.0316227766,False,1.0,1.0,3,2,maskdrop,sentinel2,gram,covmat,5,treatment_0003
3,4,0.4459,0.572623328732535,0.0316227766,False,1.0,1.0,3,2,maskdrop,sentinel2,gram,covmat,5,treatment_0003
3,5,0.0,-0.173215729516404,0.0316227766,False,1.0,1.0,3,2,maskdrop,sentinel2,gram,covmat,5,treatment_0003
4,1,0.0,-0.519123785983618,0.01,False,1.0,0.999999999999996,2,2,maskdrop,sentinel2,gram,covmat,4,treatment_0004
4,2,0.2184,0.25105023116794,0.01,False,1.0,0.999999999999996,2,2,maskdrop,sentinel2,gram,covmat,4,treatment_0004
4,3,0.0,0.258735500870201,0.01,False,1.0,0.999999999999996,2,2,maskdrop,sentinel2,gram,covmat,4,treatment_0004
4,4,0.7816,1.0185008342745,0.01,False,1.0,0.999999999999996,2,2,maskdrop,sentinel2,gram,covmat,4,treatment_0004
4,5,0.0,-0.0091627803290221,0.01,False,1.0,0.999999999999996,2,2,maskdrop,sentinel2,gram,covmat,4,treatment_0004
4,1,0.0,5.448659558979761e-09,1000000.0,False,1.0,1.0,3,1,maskdrop,sentinel2,gram,covmat,5,treatment_0004
4,2,0.5108,0.510800015244649,1000000.0,False,1.0,1.0,3,1,maskdrop,sentinel2,gram,covmat,5,treatment_0004
4,3,0.1235,0.123500015231772,1000000.0,False,1.0,1.0,3,1,maskdrop,sentinel2,gram,covmat,5,treatment_0004
4,4,0.3657,0.365700015246682,1000000.0,False,1.0,1.0,3,1,maskdrop,sentinel2,gram,covmat,5,treatment_0004
4,5,0.0,-5.11717612116296e-08,1000000.0,False,1.0,1.0,3,1,maskdrop,sentinel2,gram,covmat,5,treatment_0004
5,1,0.0,-0.0344561302407821,3.16227766,False,1.0,1.0,2,3,maskdrop,sentinel2,gram,covmat,5,treatment_0005
5,2,0.6907,0.717234251417137,3.16227766,False,1.0,1.0,2,3,maskdrop,sentinel2,gram,covmat,5,treatment_0005
5,3,0.0,-0.0087084529780131,3.16227766,False,1.0,1.0,2,3,maskdrop,sentinel2,gram,covmat,5,treatment_0005
5,4,0.3093,0.331830222256896,3.16227766,False,1.0,1.0,2,3,maskdrop,sentinel2,gram,covmat,5,treatment_0005
5,5,0.0,-0.0058998904552371,3.16227766,False,1.0,1.0,2,3,maskdrop,sentinel2,gram,covmat,5,treatment_0005
5,1,0.0,-0.0344392422803843,3.16227766,False,1.0,1.0,2,2,maskdrop,sentinel2,gram,covmat,6,treatment_0005
5,2,0.7205,0.742319195355608,3.16227766,False,1.0,1.0,2,2,maskdrop,sentinel2,gram,covmat,6,treatment_0005
5,3,0.0,-0.012623573771169,3.16227766,False,1.0,1.0,2,2,maskdrop,sentinel2,gram,covmat,6,treatment_0005
5,4,0.2795,0.29887011696509,3.16227766,False,1.0,1.0,2,2,maskdrop,sentinel2,gram,covmat,6,treatment_0005
5,5,0.0,0.0058735037308556,3.16227766,False,1.0,1.0,2,2,maskdrop,sentinel2,gram,covmat,6,treatment_0005
6,1,0.2268,0.260966079812061,0.1,False,1.0,1.0,2,3,maskdrop,sentinel2,gram,covmat,3,treatment_0006
6,2,0.0,-0.0702461250357652,0.1,False,1.0,1.0,2,3,maskdrop,sentinel2,gram,covmat,3,treatment_0006
6,3,0.0,-0.0003987550667548,0.1,False,1.0,1.0,2,3,maskdrop,sentinel2,gram,covmat,3,treatment_0006
6,4,0.7732,0.814609774460952,0.1,False,1.0,1.0,2,3,maskdrop,sentinel2,gram,covmat,3,treatment_0006
6,5,0.0,-0.0049309741704932,0.1,False,1.0,1.0,2,3,maskdrop,sentinel2,gram,covmat,3,treatment_0006
6,1,0.2017,0.40638928133505,1e-06,False,1.0,0.99999999999477,3,1,maskdrop,sentinel2,gram,covmat,4,treatment_0006
6,2,0.0,-0.765148922301705,1e-06,False,1.0,0.99999999999477,3,1,maskdrop,sentinel2,gram,covmat,4,treatment_0006
6,3,0.0,0.0331712543174945,1e-06,False,1.0,0.99999999999477,3,1,maskdrop,sentinel2,gram,covmat,4,treatment_0006
6,4,0.271,0.287910996921069,1e-06,False,1.0,0.99999999999477,3,1,maskdrop,sentinel2,gram,covmat,4,treatment_0006
6,5,0.5273,1.03767738972286,1e-06,False,1.0,0.99999999999477,3,1,maskdrop,sentinel2,gram,covmat,4,treatment_0006
7,1,0.0,0.328360807569054,0.0316227766,False,1.0,0.999999999999998,1,2,maskdrop,sentinel2,gram,covmat,5,treatment_0007
7,2,0.0,0.18473865093964,0.0316227766,False,1.0,0.999999999999998,1,2,maskdrop,sentinel2,gram,covmat,5,treatment_0007
7,3,1.0,1.40302417976851,0.0316227766,False,1.0,0.999999999999998,1,2,maskdrop,sentinel2,gram,covmat,5,treatment_0007
7,4,0.0,-0.50064494346899,0.0316227766,False,1.0,0.999999999999998,1,2,maskdrop,sentinel2,gram,covmat,5,treatment_0007
7,5,0.0,-0.415478694808211,0.0316227766,False,1.0,0.999999999999998,1,2,maskdrop,sentinel2,gram,covmat,5,treatment_0007
7,1,0.0,0.707270071338826,1e-06,False,1.0,0.999999999949978,2,2,maskdrop,sentinel2,gram,covmat,6,treatment_0007
7,2,0.5712,0.436028563225274,1e-06,False,1.0,0.999999999949978,2,2,maskdrop,sentinel2,gram,covmat,6,treatment_0007
7,3,0.4288,1.03300772270891,1e-06,False,1.0,0.999999999949978,2,2,maskdrop,sentinel2,gram,covmat,6,treatment_0007
7,4,0.0,-0.624970611454046,1e-06,False,1.0,0.999999999949978,2,2,maskdrop,sentinel2,gram,covmat,6,treatment_0007
7,5,0.0,-0.551335745868982,1e-06,False,1.0,0.999999999949978,2,2,maskdrop,sentinel2,gram,covmat,6,treatment_0007
8,1,0.1346,0.134600002945675,1000000.0,False,1.0,1.0,4,1,maskdrop,sentinel2,gram,covmat,5,treatment_0008
8,2,0.2223,0.222300002938784,1000000.0,False,1.0,1.0,4,1,maskdrop,sentinel2,gram,covmat,5,treatment_0008
8,3,0.4349,0.434900002942161,1000000.0,False,1.0,1.0,4,1,maskdrop,sentinel2,gram,covmat,5,treatment_0008
8,4,0.0,-1.17681772119807e-08,1000000.0,False,1.0,1.0,4,1,maskdrop,sentinel2,gram,covmat,5,treatment_0008
8,5,0.2082,0.208200002941557,1000000.0,False,1.0,1.0,4,1,maskdrop,sentinel2,gram,covmat,5,treatment_0008
8,1,0.0,-2.07514017849381e-08,1000000.0,False,1.0,1.0,3,1,maskdrop,sentinel2,gram,covmat,6,treatment_0008
8,2,0.1206,0.120600006134571,1000000.0,False,1.0,1.0,3,1,maskdrop,sentinel2,gram,covmat,6,treatment_0008
8,3,0.5095,0.509500006137776,1000000.0,False,1.0,1.0,3,1,maskdrop,sentinel2,gram,covmat,6,treatment_0008
8,4,0.0,2.34543107570756e-09,1000000.0,False,1.0,1.0,3,1,maskdrop,sentinel2,gram,covmat,6,treatment_0008
8,5,0.3699,0.369900006133624,1000000.0,False,1.0,1.0,3,1,maskdrop,sentinel2,gram,covmat,6,treatment_0008
9,1,0.0,0.009375793583551,1.0,True,1.0,1.0,3,1,maskdrop,sentinel2,gram,covmat,5,treatment_0009
9,2,0.5518,0.562778415938077,1.0,True,1.0,1.0,3,1,maskdrop,sentinel2,gram,covmat,5,treatment_0009
9,3,0.3688,0.385982016741033,1.0,True,1.0,1.0,3,1,maskdrop,sentinel2,gram,covmat,5,treatment_0009
9,4,0.0794,0.0877108304208436,1.0,True,1.0,1.0,3,1,maskdrop,sentinel2,gram,covmat,5,treatment_0009
9,5,0.0,-0.0458470566835052,1.0,True,1.0,1.0,3,1,maskdrop,sentinel2,gram,covmat,5,treatment_0009
9,1,0.7314,0.731400004839347,1000000.0,False,1.0,1.0,3,2,maskdrop,sentinel2,gram,covmat,6,treatment_0009
9,2,0.0,-3.73288521508668e-09,1000000.0,False,1.0,1.0,3,2,maskdrop,sentinel2,gram,covmat,6,treatment_0009
9,3,0.2246,0.224600004834877,1000000.0,False,1.0,1.0,3,2,maskdrop,sentinel2,gram,covmat,6,treatment_0009
9,4,0.044,0.0440000048207119,1000000.0,False,1.0,1.0,3,2,maskdrop,sentinel2,gram,covmat,6,treatment_0009
9,5,0.0,-1.07620502932926e-08,1000000.0,False,1.0,1.0,3,2,maskdrop,sentinel2,gram,covmat,6,treatment_0009
10,1,0.74,0.750806667869801,0.0316227766,False,1.0,1.0,3,2,maskdrop,sentinel2,gram,covmat,5,treatment_0010
10,2,0.0057,0.0616202091463252,0.0316227766,False,1.0,1.0,3,2,maskdrop,sentinel2,gram,covmat,5,treatment_0010
10,3,0.0,-0.133729181653831,0.0316227766,False,1.0,1.0,3,2,maskdrop,sentinel2,gram,covmat,5,treatment_0010
10,4,0.2543,0.603263005497278,0.0316227766,False,1.0,1.0,3,2,maskdrop,sentinel2,gram,covmat,5,treatment_0010
10,5,0.0,-0.281960700859571,0.0316227766,False,1.0,1.0,3,2,maskdrop,sentinel2,gram,covmat,5,treatment_0010
10,1,0.3243,0.355702688219349,0.316227766,False,1.0,1.0,3,2,maskdrop,sentinel2,gram,covmat,6,treatment_0010
10,2,0.2807,0.33904472913571,0.316227766,False,1.0,1.0,3,2,maskdrop,sentinel2,gram,covmat,6,treatment_0010
10,3,0.0,-0.0861676269295769,0.316227766,False,1.0,1.0,3,2,maskdrop,sentinel2,gram,covmat,6,treatment_0010
10,4,0.395,0.527553078110833,0.316227766,False,1.0,1.0,3,2,maskdrop,sentinel2,gram,covmat,6,treatment_0010
10,5,0.0,-0.136132868536316,0.316227766,False,1.0,1.0,3,2,maskdrop,sentinel2,gram,covmat,6,treatment_0010
1,1,0.5249,0.524900390234605,1000000.0,False,1.0,1.0,4,1,maskdrop,sentinel2,combined,covmat,6,treatment_0001
1,2,0.2231,0.223100390978495,1000000.0,False,1.0,1.0,4,1,maskdrop,sentinel2,combined,covmat,6,treatment_0001
1,3,0.0,-1.56331114459725e-06,1000000.0,False,1.0,1.0,4,1,maskdrop,sentinel2,combined,covmat,6,treatment_0001
1,4,0.2406,0.240600390865534,1000000.0,False,1.0,1.0,4,1,maskdrop,sentinel2,combined,covmat,6,treatment_0001
1,5,0.0114,0.0114003912325111,1000000.0,False,1.0,1.0,4,1,maskdrop,sentinel2,combined,covmat,6,treatment_0001
1,1,0.5294,0.529400096000815,1000000.0,False,1.0,1.0,3,1,maskdrop,sentinel2,combined,covmat,7,treatment_0001
1,2,0.1426,0.142600098504415,1000000.0,False,1.0,1.0,3,1,maskdrop,sentinel2,combined,covmat,7,treatment_0001
1,3,0.0,3.94546896725656e-08,1000000.0,False,1.0,1.0,3,1,maskdrop,sentinel2,combined,covmat,7,treatment_0001
1,4,0.328,0.328000096805951,1000000.0,False,1.0,1.0,3,1,maskdrop,sentinel2,combined,covmat,7,treatment_0001
1,5,0.0,-3.30765870947197e-07,1000000.0,False,1.0,1.0,3,1,maskdrop,sentinel2,combined,covmat,7,treatment_0001
2,1,0.0367,0.036700000092511,1000000.0,False,1.0,1.0,5,0,maskdrop,sentinel2,combined,covmat,4,treatment_0002
2,2,0.0128,0.0127999999543091,1000000.0,False,1.0,1.0,5,0,maskdrop,sentinel2,combined,covmat,4,treatment_0002
2,3,0.2809,0.28090000029362,1000000.0,False,1.0,1.0,5,0,maskdrop,sentinel2,combined,covmat,4,treatment_0002
2,4,0.2285,0.228499999450857,1000000.0,False,1.0,1.0,5,0,maskdrop,sentinel2,combined,covmat,4,treatment_0002
2,5,0.4411,0.441100000208703,1000000.0,False,1.0,1.0,5,0,maskdrop,sentinel2,combined,covmat,4,treatment_0002
2,1,0.0158,0.0158000067879765,1000000.0,False,1.0,1.0,4,1,maskdrop,sentinel2,combined,covmat,5,treatment_0002
2,2,0.0,-2.72226987432524e-08,1000000.0,False,1.0,1.0,4,1,maskdrop,sentinel2,combined,covmat,5,treatment_0002
2,3,0.3049,0.304900006901399,1000000.0,False,1.0,1.0,4,1,maskdrop,sentinel2,combined,covmat,5,treatment_0002
2,4,0.2139,0.213900006851339,1000000.0,False,1.0,1.0,4,1,maskdrop,sentinel2,combined,covmat,5,treatment_0002
2,5,0.4654,0.465400006681984,1000000.0,False,1.0,1.0,4,1,maskdrop,sentinel2,combined,covmat,5,treatment_0002
3,1,0.1552,0.155200088676432,1000000.0,False,1.0,1.0,4,1,maskdrop,sentinel2,combined,covmat,4,treatment_0003
3,2,0.4076,0.407600088544161,1000000.0,False,1.0,1.0,4,1,maskdrop,sentinel2,combined,covmat,4,treatment_0003
3,3,0.0164,0.016400088535576,1000000.0,False,1.0,1.0,4,1,maskdrop,sentinel2,combined,covmat,4,treatment_0003
3,4,0.4208,0.420800088585674,1000000.0,False,1.0,1.0,4,1,maskdrop,sentinel2,combined,covmat,4,treatment_0003
3,5,0.0,-3.54341843153743e-07,1000000.0,False,1.0,1.0,4,1,maskdrop,sentinel2,combined,covmat,4,treatment_0003
3,1,0.1268,0.126799999813783,1000000.0,False,1.0,1.0,5,0,maskdrop,sentinel2,combined,covmat,5,treatment_0003
3,2,0.3625,0.362500000326894,1000000.0,False,1.0,1.0,5,0,maskdrop,sentinel2,combined,covmat,5,treatment_0003
3,3,0.0154,0.0154000000687899,1000000.0,False,1.0,1.0,5,0,maskdrop,sentinel2,combined,covmat,5,treatment_0003
3,4,0.4917,0.491699999880818,1000000.0,False,1.0,1.0,5,0,maskdrop,sentinel2,combined,covmat,5,treatment_0003
3,5,0.0036,0.0035999999097151,1000000.0,False,1.0,1.0,5,0,maskdrop,sentinel2,combined,covmat,5,treatment_0003
4,1,0.0,-3.28356899769631e-07,1000000.0,False,1.0001,1.0001,3,2,maskdrop,sentinel2,combined,covmat,4,treatment_0004
4,2,0.2994,0.299400254574288,1000000.0,False,1.0001,1.0001,3,2,maskdrop,sentinel2,combined,covmat,4,treatment_0004
4,3,0.0409,0.0409002547567845,1000000.0,False,1.0001,1.0001,3,2,maskdrop,sentinel2,combined,covmat,4,treatment_0004
4,4,0.6598,0.659800254561388,1000000.0,False,1.0001,1.0001,3,2,maskdrop,sentinel2,combined,covmat,4,treatment_0004
4,5,0.0,-4.35535561036784e-07,1000000.0,False,1.0001,1.0001,3,2,maskdrop,sentinel2,combined,covmat,4,treatment_0004
4,1,0.1198,0.119800000091897,1000000.0,False,1.0001,1.0001,5,0,maskdrop,sentinel2,combined,covmat,5,treatment_0004
4,2,0.4244,0.424399999909694,1000000.0,False,1.0001,1.0001,5,0,maskdrop,sentinel2,combined,covmat,5,treatment_0004
4,3,0.08,0.0800000004030117,1000000.0,False,1.0001,1.0001,5,0,maskdrop,sentinel2,combined,covmat,5,treatment_0004
4,4,0.3326,0.332599999958029,1000000.0,False,1.0001,1.0001,5,0,maskdrop,sentinel2,combined,covmat,5,treatment_0004
4,5,0.0433,0.043299999637368,1000000.0,False,1.0001,1.0001,5,0,maskdrop,sentinel2,combined,covmat,5,treatment_0004
5,1,0.0,-2.48870238451303e-06,1000000.0,False,1.0,1.0,3,1,maskdrop,sentinel2,combined,covmat,5,treatment_0005
5,2,0.5394,0.539400729901508,1000000.0,False,1.0,1.0,3,1,maskdrop,sentinel2,combined,covmat,5,treatment_0005
5,3,0.1316,0.131600729796859,1000000.0,False,1.0,1.0,3,1,maskdrop,sentinel2,combined,covmat,5,treatment_0005
5,4,0.329,0.329000729759468,1000000.0,False,1.0,1.0,3,1,maskdrop,sentinel2,combined,covmat,5,treatment_0005
5,5,0.0,2.99244549143227e-07,1000000.0,False,1.0,1.0,3,1,maskdrop,sentinel2,combined,covmat,5,treatment_0005
5,1,0.0,-1.95785101876044e-06,1000000.0,False,1.0,1.0,4,1,maskdrop,sentinel2,combined,covmat,6,treatment_0005
5,2,0.4746,0.47460048904311,1000000.0,False,1.0,1.0,4,1,maskdrop,sentinel2,combined,covmat,6,treatment_0005
5,3,0.1372,0.137200489023561,1000000.0,False,1.0,1.0,4,1,maskdrop,sentinel2,combined,covmat,6,treatment_0005
5,4,0.2946,0.294600489861805,1000000.0,False,1.0,1.0,4,1,maskdrop,sentinel2,combined,covmat,6,treatment_0005
5,5,0.0936,0.0936004899225429,1000000.0,False,1.0,1.0,4,1,maskdrop,sentinel2,combined,covmat,6,treatment_0005
6,1,0.2835,0.285643513074595,100.0,False,1.0,1.0,2,3,maskdrop,sentinel2,combined,covmat,3,treatment_0006
6,2,0.0,-0.0017935507069227,100.0,False,1.0,1.0,2,3,maskdrop,sentinel2,combined,covmat,3,treatment_0006
6,3,0.0,-0.001673884464865,100.0,False,1.0,1.0,2,3,maskdrop,sentinel2,combined,covmat,3,treatment_0006
6,4,0.7165,0.718712929277348,100.0,False,1.0,1.0,2,3,maskdrop,sentinel2,combined,covmat,3,treatment_0006
6,5,0.0,-0.0008890071801556,100.0,False,1.0,1.0,2,3,maskdrop,sentinel2,combined,covmat,3,treatment_0006
6,1,0.3052,0.3052001939265,1000000.0,False,0.9999,0.9999,3,2,maskdrop,sentinel2,combined,covmat,4,treatment_0006
6,2,0.0,-3.58075221938134e-07,1000000.0,False,0.9999,0.9999,3,2,maskdrop,sentinel2,combined,covmat,4,treatment_0006
6,3,0.0,-2.23449547685944e-07,1000000.0,False,0.9999,0.9999,3,2,maskdrop,sentinel2,combined,covmat,4,treatment_0006
6,4,0.5715,0.571500193854796,1000000.0,False,0.9999,0.9999,3,2,maskdrop,sentinel2,combined,covmat,4,treatment_0006
6,5,0.1232,0.123200193743474,1000000.0,False,0.9999,0.9999,3,2,maskdrop,sentinel2,combined,covmat,4,treatment_0006
7,1,0.1144,0.160391180506811,3.16227766,False,1.0,1.0,4,1,maskdrop,sentinel2,combined,covmat,5,treatment_0007
7,2,0.322,0.328744830097401,3.16227766,False,1.0,1.0,4,1,maskdrop,sentinel2,combined,covmat,5,treatment_0007
7,3,0.4792,0.500440441315207,3.16227766,False,1.0,1.0,4,1,maskdrop,sentinel2,combined,covmat,5,treatment_0007
7,4,0.0844,0.0855917097844493,3.16227766,False,1.0,1.0,4,1,maskdrop,sentinel2,combined,covmat,5,treatment_0007
7,5,0.0,-0.075168161703869,3.16227766,False,1.0,1.0,4,1,maskdrop,sentinel2,combined,covmat,5,treatment_0007
7,1,0.2126,0.286462259906946,1e-06,False,1.0,1.00000000025216,4,1,maskdrop,sentinel2,combined,covmat,6,treatment_0007
7,2,0.4626,0.451180939793792,1e-06,False,1.0,1.00000000025216,4,1,maskdrop,sentinel2,combined,covmat,6,treatment_0007
7,3,0.28,0.331508688714648,1e-06,False,1.0,1.00000000025216,4,1,maskdrop,sentinel2,combined,covmat,6,treatment_0007
7,4,0.0448,0.0379692326645134,1e-06,False,1.0,1.00000000025216,4,1,maskdrop,sentinel2,combined,covmat,6,treatment_0007
7,5,0.0,-0.107121120827742,1e-06,False,1.0,1.00000000025216,4,1,maskdrop,sentinel2,combined,covmat,6,treatment_0007
8,1,0.3621,0.36210000001019,1000000.0,False,1.0001,1.0001,5,0,maskdrop,sentinel2,combined,covmat,5,treatment_0008
8,2,0.31,0.310000000395006,1000000.0,False,1.0001,1.0001,5,0,maskdrop,sentinel2,combined,covmat,5,treatment_0008
8,3,0.2303,0.230299999948424,1000000.0,False,1.0001,1.0001,5,0,maskdrop,sentinel2,combined,covmat,5,treatment_0008
8,4,0.0181,0.0180999997788916,1000000.0,False,1.0001,1.0001,5,0,maskdrop,sentinel2,combined,covmat,5,treatment_0008
8,5,0.0796,0.0795999998674882,1000000.0,False,1.0001,1.0001,5,0,maskdrop,sentinel2,combined,covmat,5,treatment_0008
8,1,0.2047,0.204647785021504,1e-06,False,0.9999,0.999899999669626,5,0,maskdrop,sentinel2,combined,covmat,6,treatment_0008
8,2,0.2507,0.2506985216607,1e-06,False,0.9999,0.999899999669626,5,0,maskdrop,sentinel2,combined,covmat,6,treatment_0008
8,3,0.3263,0.326304058143531,1e-06,False,0.9999,0.999899999669626,5,0,maskdrop,sentinel2,combined,covmat,6,treatment_0008
8,4,0.0548,0.0548231315279962,1e-06,False,0.9999,0.999899999669626,5,0,maskdrop,sentinel2,combined,covmat,6,treatment_0008
8,5,0.1634,0.163426503315894,1e-06,False,0.9999,0.999899999669626,5,0,maskdrop,sentinel2,combined,covmat,6,treatment_0008
9,1,0.225,0.225000000140602,1000000.0,False,0.9999,0.9999,5,0,maskdrop,sentinel2,combined,covmat,5,treatment_0009
9,2,0.2759,0.275900000196385,1000000.0,False,0.9999,0.9999,5,0,maskdrop,sentinel2,combined,covmat,5,treatment_0009
9,3,0.3558,0.355800000233544,1000000.0,False,0.9999,0.9999,5,0,maskdrop,sentinel2,combined,covmat,5,treatment_0009
9,4,0.1412,0.14119999961855,1000000.0,False,0.9999,0.9999,5,0,maskdrop,sentinel2,combined,covmat,5,treatment_0009
9,5,0.002,0.0019999998109194,1000000.0,False,0.9999,0.9999,5,0,maskdrop,sentinel2,combined,covmat,5,treatment_0009
9,1,0.446,0.445999999546843,1000000.0,False,1.0001,1.0001,5,0,maskdrop,sentinel2,combined,covmat,6,treatment_0009
9,2,0.1324,0.132399999441034,1000000.0,False,1.0001,1.0001,5,0,maskdrop,sentinel2,combined,covmat,6,treatment_0009
9,3,0.1931,0.193100000595528,1000000.0,False,1.0001,1.0001,5,0,maskdrop,sentinel2,combined,covmat,6,treatment_0009
9,4,0.106,0.105999999199785,1000000.0,False,1.0001,1.0001,5,0,maskdrop,sentinel2,combined,covmat,6,treatment_0009
9,5,0.1226,0.12260000121681,1000000.0,False,1.0001,1.0001,5,0,maskdrop,sentinel2,combined,covmat,6,treatment_0009
10,1,0.5251,0.525100346426122,1000000.0,False,1.0,1.0,3,2,maskdrop,sentinel2,combined,covmat,5,treatment_0010
10,2,0.2574,0.257400346334921,1000000.0,False,1.0,1.0,3,2,maskdrop,sentinel2,combined,covmat,5,treatment_0010
10,3,0.0,-3.61287400529685e-07,1000000.0,False,1.0,1.0,3,2,maskdrop,sentinel2,combined,covmat,5,treatment_0010
10,4,0.2175,0.217500346162396,1000000.0,False,1.0,1.0,3,2,maskdrop,sentinel2,combined,covmat,5,treatment_0010
10,5,0.0,-6.77636038284564e-07,1000000.0,False,1.0,1.0,3,2,maskdrop,sentinel2,combined,covmat,5,treatment_0010
10,1,0.3049,0.314133034066106,31.6227766,False,1.0,1.0,3,2,maskdrop,sentinel2,combined,covmat,6,treatment_0010
10,2,0.3856,0.396137864029798,31.6227766,False,1.0,1.0,3,2,maskdrop,sentinel2,combined,covmat,6,treatment_0010
10,3,0.0,-0.0100281965372379,31.6227766,False,1.0,1.0,3,2,maskdrop,sentinel2,combined,covmat,6,treatment_0010
10,4,0.3095,0.326445710295874,31.6227766,False,1.0,1.0,3,2,maskdrop,sentinel2,combined,covmat,6,treatment_0010
10,5,0.0,-0.0266884118545412,31.6227766,False,1.0,1.0,3,2,maskdrop,sentinel2,combined,covmat,6,treatment_0010
