arm,sensor,treatment_site_id,scheme,eval_period,valid_rmse_scm,valid_rmse_ascm,improvement,ascm_better,latent_frac_outside_01
main,sentinel1,treatment_0001,frozen_joint,pooled,1.0831053276682114,1.0831053201239003,7.544311175777807e-09,True,0.0
main,sentinel1,treatment_0001,expanding,P09,1.0726009457827843,1.0726009600077882,-1.4225003841517037e-08,False,0.0
main,sentinel1,treatment_0001,expanding,P10,1.0937128111418066,1.0937128111151735,2.663314013773288e-11,True,0.0
main,sentinel1,treatment_0002,frozen_joint,pooled,1.0756041711828181,1.0756041778337913,-6.650973105593039e-09,False,0.0
main,sentinel1,treatment_0002,expanding,P09,1.0647712014760498,1.0647712147789237,-1.3302873913545454e-08,False,0.0
main,sentinel1,treatment_0002,expanding,P10,1.086323972111535,1.0863239721015718,9.963141422986155e-12,True,0.0
main,sentinel1,treatment_0003,frozen_joint,pooled,1.0361809962743116,1.036180996277905,-3.5933478415017817e-12,False,0.0
main,sentinel1,treatment_0003,expanding,P09,1.0407805994932833,1.0407805995261241,-3.284084115762198e-11,False,0.0
main,sentinel1,treatment_0003,expanding,P10,1.0315919922783519,1.0315919922584167,1.993516463016931e-11,True,0.0
main,sentinel1,treatment_0004,frozen_joint,pooled,1.0659306665129467,1.0659306657701721,7.427745085664128e-10,True,0.0
main,sentinel1,treatment_0004,expanding,P09,1.0719831658701138,1.0719831664450636,-5.749498654950003e-10,False,0.0
main,sentinel1,treatment_0004,expanding,P10,1.059868066344029,1.05986806288792,3.4561089545803725e-09,True,0.0
main,sentinel1,treatment_0005,frozen_joint,pooled,1.0646201493024294,1.0646201492911327,1.1296741320165893e-11,True,0.0
main,sentinel1,treatment_0005,expanding,P09,1.0635993993171668,1.0635993993138197,3.347100374639922e-12,True,0.0
main,sentinel1,treatment_0005,expanding,P10,1.0659601559252327,1.0659601559660672,-4.083444693492311e-11,False,0.0
main,sentinel1,treatment_0006,frozen_joint,pooled,1.0821579671005093,1.0821579670204475,8.006173501939884e-11,True,0.0
main,sentinel1,treatment_0006,expanding,P09,1.0683103673910308,1.0683103731124126,-5.721381812762161e-09,False,0.0
main,sentinel1,treatment_0006,expanding,P10,1.0955164018660142,1.0955163886884802,1.3177533952912768e-08,True,0.0
main,sentinel1,treatment_0007,frozen_joint,pooled,1.0508336504887548,1.0508336494616053,1.0271494765845546e-09,True,0.0
main,sentinel1,treatment_0007,expanding,P09,1.0540963254167872,1.054096323695546,1.7212411496103641e-09,True,0.0
main,sentinel1,treatment_0007,expanding,P10,1.0475132056312397,1.0475132056089729,2.2266855026487065e-11,True,0.0
main,sentinel1,treatment_0008,frozen_joint,pooled,1.052431904366319,1.0524319072388515,-2.87253243413943e-09,False,0.0
main,sentinel1,treatment_0008,expanding,P09,1.0593164124268981,1.059316416245219,-3.818320992721169e-09,False,0.0
main,sentinel1,treatment_0008,expanding,P10,1.0454411434646242,1.0454411439892861,-5.24661869505394e-10,False,0.0010204081632653062
main,sentinel1,treatment_0009,frozen_joint,pooled,1.0549725966481789,1.0549725982919165,-1.6437375904843066e-09,False,0.0
main,sentinel1,treatment_0009,expanding,P09,1.0572733608501497,1.057273363233901,-2.3837514184776865e-09,False,0.0
main,sentinel1,treatment_0009,expanding,P10,1.052413924728391,1.052413925540941,-8.125500272626596e-10,False,0.0
main,sentinel1,treatment_0010,frozen_joint,pooled,1.0405352643061878,1.0405352642839873,2.220046368961448e-11,True,0.0
main,sentinel1,treatment_0010,expanding,P09,1.0344287615718546,1.034428761527275,4.457967328619361e-11,True,0.0
main,sentinel1,treatment_0010,expanding,P10,1.0465395285656416,1.0465395338806887,-5.315047069132106e-09,False,0.0
main,sentinel2,treatment_0001,frozen_joint,pooled,1.067952439604171,1.0679524398134501,-2.0927903854328633e-10,False,0.0
main,sentinel2,treatment_0001,expanding,P09,0.9054418393211714,0.9054418411357343,-1.814562944346676e-09,False,0.0
main,sentinel2,treatment_0001,expanding,P10,1.2072574893206067,1.207257442151391,4.7169215644515816e-08,True,0.0
main,sentinel2,treatment_0002,frozen_joint,pooled,1.1321613797946901,1.132161385897488,-6.102797822649109e-09,False,0.022448979591836733
main,sentinel2,treatment_0002,expanding,P09,1.0577747456754358,1.0577747530731918,-7.397755963367558e-09,False,0.013265306122448979
main,sentinel2,treatment_0002,expanding,P10,1.1803003558594132,1.1803003620313812,-6.17196804775233e-09,False,0.0
main,sentinel2,treatment_0003,frozen_joint,pooled,1.0168549896165109,1.0168549924861834,-2.8696724996279954e-09,False,0.0
main,sentinel2,treatment_0003,expanding,P09,1.106470639083454,1.106470643392242,-4.308787993068108e-09,False,0.0
main,sentinel2,treatment_0003,expanding,P10,0.9226614973065101,0.9226615301695215,-3.286301131222302e-08,False,0.0
main,sentinel2,treatment_0004,frozen_joint,pooled,0.7300610487024013,0.7300610508520857,-2.1496844304635943e-09,False,0.008673469387755102
main,sentinel2,treatment_0004,expanding,P09,0.7278669917908669,0.7278669929440175,-1.1531505750284055e-09,False,0.01020408163265306
main,sentinel2,treatment_0004,expanding,P10,0.730080867751268,0.7300808729121109,-5.1608428641714e-09,False,0.0
main,sentinel2,treatment_0005,frozen_joint,pooled,0.9745149623904286,0.9745149664663824,-4.07595379670056e-09,False,0.008163265306122448
main,sentinel2,treatment_0005,expanding,P09,0.8843013408881414,0.884301347691692,-6.803550611778064e-09,False,0.01020408163265306
main,sentinel2,treatment_0005,expanding,P10,1.0567100313676967,1.0567100325525693,-1.1848726444441127e-09,False,0.0
main,sentinel2,treatment_0006,frozen_joint,pooled,1.0330803373286517,1.0330803359298044,1.3988472602477486e-09,True,0.0
main,sentinel2,treatment_0006,expanding,P09,0.9027776557613477,0.9027776511241845,4.637163208975892e-09,True,0.0
main,sentinel2,treatment_0006,expanding,P10,1.1573540401576157,1.1573540412561072,-1.0984915199685474e-09,False,0.0
main,sentinel2,treatment_0007,frozen_joint,pooled,1.0904108426787142,1.0904107337830615,1.0889565271732238e-07,True,0.0
main,sentinel2,treatment_0007,expanding,P09,1.1123541270840056,1.1123539447292037,1.8235480192529963e-07,True,0.0
main,sentinel2,treatment_0007,expanding,P10,1.0421828794971222,1.0421828781458427,1.3512795327130789e-09,True,0.0
main,sentinel2,treatment_0008,frozen_joint,pooled,1.1783908002864596,1.1783907914085574,8.877902191173348e-09,True,0.0
main,sentinel2,treatment_0008,expanding,P09,1.1850167001866294,1.1850166912134201,8.973209286722295e-09,True,0.0
main,sentinel2,treatment_0008,expanding,P10,1.1691283325076252,1.1691283073022791,2.520534603256408e-08,True,0.0
main,sentinel2,treatment_0009,frozen_joint,pooled,0.9933198313069203,0.993319838812555,-7.50563478035815e-09,False,0.0
main,sentinel2,treatment_0009,expanding,P09,0.6338276583465174,0.6338276719385586,-1.359204115924939e-08,False,0.0
main,sentinel2,treatment_0009,expanding,P10,1.2619288265536945,1.2619288092917622,1.726193232798323e-08,True,0.0
main,sentinel2,treatment_0010,frozen_joint,pooled,1.285931729561114,1.2859317460249966,-1.6463882701600596e-08,False,0.0
main,sentinel2,treatment_0010,expanding,P09,1.1966090597866335,1.1966091187738142,-5.8987180695524444e-08,False,0.0
main,sentinel2,treatment_0010,expanding,P10,1.3474430684077077,1.3474430518197085,1.6587999196460146e-08,True,0.0
