sensor,treatment_site_id,period,latent_gap_norm,treated_latent_present,donors_present
sentinel1,treatment_0001,P11,1.0921747282183698,True,True
sentinel1,treatment_0001,P12,1.0348257341750082,True,True
sentinel1,treatment_0001,P13,1.0943165573208407,True,True
sentinel1,treatment_0001,P14,1.0894489130516418,True,True
sentinel1,treatment_0001,P15,,False,False
sentinel1,treatment_0001,P16,1.0425217000430484,True,True
sentinel1,treatment_0001,P17,1.0858766293201758,True,True
sentinel1,treatment_0001,P18,1.085724550529515,True,True
sentinel1,treatment_0001,P19,1.0932907807879877,True,True
sentinel1,treatment_0001,P20,1.082271014193539,True,True
sentinel1,treatment_0002,P11,1.0347331158451525,True,True
sentinel1,treatment_0002,P12,0.9882721706563474,True,True
sentinel1,treatment_0002,P13,1.046434153733715,True,True
sentinel1,treatment_0002,P14,1.0717885375741414,True,True
sentinel1,treatment_0002,P15,,False,False
sentinel1,treatment_0002,P16,1.058697529016758,True,True
sentinel1,treatment_0002,P17,1.0697147618144145,True,True
sentinel1,treatment_0002,P18,1.0398035868403055,True,True
sentinel1,treatment_0002,P19,1.074990116680293,True,True
sentinel1,treatment_0002,P20,1.058861344889963,True,True
sentinel1,treatment_0003,P11,1.013125934630468,True,True
sentinel1,treatment_0003,P12,1.0478537156108947,True,True
sentinel1,treatment_0003,P13,1.0461480631766853,True,True
sentinel1,treatment_0003,P14,0.9927425604983855,True,True
sentinel1,treatment_0003,P15,,True,False
sentinel1,treatment_0003,P16,1.0074424436103122,True,True
sentinel1,treatment_0003,P17,1.0078506602106985,True,True
sentinel1,treatment_0003,P18,1.0468723533271231,True,True
sentinel1,treatment_0003,P19,1.0016836760885832,True,True
sentinel1,treatment_0003,P20,1.0089320296238362,True,True
sentinel1,treatment_0004,P11,1.0511409189255814,True,True
sentinel1,treatment_0004,P12,1.0648317342433018,True,True
sentinel1,treatment_0004,P13,1.0490937083669005,True,True
sentinel1,treatment_0004,P14,1.0619309141638604,True,True
sentinel1,treatment_0004,P15,,True,False
sentinel1,treatment_0004,P16,1.0658268108544398,True,True
sentinel1,treatment_0004,P17,1.0529238069725502,True,True
sentinel1,treatment_0004,P18,1.0735759716685849,True,True
sentinel1,treatment_0004,P19,1.0689647621081146,True,True
sentinel1,treatment_0004,P20,1.0739357269110525,True,True
sentinel1,treatment_0005,P11,1.03724586419507,True,True
sentinel1,treatment_0005,P12,1.044896492055348,True,True
sentinel1,treatment_0005,P13,1.0735035235383295,True,True
sentinel1,treatment_0005,P14,1.048077575369859,True,True
sentinel1,treatment_0005,P15,,True,False
sentinel1,treatment_0005,P16,1.0432551897902813,True,True
sentinel1,treatment_0005,P17,1.0161850003110162,True,True
sentinel1,treatment_0005,P18,1.0380104894839746,True,True
sentinel1,treatment_0005,P19,1.0318043973149142,True,True
sentinel1,treatment_0005,P20,1.0085362949090204,True,True
sentinel1,treatment_0006,P11,1.0887365095783788,True,True
sentinel1,treatment_0006,P12,1.0456019991784016,True,True
sentinel1,treatment_0006,P13,1.0775733790756428,True,True
sentinel1,treatment_0006,P14,1.0644934187445099,True,True
sentinel1,treatment_0006,P15,,False,False
sentinel1,treatment_0006,P16,1.0623138837283352,True,True
sentinel1,treatment_0006,P17,1.0995407757121098,True,True
sentinel1,treatment_0006,P18,1.0858760847989293,True,True
sentinel1,treatment_0006,P19,1.09069068967214,True,True
sentinel1,treatment_0006,P20,1.0959348761108634,True,True
sentinel1,treatment_0007,P11,1.05172531878538,True,True
sentinel1,treatment_0007,P12,1.0881564368825052,True,True
sentinel1,treatment_0007,P13,1.0177048436583085,True,True
sentinel1,treatment_0007,P14,1.0321854214536161,True,True
sentinel1,treatment_0007,P15,,True,False
sentinel1,treatment_0007,P16,1.0837693976018685,True,True
sentinel1,treatment_0007,P17,1.0606733105452466,True,True
sentinel1,treatment_0007,P18,1.0592178894685884,True,True
sentinel1,treatment_0007,P19,1.0732053803903197,True,True
sentinel1,treatment_0007,P20,1.0229941857875726,True,True
sentinel1,treatment_0008,P11,1.0426395061442035,True,True
sentinel1,treatment_0008,P12,1.0963145350674186,True,True
sentinel1,treatment_0008,P13,1.104690544983918,True,True
sentinel1,treatment_0008,P14,1.0551245366567747,True,True
sentinel1,treatment_0008,P15,,True,False
sentinel1,treatment_0008,P16,1.1265803577701141,True,True
sentinel1,treatment_0008,P17,1.08448041920841,True,True
sentinel1,treatment_0008,P18,1.13885508240668,True,True
sentinel1,treatment_0008,P19,1.091982968915751,True,True
sentinel1,treatment_0008,P20,1.0555429007678914,True,True
sentinel1,treatment_0009,P11,1.0317795570480697,True,True
sentinel1,treatment_0009,P12,1.0996602670476663,True,True
sentinel1,treatment_0009,P13,1.0777947349809276,True,True
sentinel1,treatment_0009,P14,1.0413424312784825,True,True
sentinel1,treatment_0009,P15,,True,False
sentinel1,treatment_0009,P16,1.058334337892763,True,True
sentinel1,treatment_0009,P17,1.0484964261026979,True,True
sentinel1,treatment_0009,P18,1.0706343816128137,True,True
sentinel1,treatment_0009,P19,1.036618081069096,True,True
sentinel1,treatment_0009,P20,1.0544913731137198,True,True
sentinel1,treatment_0010,P11,1.0721976101295363,True,True
sentinel1,treatment_0010,P12,1.070300998858103,True,True
sentinel1,treatment_0010,P13,1.0682345104660729,True,True
sentinel1,treatment_0010,P14,1.0671873155595826,True,True
sentinel1,treatment_0010,P15,,True,False
sentinel1,treatment_0010,P16,1.080968710131147,True,True
sentinel1,treatment_0010,P17,1.071187229752693,True,True
sentinel1,treatment_0010,P18,1.0955560186558204,True,True
sentinel1,treatment_0010,P19,1.081290715680426,True,True
sentinel1,treatment_0010,P20,1.0542525771418934,True,True
sentinel2,treatment_0001,P11,1.1796636813789083,True,True
sentinel2,treatment_0001,P12,1.214973475007233,True,True
sentinel2,treatment_0001,P13,0.9839244404670163,True,True
sentinel2,treatment_0001,P14,0.939536520755141,True,True
sentinel2,treatment_0001,P15,,False,False
sentinel2,treatment_0001,P16,1.194624393961867,True,True
sentinel2,treatment_0001,P17,1.2444499678499474,True,True
sentinel2,treatment_0001,P18,1.2737648334263205,True,True
sentinel2,treatment_0001,P19,1.3587409393118246,True,True
sentinel2,treatment_0001,P20,1.3613613590380433,True,True
sentinel2,treatment_0002,P11,1.2296449417016018,True,True
sentinel2,treatment_0002,P12,1.2363413328171822,True,True
sentinel2,treatment_0002,P13,1.1612762436723523,True,True
sentinel2,treatment_0002,P14,1.3009514757949483,True,True
sentinel2,treatment_0002,P15,,False,False
sentinel2,treatment_0002,P16,1.2352306269642186,True,True
sentinel2,treatment_0002,P17,1.237543812115979,True,True
sentinel2,treatment_0002,P18,1.1789639071155409,True,True
sentinel2,treatment_0002,P19,1.393347987695311,True,True
sentinel2,treatment_0002,P20,1.3276047091381211,True,True
sentinel2,treatment_0003,P11,0.9644062782848689,True,True
sentinel2,treatment_0003,P12,0.9977112266069987,True,True
sentinel2,treatment_0003,P13,0.8747543989606296,True,True
sentinel2,treatment_0003,P14,0.895089569085522,True,True
sentinel2,treatment_0003,P15,,False,False
sentinel2,treatment_0003,P16,1.2246762562030238,True,True
sentinel2,treatment_0003,P17,1.3529751223671904,True,True
sentinel2,treatment_0003,P18,1.281676691481131,True,True
sentinel2,treatment_0003,P19,1.21741660769711,True,True
sentinel2,treatment_0003,P20,1.2659370760818158,True,True
sentinel2,treatment_0004,P11,1.3138992733084582,True,True
sentinel2,treatment_0004,P12,1.288782159909656,True,True
sentinel2,treatment_0004,P13,1.2878541175579359,True,True
sentinel2,treatment_0004,P14,1.265215134872034,True,True
sentinel2,treatment_0004,P15,,True,False
sentinel2,treatment_0004,P16,1.244890945595933,True,True
sentinel2,treatment_0004,P17,1.2709550362110187,True,True
sentinel2,treatment_0004,P18,1.3421212740009854,True,True
sentinel2,treatment_0004,P19,1.2930405859877776,True,True
sentinel2,treatment_0004,P20,1.452344241312885,True,True
sentinel2,treatment_0005,P11,1.112695711804866,True,True
sentinel2,treatment_0005,P12,1.138275912465786,True,True
sentinel2,treatment_0005,P13,0.7801362767717155,True,True
sentinel2,treatment_0005,P14,1.071779342860623,True,True
sentinel2,treatment_0005,P15,,True,False
sentinel2,treatment_0005,P16,1.131859753945505,True,True
sentinel2,treatment_0005,P17,1.1696471676327715,True,True
sentinel2,treatment_0005,P18,1.1250652501461664,True,True
sentinel2,treatment_0005,P19,1.2397668741987935,True,True
sentinel2,treatment_0005,P20,1.2208369921826487,True,True
sentinel2,treatment_0006,P11,1.1736633391880227,True,True
sentinel2,treatment_0006,P12,1.19386634066273,True,True
sentinel2,treatment_0006,P13,0.9807030148533218,True,True
sentinel2,treatment_0006,P14,1.194817509184635,True,True
sentinel2,treatment_0006,P15,,False,False
sentinel2,treatment_0006,P16,1.244480696229148,True,True
sentinel2,treatment_0006,P17,1.1896399897732275,True,True
sentinel2,treatment_0006,P18,1.175016232232697,True,True
sentinel2,treatment_0006,P19,1.2861436642677038,True,True
sentinel2,treatment_0006,P20,1.3639026772542,True,True
sentinel2,treatment_0007,P11,1.1212245771480753,True,True
sentinel2,treatment_0007,P12,1.159646912928381,True,True
sentinel2,treatment_0007,P13,1.1449791623600059,True,True
sentinel2,treatment_0007,P14,1.0680778322377409,True,True
sentinel2,treatment_0007,P15,,True,False
sentinel2,treatment_0007,P16,1.2292524217903469,True,True
sentinel2,treatment_0007,P17,1.0909706168514228,True,True
sentinel2,treatment_0007,P18,1.1451382642772712,True,True
sentinel2,treatment_0007,P19,1.258473622058214,True,True
sentinel2,treatment_0007,P20,1.34703062018051,True,True
sentinel2,treatment_0008,P11,1.1213606666308373,True,True
sentinel2,treatment_0008,P12,1.173220734752446,True,True
sentinel2,treatment_0008,P13,1.097874385377456,True,True
sentinel2,treatment_0008,P14,1.0244994941375303,True,True
sentinel2,treatment_0008,P15,,True,False
sentinel2,treatment_0008,P16,1.197920733021142,True,True
sentinel2,treatment_0008,P17,1.19952102337159,True,True
sentinel2,treatment_0008,P18,1.2461425125211054,True,True
sentinel2,treatment_0008,P19,1.1639789792316069,True,True
sentinel2,treatment_0008,P20,1.365656200540276,True,True
sentinel2,treatment_0009,P11,1.2467076229880234,True,True
sentinel2,treatment_0009,P12,1.3045028906196354,True,True
sentinel2,treatment_0009,P13,0.7221341348759487,True,True
sentinel2,treatment_0009,P14,0.8169195147429924,True,True
sentinel2,treatment_0009,P15,0.6895867643333662,True,True
sentinel2,treatment_0009,P16,0.686421042771937,True,True
sentinel2,treatment_0009,P17,0.7258548824444669,True,True
sentinel2,treatment_0009,P18,0.7504442755111937,True,True
sentinel2,treatment_0009,P19,0.7663047211690683,True,True
sentinel2,treatment_0009,P20,1.4103951540494946,True,True
sentinel2,treatment_0010,P11,1.3070927860404136,True,True
sentinel2,treatment_0010,P12,1.3716635355930926,True,True
sentinel2,treatment_0010,P13,1.210143125709728,True,True
sentinel2,treatment_0010,P14,1.2160859439784295,True,True
sentinel2,treatment_0010,P15,,True,False
sentinel2,treatment_0010,P16,1.1731301991083334,True,True
sentinel2,treatment_0010,P17,1.2476746740413118,True,True
sentinel2,treatment_0010,P18,1.3507765175660107,True,True
sentinel2,treatment_0010,P19,1.212328369297389,True,True
sentinel2,treatment_0010,P20,1.4063412922956684,True,True
