sensor,treatment_site_id,scheme,eval_period,scm_chipmean,scm_genfill,ascm_chipmean,ascm_genfill,scm_level_chipmean,scm_level_genfill
sentinel1,treatment_0001,frozen_joint,pooled,1.076979669828495,1.0831053276682114,1.07697966983554,1.0831053201239003,FAIL,FAIL
sentinel1,treatment_0002,frozen_joint,pooled,1.0745025779157216,1.0756041711828181,1.0745025825008905,1.0756041778337913,FAIL,FAIL
sentinel1,treatment_0003,frozen_joint,pooled,1.035149140131413,1.0361809962743116,1.0351491401423467,1.036180996277905,FAIL,FAIL
sentinel1,treatment_0004,frozen_joint,pooled,1.065008977532695,1.0659306665129467,1.0650089768064013,1.0659306657701721,FAIL,FAIL
sentinel1,treatment_0005,frozen_joint,pooled,1.0637252717581414,1.0646201493024294,1.063725271761957,1.0646201492911327,FAIL,FAIL
sentinel1,treatment_0006,frozen_joint,pooled,1.072336734646042,1.0821579671005093,1.0723367337233467,1.0821579670204475,FAIL,FAIL
sentinel1,treatment_0007,frozen_joint,pooled,1.050730805236984,1.0508336504887548,1.050730799378797,1.0508336494616053,FAIL,FAIL
sentinel1,treatment_0008,frozen_joint,pooled,1.051239267520558,1.052431904366319,1.0512392671881847,1.0524319072388515,FAIL,FAIL
sentinel1,treatment_0009,frozen_joint,pooled,1.0538420642858737,1.0549725966481789,1.0538420661791008,1.0549725982919165,FAIL,FAIL
sentinel1,treatment_0010,frozen_joint,pooled,1.0398404082773531,1.0405352643061878,1.039840401198952,1.0405352642839873,FAIL,FAIL
sentinel2,treatment_0001,frozen_joint,pooled,1.181945449499597,1.067952439604171,1.1819454713169968,1.0679524398134501,FAIL,FAIL
sentinel2,treatment_0002,frozen_joint,pooled,1.2214715083900294,1.1321613797946901,1.2214715091383856,1.132161385897488,FAIL,FAIL
sentinel2,treatment_0003,frozen_joint,pooled,0.927376260875564,1.0168549896165109,0.9273762687141296,1.0168549924861834,pass,FAIL
sentinel2,treatment_0004,frozen_joint,pooled,1.3759260690242696,0.7300610487024013,1.3759260690204511,0.7300610508520857,FAIL,pass
sentinel2,treatment_0005,frozen_joint,pooled,1.1901917008059737,0.9745149623904286,1.1901916993726969,0.9745149664663824,FAIL,pass
sentinel2,treatment_0006,frozen_joint,pooled,1.2323628882302915,1.0330803373286517,1.2323628900749068,1.0330803359298044,FAIL,FAIL
sentinel2,treatment_0007,frozen_joint,pooled,1.083566716972042,1.0904108426787142,1.08356671600341,1.0904107337830615,FAIL,FAIL
sentinel2,treatment_0008,frozen_joint,pooled,1.1338702113734105,1.1783908002864596,1.1338702085283263,1.1783907914085574,FAIL,FAIL
sentinel2,treatment_0009,frozen_joint,pooled,1.225539671127208,0.9933198313069203,1.2255396670030572,0.993319838812555,FAIL,pass
sentinel2,treatment_0010,frozen_joint,pooled,1.231982446229629,1.285931729561114,1.2319824454068982,1.2859317460249966,FAIL,FAIL
sentinel1,treatment_0001,expanding,P09,1.0683515774077017,1.0726009457827843,1.0683515773999943,1.0726009600077882,FAIL,FAIL
sentinel1,treatment_0002,expanding,P09,1.0637517269204364,1.0647712014760498,1.063751735890415,1.0647712147789237,FAIL,FAIL
sentinel1,treatment_0003,expanding,P09,1.0396778621173524,1.0407805994932833,1.0396778621668696,1.0407805995261241,FAIL,FAIL
sentinel1,treatment_0004,expanding,P09,1.0710110187378348,1.0719831658701138,1.071011019320175,1.0719831664450636,FAIL,FAIL
sentinel1,treatment_0005,expanding,P09,1.0624849429566776,1.0635993993171668,1.0624849430003944,1.0635993993138197,FAIL,FAIL
sentinel1,treatment_0006,expanding,P09,1.0575322012772153,1.0683103673910308,1.0575322009622496,1.0683103731124126,FAIL,FAIL
sentinel1,treatment_0007,expanding,P09,1.0553808448436883,1.0540963254167872,1.0553808429661555,1.054096323695546,FAIL,FAIL
sentinel1,treatment_0008,expanding,P09,1.0581474699086215,1.0593164124268981,1.0581474683380878,1.059316416245219,FAIL,FAIL
sentinel1,treatment_0009,expanding,P09,1.0560060477120086,1.0572733608501497,1.0560060504150046,1.057273363233901,FAIL,FAIL
sentinel1,treatment_0010,expanding,P09,1.033990025439657,1.0344287615718546,1.0339900164693463,1.034428761527275,FAIL,FAIL
sentinel2,treatment_0001,expanding,P09,1.0664386650724331,0.9054418393211714,1.066438696027718,0.9054418411357343,FAIL,pass
sentinel2,treatment_0002,expanding,P09,1.2327025190465952,1.0577747456754358,1.232702519500363,1.0577747530731918,FAIL,FAIL
sentinel2,treatment_0003,expanding,P09,0.889142654298574,1.106470639083454,0.8891426494385918,1.106470643392242,pass,FAIL
sentinel2,treatment_0004,expanding,P09,1.3820350756036317,0.7278669917908669,1.3820350796204597,0.7278669929440175,FAIL,pass
sentinel2,treatment_0005,expanding,P09,1.109324125802043,0.8843013408881414,1.1093241233250533,0.884301347691692,FAIL,pass
sentinel2,treatment_0006,expanding,P09,1.225693874130533,0.9027776557613477,1.2256938764414669,0.9027776511241845,FAIL,pass
sentinel2,treatment_0007,expanding,P09,1.098851881727695,1.1123541270840056,1.0988518809037977,1.1123539447292037,FAIL,FAIL
sentinel2,treatment_0008,expanding,P09,0.9840971249969078,1.1850167001866294,0.9840971195819216,1.1850166912134201,pass,FAIL
sentinel2,treatment_0009,expanding,P09,1.074132680625744,0.6338276583465174,1.0741326791877035,0.6338276719385586,FAIL,pass
sentinel2,treatment_0010,expanding,P09,1.0111362152233547,1.1966090597866335,1.0111362182514263,1.1966091187738142,FAIL,FAIL
sentinel1,treatment_0001,expanding,P10,1.085693999123312,1.0937128111418066,1.0856939989578414,1.0937128111151735,FAIL,FAIL
sentinel1,treatment_0002,expanding,P10,1.0851422993937814,1.086323972111535,1.0851422993966764,1.0863239721015718,FAIL,FAIL
sentinel1,treatment_0003,expanding,P10,1.0306310678885604,1.0315919922783519,1.030631067863788,1.0315919922584167,FAIL,FAIL
sentinel1,treatment_0004,expanding,P10,1.0589988670568593,1.059868066344029,1.0589988641342738,1.05986806288792,FAIL,FAIL
sentinel1,treatment_0005,expanding,P10,1.0652853247758989,1.0659601559252327,1.065285324763833,1.0659601559660672,FAIL,FAIL
sentinel1,treatment_0006,expanding,P10,1.0866458146407127,1.0955164018660142,1.0866458255160525,1.0955163886884802,FAIL,FAIL
sentinel1,treatment_0007,expanding,P10,1.0459074201934788,1.0475132056312397,1.0459074173311118,1.0475132056089729,FAIL,FAIL
sentinel1,treatment_0008,expanding,P10,1.0442519479835344,1.0454411434646242,1.044251950431287,1.0454411439892861,FAIL,FAIL
sentinel1,treatment_0009,expanding,P10,1.0514216675978922,1.052413924728391,1.0514216635669666,1.052413925540941,FAIL,FAIL
sentinel1,treatment_0010,expanding,P10,1.0454053553725662,1.0465395285656416,1.045405364416054,1.0465395338806887,FAIL,FAIL
sentinel2,treatment_0001,expanding,P10,1.2852433290219123,1.2072574893206067,1.285243322709154,1.207257442151391,FAIL,FAIL
sentinel2,treatment_0002,expanding,P10,1.2022760446284766,1.1803003558594132,1.202276042348923,1.1803003620313812,FAIL,FAIL
sentinel2,treatment_0003,expanding,P10,0.9615244663339296,0.9226614973065101,0.9615244624576784,0.9226615301695215,pass,pass
sentinel2,treatment_0004,expanding,P10,1.370714717761032,0.730080867751268,1.370714747324426,0.7300808729121109,FAIL,pass
sentinel2,treatment_0005,expanding,P10,1.2653148666309604,1.0567100313676967,1.2653148665088372,1.0567100325525693,FAIL,FAIL
sentinel2,treatment_0006,expanding,P10,1.2382087628333809,1.1573540401576157,1.2382087633721708,1.1573540412561072,FAIL,FAIL
sentinel2,treatment_0007,expanding,P10,1.0677809254143826,1.0421828794971222,1.0677809412882486,1.0421828781458427,FAIL,FAIL
sentinel2,treatment_0008,expanding,P10,1.2664792097407642,1.1691283325076252,1.2664792115471268,1.1691283073022791,FAIL,FAIL
sentinel2,treatment_0009,expanding,P10,1.3621910305849758,1.2619288265536945,1.362191019402094,1.2619288092917622,FAIL,FAIL
sentinel2,treatment_0010,expanding,P10,1.418794507605385,1.3474430684077077,1.4187945014752688,1.3474430518197085,FAIL,FAIL
