arm,sensor,treatment_site_id,fit_window,donor,weight,largest_donor_weight,effective_donors,n_train_periods
main,sentinel1,treatment_0001,P01-08,counterfactual_0003_03,0.23857913967089672,0.23857913967089672,4.950898380209459,8
main,sentinel1,treatment_0001,P01-08,counterfactual_0007_04,0.193221702923538,0.23857913967089672,4.950898380209459,8
main,sentinel1,treatment_0001,P01-08,counterfactual_0006_04,0.18409728726174246,0.23857913967089672,4.950898380209459,8
main,sentinel1,treatment_0001,P01-08,counterfactual_0010_03,0.18613582870083578,0.23857913967089672,4.950898380209459,8
main,sentinel1,treatment_0001,P01-08,counterfactual_0006_02,0.19796604144298716,0.23857913967089672,4.950898380209459,8
main,sentinel1,treatment_0001,P01-09,counterfactual_0003_03,0.238371901480503,0.238371901480503,4.951537322230509,9
main,sentinel1,treatment_0001,P01-09,counterfactual_0007_04,0.19413249329651738,0.238371901480503,4.951537322230509,9
main,sentinel1,treatment_0001,P01-09,counterfactual_0006_04,0.18219438650834963,0.238371901480503,4.951537322230509,9
main,sentinel1,treatment_0001,P01-09,counterfactual_0010_03,0.18907411385052422,0.238371901480503,4.951537322230509,9
main,sentinel1,treatment_0001,P01-09,counterfactual_0006_02,0.19622710486410583,0.238371901480503,4.951537322230509,9
main,sentinel1,treatment_0002,P01-08,counterfactual_0002_01,0.20432819658999757,0.20432819658999757,4.996994296298865,8
main,sentinel1,treatment_0002,P01-08,counterfactual_0006_03,0.19162487583228388,0.20432819658999757,4.996994296298865,8
main,sentinel1,treatment_0002,P01-08,counterfactual_0001_05,0.20274133790997295,0.20432819658999757,4.996994296298865,8
main,sentinel1,treatment_0002,P01-08,counterfactual_0007_01,0.20404817841183556,0.20432819658999757,4.996994296298865,8
main,sentinel1,treatment_0002,P01-08,counterfactual_0010_04,0.19725741125591012,0.20432819658999757,4.996994296298865,8
main,sentinel1,treatment_0002,P01-09,counterfactual_0002_01,0.20712483847342222,0.20712606971341263,4.994729742098363,9
main,sentinel1,treatment_0002,P01-09,counterfactual_0006_03,0.19000840036112857,0.20712606971341263,4.994729742098363,9
main,sentinel1,treatment_0002,P01-09,counterfactual_0001_05,0.19732921512938892,0.20712606971341263,4.994729742098363,9
main,sentinel1,treatment_0002,P01-09,counterfactual_0007_01,0.20712606971341263,0.20712606971341263,4.994729742098363,9
main,sentinel1,treatment_0002,P01-09,counterfactual_0010_04,0.19841147632264775,0.20712606971341263,4.994729742098363,9
main,sentinel1,treatment_0003,P01-08,counterfactual_0006_01,0.23859756403369217,0.23859756403369217,4.946758435226642,8
main,sentinel1,treatment_0003,P01-08,counterfactual_0008_03,0.19629384131901656,0.23859756403369217,4.946758435226642,8
main,sentinel1,treatment_0003,P01-08,counterfactual_0006_05,0.1785507348022216,0.23859756403369217,4.946758435226642,8
main,sentinel1,treatment_0003,P01-08,counterfactual_0004_01,0.20030245730559507,0.23859756403369217,4.946758435226642,8
main,sentinel1,treatment_0003,P01-08,counterfactual_0003_05,0.18625540253947462,0.23859756403369217,4.946758435226642,8
main,sentinel1,treatment_0003,P01-09,counterfactual_0006_01,0.23740158025438302,0.23740158025438302,4.950327884308217,9
main,sentinel1,treatment_0003,P01-09,counterfactual_0008_03,0.1932349903500334,0.23740158025438302,4.950327884308217,9
main,sentinel1,treatment_0003,P01-09,counterfactual_0006_05,0.1821019461034062,0.23740158025438302,4.950327884308217,9
main,sentinel1,treatment_0003,P01-09,counterfactual_0004_01,0.20259462586808027,0.23740158025438302,4.950327884308217,9
main,sentinel1,treatment_0003,P01-09,counterfactual_0003_05,0.18466685742409716,0.23740158025438302,4.950327884308217,9
main,sentinel1,treatment_0004,P01-08,counterfactual_0005_05,0.21859759334339893,0.21859759334339893,4.983849823084857,8
main,sentinel1,treatment_0004,P01-08,counterfactual_0001_01,0.19003645508727235,0.21859759334339893,4.983849823084857,8
main,sentinel1,treatment_0004,P01-08,counterfactual_0002_03,0.2067015743611577,0.21859759334339893,4.983849823084857,8
main,sentinel1,treatment_0004,P01-08,counterfactual_0006_02,0.1878346339064119,0.21859759334339893,4.983849823084857,8
main,sentinel1,treatment_0004,P01-08,counterfactual_0010_03,0.1968297433017592,0.21859759334339893,4.983849823084857,8
main,sentinel1,treatment_0004,P01-09,counterfactual_0005_05,0.21966786315317424,0.21966786315317424,4.982907658344598,9
main,sentinel1,treatment_0004,P01-09,counterfactual_0001_01,0.19022750944225467,0.21966786315317424,4.982907658344598,9
main,sentinel1,treatment_0004,P01-09,counterfactual_0002_03,0.20528369296895937,0.21966786315317424,4.982907658344598,9
main,sentinel1,treatment_0004,P01-09,counterfactual_0006_02,0.18690624027144892,0.21966786315317424,4.982907658344598,9
main,sentinel1,treatment_0004,P01-09,counterfactual_0010_03,0.19791469416416277,0.21966786315317424,4.982907658344598,9
main,sentinel1,treatment_0005,P01-08,counterfactual_0006_01,0.210375870237269,0.210375870237269,4.981608880982069,8
main,sentinel1,treatment_0005,P01-08,counterfactual_0005_03,0.20222006565206133,0.210375870237269,4.981608880982069,8
main,sentinel1,treatment_0005,P01-08,counterfactual_0004_05,0.20494931906389444,0.210375870237269,4.981608880982069,8
main,sentinel1,treatment_0005,P01-08,counterfactual_0010_04,0.20618329938782204,0.210375870237269,4.981608880982069,8
main,sentinel1,treatment_0005,P01-08,counterfactual_0001_04,0.17627144565895317,0.210375870237269,4.981608880982069,8
main,sentinel1,treatment_0005,P01-09,counterfactual_0006_01,0.21092642523499805,0.21092642523499805,4.970442413435976,9
main,sentinel1,treatment_0005,P01-09,counterfactual_0005_03,0.20618928319928878,0.21092642523499805,4.970442413435976,9
main,sentinel1,treatment_0005,P01-09,counterfactual_0004_05,0.20554246288552094,0.21092642523499805,4.970442413435976,9
main,sentinel1,treatment_0005,P01-09,counterfactual_0010_04,0.20796113179498252,0.21092642523499805,4.970442413435976,9
main,sentinel1,treatment_0005,P01-09,counterfactual_0001_04,0.16938069688520976,0.21092642523499805,4.970442413435976,9
main,sentinel1,treatment_0006,P01-08,counterfactual_0006_04,0.1954508095210528,0.2198773501457987,4.98542291839793,8
main,sentinel1,treatment_0006,P01-08,counterfactual_0009_01,0.2198773501457987,0.2198773501457987,4.98542291839793,8
main,sentinel1,treatment_0006,P01-08,counterfactual_0003_03,0.19466730990972433,0.2198773501457987,4.98542291839793,8
main,sentinel1,treatment_0006,P01-08,counterfactual_0007_02,0.18827204632286096,0.2198773501457987,4.98542291839793,8
main,sentinel1,treatment_0006,P01-08,counterfactual_0010_01,0.20173248410056324,0.2198773501457987,4.98542291839793,8
main,sentinel1,treatment_0006,P01-09,counterfactual_0006_04,0.19782456146323285,0.2193097548004453,4.983274377807971,9
main,sentinel1,treatment_0006,P01-09,counterfactual_0009_01,0.2193097548004453,0.2193097548004453,4.983274377807971,9
main,sentinel1,treatment_0006,P01-09,counterfactual_0003_03,0.19345936966235278,0.2193097548004453,4.983274377807971,9
main,sentinel1,treatment_0006,P01-09,counterfactual_0007_02,0.1848345636377553,0.2193097548004453,4.983274377807971,9
main,sentinel1,treatment_0006,P01-09,counterfactual_0010_01,0.2045717504362137,0.2193097548004453,4.983274377807971,9
main,sentinel1,treatment_0007,P01-08,counterfactual_0006_05,0.22509944712853097,0.22509944712853097,4.975422692295581,8
main,sentinel1,treatment_0007,P01-08,counterfactual_0003_02,0.19400251189141773,0.22509944712853097,4.975422692295581,8
main,sentinel1,treatment_0007,P01-08,counterfactual_0008_03,0.19680181029155913,0.22509944712853097,4.975422692295581,8
main,sentinel1,treatment_0007,P01-08,counterfactual_0008_01,0.20167368194698798,0.22509944712853097,4.975422692295581,8
main,sentinel1,treatment_0007,P01-08,counterfactual_0007_04,0.18242254874150424,0.22509944712853097,4.975422692295581,8
main,sentinel1,treatment_0007,P01-09,counterfactual_0006_05,0.22485981931524107,0.22485981931524107,4.974511256034448,9
main,sentinel1,treatment_0007,P01-09,counterfactual_0003_02,0.1917538198200866,0.22485981931524107,4.974511256034448,9
main,sentinel1,treatment_0007,P01-09,counterfactual_0008_03,0.19764800615147168,0.22485981931524107,4.974511256034448,9
main,sentinel1,treatment_0007,P01-09,counterfactual_0008_01,0.20362869769584666,0.22485981931524107,4.974511256034448,9
main,sentinel1,treatment_0007,P01-09,counterfactual_0007_04,0.18210965701735393,0.22485981931524107,4.974511256034448,9
main,sentinel1,treatment_0008,P01-08,counterfactual_0006_05,0.21815015579484737,0.21815015579484737,4.976051890666446,8
main,sentinel1,treatment_0008,P01-08,counterfactual_0005_03,0.20527327453835245,0.21815015579484737,4.976051890666446,8
main,sentinel1,treatment_0008,P01-08,counterfactual_0008_03,0.20198400416984263,0.21815015579484737,4.976051890666446,8
main,sentinel1,treatment_0008,P01-08,counterfactual_0003_01,0.1990986942303835,0.21815015579484737,4.976051890666446,8
main,sentinel1,treatment_0008,P01-08,counterfactual_0007_03,0.1754938712665741,0.21815015579484737,4.976051890666446,8
main,sentinel1,treatment_0008,P01-09,counterfactual_0006_05,0.21429564448195704,0.21429564448195704,4.973740302847782,9
main,sentinel1,treatment_0008,P01-09,counterfactual_0005_03,0.20977096004575885,0.21429564448195704,4.973740302847782,9
main,sentinel1,treatment_0008,P01-09,counterfactual_0008_03,0.20484426953489931,0.21429564448195704,4.973740302847782,9
main,sentinel1,treatment_0008,P01-09,counterfactual_0003_01,0.1980886892254739,0.21429564448195704,4.973740302847782,9
main,sentinel1,treatment_0008,P01-09,counterfactual_0007_03,0.1730004367119109,0.21429564448195704,4.973740302847782,9
main,sentinel1,treatment_0009,P01-08,counterfactual_0003_02,0.21213514010356546,0.21213514010356546,4.986019053168375,8
main,sentinel1,treatment_0009,P01-08,counterfactual_0001_04,0.18486062223671965,0.21213514010356546,4.986019053168375,8
main,sentinel1,treatment_0009,P01-08,counterfactual_0001_05,0.20913665435730522,0.21213514010356546,4.986019053168375,8
main,sentinel1,treatment_0009,P01-08,counterfactual_0005_03,0.20333933177306057,0.21213514010356546,4.986019053168375,8
main,sentinel1,treatment_0009,P01-08,counterfactual_0009_05,0.19052825152934919,0.21213514010356546,4.986019053168375,8
main,sentinel1,treatment_0009,P01-09,counterfactual_0003_02,0.21345343620790863,0.21345343620790863,4.987809909970631,9
main,sentinel1,treatment_0009,P01-09,counterfactual_0001_04,0.1847561559827363,0.21345343620790863,4.987809909970631,9
main,sentinel1,treatment_0009,P01-09,counterfactual_0001_05,0.20459904255421796,0.21345343620790863,4.987809909970631,9
main,sentinel1,treatment_0009,P01-09,counterfactual_0005_03,0.20361216345064537,0.21345343620790863,4.987809909970631,9
main,sentinel1,treatment_0009,P01-09,counterfactual_0009_05,0.19357920180449179,0.21345343620790863,4.987809909970631,9
main,sentinel1,treatment_0010,P01-08,counterfactual_0007_04,0.19535245408812166,0.2135652457068466,4.9806345151386076,8
main,sentinel1,treatment_0010,P01-08,counterfactual_0009_02,0.2135652457068466,0.2135652457068466,4.9806345151386076,8
main,sentinel1,treatment_0010,P01-08,counterfactual_0008_03,0.2044218330896351,0.2135652457068466,4.9806345151386076,8
main,sentinel1,treatment_0010,P01-08,counterfactual_0001_01,0.20855343106820207,0.2135652457068466,4.9806345151386076,8
main,sentinel1,treatment_0010,P01-08,counterfactual_0003_02,0.1781070360471945,0.2135652457068466,4.9806345151386076,8
main,sentinel1,treatment_0010,P01-09,counterfactual_0007_04,0.19278694396129936,0.21337800262239182,4.974954327832195,9
main,sentinel1,treatment_0010,P01-09,counterfactual_0009_02,0.21337800262239182,0.21337800262239182,4.974954327832195,9
main,sentinel1,treatment_0010,P01-09,counterfactual_0008_03,0.2070452159363953,0.21337800262239182,4.974954327832195,9
main,sentinel1,treatment_0010,P01-09,counterfactual_0001_01,0.21126923047506377,0.21337800262239182,4.974954327832195,9
main,sentinel1,treatment_0010,P01-09,counterfactual_0003_02,0.17552060700484978,0.21337800262239182,4.974954327832195,9
main,sentinel2,treatment_0001,P01-08,counterfactual_0002_02,0.3789766588802169,0.3789766588802169,3.4789527488468983,8
main,sentinel2,treatment_0001,P01-08,counterfactual_0005_02,0.13488195054276156,0.3789766588802169,3.4789527488468983,8
main,sentinel2,treatment_0001,P01-08,counterfactual_0009_03,0.33405064135623797,0.3789766588802169,3.4789527488468983,8
main,sentinel2,treatment_0001,P01-08,counterfactual_0005_03,0.11119324565859617,0.3789766588802169,3.4789527488468983,8
main,sentinel2,treatment_0001,P01-08,counterfactual_0008_03,0.040897503562187236,0.3789766588802169,3.4789527488468983,8
main,sentinel2,treatment_0001,P01-09,counterfactual_0002_02,0.3336544518104317,0.3336544518104317,3.6734996124165495,9
main,sentinel2,treatment_0001,P01-09,counterfactual_0005_02,0.21104719482153245,0.3336544518104317,3.6734996124165495,9
main,sentinel2,treatment_0001,P01-09,counterfactual_0009_03,0.32918457735213236,0.3336544518104317,3.6734996124165495,9
main,sentinel2,treatment_0001,P01-09,counterfactual_0005_03,0.06746951602453857,0.3336544518104317,3.6734996124165495,9
main,sentinel2,treatment_0001,P01-09,counterfactual_0008_03,0.05864425999136498,0.3336544518104317,3.6734996124165495,9
main,sentinel2,treatment_0002,P01-08,counterfactual_0004_01,0.3256432628157754,0.3256432628157754,4.203674083105396,8
main,sentinel2,treatment_0002,P01-08,counterfactual_0008_01,0.20548108549135888,0.3256432628157754,4.203674083105396,8
main,sentinel2,treatment_0002,P01-08,counterfactual_0001_01,0.24601379471901957,0.3256432628157754,4.203674083105396,8
main,sentinel2,treatment_0002,P01-08,counterfactual_0009_05,0.0652538950690651,0.3256432628157754,4.203674083105396,8
main,sentinel2,treatment_0002,P01-08,counterfactual_0003_04,0.15760796190478102,0.3256432628157754,4.203674083105396,8
main,sentinel2,treatment_0002,P01-09,counterfactual_0004_01,0.2895594268558695,0.3363854866493507,3.8998569759160313,9
main,sentinel2,treatment_0002,P01-09,counterfactual_0008_01,0.1631104456227541,0.3363854866493507,3.8998569759160313,9
main,sentinel2,treatment_0002,P01-09,counterfactual_0001_01,0.3363854866493507,0.3363854866493507,3.8998569759160313,9
main,sentinel2,treatment_0002,P01-09,counterfactual_0009_05,0.032788193864392516,0.3363854866493507,3.8998569759160313,9
main,sentinel2,treatment_0002,P01-09,counterfactual_0003_04,0.17815644700763322,0.3363854866493507,3.8998569759160313,9
main,sentinel2,treatment_0003,P01-08,counterfactual_0004_05,0.2994905030502532,0.2994905030502532,4.357344223740771,8
main,sentinel2,treatment_0003,P01-08,counterfactual_0008_03,0.11958526912123625,0.2994905030502532,4.357344223740771,8
main,sentinel2,treatment_0003,P01-08,counterfactual_0003_05,0.24594667148721003,0.2994905030502532,4.357344223740771,8
main,sentinel2,treatment_0003,P01-08,counterfactual_0009_03,0.10075181099767999,0.2994905030502532,4.357344223740771,8
main,sentinel2,treatment_0003,P01-08,counterfactual_0005_05,0.23422574534362048,0.2994905030502532,4.357344223740771,8
main,sentinel2,treatment_0003,P01-09,counterfactual_0004_05,0.3315279423948548,0.3315279423948548,4.183499568069795,9
main,sentinel2,treatment_0003,P01-09,counterfactual_0008_03,0.09917209150489616,0.3315279423948548,4.183499568069795,9
main,sentinel2,treatment_0003,P01-09,counterfactual_0003_05,0.2331365571981185,0.3315279423948548,4.183499568069795,9
main,sentinel2,treatment_0003,P01-09,counterfactual_0009_03,0.1031476119608312,0.3315279423948548,4.183499568069795,9
main,sentinel2,treatment_0003,P01-09,counterfactual_0005_05,0.2330157969412994,0.3315279423948548,4.183499568069795,9
main,sentinel2,treatment_0004,P01-08,counterfactual_0004_04,0.7157633056730406,0.7157633056730406,1.85810780246714,8
main,sentinel2,treatment_0004,P01-08,counterfactual_0006_03,0.10236095713862334,0.7157633056730406,1.85810780246714,8
main,sentinel2,treatment_0004,P01-08,counterfactual_0002_02,0.1137448123858021,0.7157633056730406,1.85810780246714,8
main,sentinel2,treatment_0004,P01-08,counterfactual_0006_01,0.04207288431292438,0.7157633056730406,1.85810780246714,8
main,sentinel2,treatment_0004,P01-08,counterfactual_0003_03,0.026058040489609663,0.7157633056730406,1.85810780246714,8
main,sentinel2,treatment_0004,P01-09,counterfactual_0004_04,0.7261098153804967,0.7261098153804967,1.8197702889761964,9
main,sentinel2,treatment_0004,P01-09,counterfactual_0006_03,0.09028349127069454,0.7261098153804967,1.8197702889761964,9
main,sentinel2,treatment_0004,P01-09,counterfactual_0002_02,0.10510017206873813,0.7261098153804967,1.8197702889761964,9
main,sentinel2,treatment_0004,P01-09,counterfactual_0006_01,0.03757231988124637,0.7261098153804967,1.8197702889761964,9
main,sentinel2,treatment_0004,P01-09,counterfactual_0003_03,0.04093420139882412,0.7261098153804967,1.8197702889761964,9
main,sentinel2,treatment_0005,P01-08,counterfactual_0004_02,0.33893779245017863,0.33893779245017863,3.7590380789637,8
main,sentinel2,treatment_0005,P01-08,counterfactual_0006_02,0.33755528088855213,0.33893779245017863,3.7590380789637,8
main,sentinel2,treatment_0005,P01-08,counterfactual_0004_03,0.1210912372932294,0.33893779245017863,3.7590380789637,8
main,sentinel2,treatment_0005,P01-08,counterfactual_0006_04,0.06916126980598901,0.33893779245017863,3.7590380789637,8
main,sentinel2,treatment_0005,P01-08,counterfactual_0007_01,0.13325441956205084,0.33893779245017863,3.7590380789637,8
main,sentinel2,treatment_0005,P01-09,counterfactual_0004_02,0.2872547740973412,0.3631661496020645,3.919212152253258,9
main,sentinel2,treatment_0005,P01-09,counterfactual_0006_02,0.3631661496020645,0.3631661496020645,3.919212152253258,9
main,sentinel2,treatment_0005,P01-09,counterfactual_0004_03,0.11713929124686115,0.3631661496020645,3.919212152253258,9
main,sentinel2,treatment_0005,P01-09,counterfactual_0006_04,0.11370751508437471,0.3631661496020645,3.919212152253258,9
main,sentinel2,treatment_0005,P01-09,counterfactual_0007_01,0.11873226996935846,0.3631661496020645,3.919212152253258,9
main,sentinel2,treatment_0006,P01-08,counterfactual_0009_01,0.24972292179615954,0.24972292179615954,4.863647194925782,8
main,sentinel2,treatment_0006,P01-08,counterfactual_0007_02,0.14558187959552407,0.24972292179615954,4.863647194925782,8
main,sentinel2,treatment_0006,P01-08,counterfactual_0007_05,0.19663185308811076,0.24972292179615954,4.863647194925782,8
main,sentinel2,treatment_0006,P01-08,counterfactual_0002_04,0.19598602842645946,0.24972292179615954,4.863647194925782,8
main,sentinel2,treatment_0006,P01-08,counterfactual_0002_02,0.21207731709374622,0.24972292179615954,4.863647194925782,8
main,sentinel2,treatment_0006,P01-09,counterfactual_0009_01,0.2801233216859646,0.2801233216859646,4.715434927561315,9
main,sentinel2,treatment_0006,P01-09,counterfactual_0007_02,0.13957705947699448,0.2801233216859646,4.715434927561315,9
main,sentinel2,treatment_0006,P01-09,counterfactual_0007_05,0.22767418479279813,0.2801233216859646,4.715434927561315,9
main,sentinel2,treatment_0006,P01-09,counterfactual_0002_04,0.1688695413095286,0.2801233216859646,4.715434927561315,9
main,sentinel2,treatment_0006,P01-09,counterfactual_0002_02,0.1837558927347142,0.2801233216859646,4.715434927561315,9
main,sentinel2,treatment_0007,P01-08,counterfactual_0005_01,0.5465037469554974,0.5465037469554974,2.838820108487247,8
main,sentinel2,treatment_0007,P01-08,counterfactual_0003_04,0.07553549258694175,0.5465037469554974,2.838820108487247,8
main,sentinel2,treatment_0007,P01-08,counterfactual_0005_04,0.12839242009432753,0.5465037469554974,2.838820108487247,8
main,sentinel2,treatment_0007,P01-08,counterfactual_0007_04,0.11337636860666371,0.5465037469554974,2.838820108487247,8
main,sentinel2,treatment_0007,P01-08,counterfactual_0001_05,0.1361919717565696,0.5465037469554974,2.838820108487247,8
main,sentinel2,treatment_0007,P01-09,counterfactual_0005_01,0.4778459266224961,0.4778459266224961,3.3160684534749185,9
main,sentinel2,treatment_0007,P01-09,counterfactual_0003_04,0.08796384909870802,0.4778459266224961,3.3160684534749185,9
main,sentinel2,treatment_0007,P01-09,counterfactual_0005_04,0.11335051830052334,0.4778459266224961,3.3160684534749185,9
main,sentinel2,treatment_0007,P01-09,counterfactual_0007_04,0.18460830415778098,0.4778459266224961,3.3160684534749185,9
main,sentinel2,treatment_0007,P01-09,counterfactual_0001_05,0.13623140182049162,0.4778459266224961,3.3160684534749185,9
main,sentinel2,treatment_0008,P01-08,counterfactual_0005_05,0.23844375735246118,0.2441181586627862,4.729818938726772,8
main,sentinel2,treatment_0008,P01-08,counterfactual_0010_05,0.2441181586627862,0.2441181586627862,4.729818938726772,8
main,sentinel2,treatment_0008,P01-08,counterfactual_0003_05,0.20660977777256792,0.2441181586627862,4.729818938726772,8
main,sentinel2,treatment_0008,P01-08,counterfactual_0007_01,0.20002785407167237,0.2441181586627862,4.729818938726772,8
main,sentinel2,treatment_0008,P01-08,counterfactual_0002_04,0.11080045214051232,0.2441181586627862,4.729818938726772,8
main,sentinel2,treatment_0008,P01-09,counterfactual_0005_05,0.2293664069304197,0.24495999249792982,4.796181875645059,9
main,sentinel2,treatment_0008,P01-09,counterfactual_0010_05,0.24495999249792982,0.24495999249792982,4.796181875645059,9
main,sentinel2,treatment_0008,P01-09,counterfactual_0003_05,0.19460459711038336,0.24495999249792982,4.796181875645059,9
main,sentinel2,treatment_0008,P01-09,counterfactual_0007_01,0.20560034855823187,0.24495999249792982,4.796181875645059,9
main,sentinel2,treatment_0008,P01-09,counterfactual_0002_04,0.12546865490303521,0.24495999249792982,4.796181875645059,9
main,sentinel2,treatment_0009,P01-08,counterfactual_0008_03,0.36650891983842426,0.36650891983842426,3.974095397078923,8
main,sentinel2,treatment_0009,P01-08,counterfactual_0005_02,0.2673897053771222,0.36650891983842426,3.974095397078923,8
main,sentinel2,treatment_0009,P01-08,counterfactual_0004_05,0.10894520955141639,0.36650891983842426,3.974095397078923,8
main,sentinel2,treatment_0009,P01-08,counterfactual_0005_03,0.10772331152119743,0.36650891983842426,3.974095397078923,8
main,sentinel2,treatment_0009,P01-08,counterfactual_0009_03,0.14943285371183979,0.36650891983842426,3.974095397078923,8
main,sentinel2,treatment_0009,P01-09,counterfactual_0008_03,0.3538469718581011,0.3538469718581011,3.8681758718400823,9
main,sentinel2,treatment_0009,P01-09,counterfactual_0005_02,0.30079941292039564,0.3538469718581011,3.8681758718400823,9
main,sentinel2,treatment_0009,P01-09,counterfactual_0004_05,0.09198239204558638,0.3538469718581011,3.8681758718400823,9
main,sentinel2,treatment_0009,P01-09,counterfactual_0005_03,0.09297677563457026,0.3538469718581011,3.8681758718400823,9
main,sentinel2,treatment_0009,P01-09,counterfactual_0009_03,0.16039444754134655,0.3538469718581011,3.8681758718400823,9
main,sentinel2,treatment_0010,P01-08,counterfactual_0004_04,0.5887023834908558,0.5887023834908558,2.5038975449971272,8
main,sentinel2,treatment_0010,P01-08,counterfactual_0006_03,0.1416520948129743,0.5887023834908558,2.5038975449971272,8
main,sentinel2,treatment_0010,P01-08,counterfactual_0002_02,0.16275312013150856,0.5887023834908558,2.5038975449971272,8
main,sentinel2,treatment_0010,P01-08,counterfactual_0003_03,0.06987757839616186,0.5887023834908558,2.5038975449971272,8
main,sentinel2,treatment_0010,P01-08,counterfactual_0006_01,0.037014823168499474,0.5887023834908558,2.5038975449971272,8
main,sentinel2,treatment_0010,P01-09,counterfactual_0004_04,0.5195878354475084,0.5195878354475084,2.950020196014964,9
main,sentinel2,treatment_0010,P01-09,counterfactual_0006_03,0.1268961008523475,0.5195878354475084,2.950020196014964,9
main,sentinel2,treatment_0010,P01-09,counterfactual_0002_02,0.15786065502290128,0.5195878354475084,2.950020196014964,9
main,sentinel2,treatment_0010,P01-09,counterfactual_0003_03,0.16433366315451145,0.5195878354475084,2.950020196014964,9
main,sentinel2,treatment_0010,P01-09,counterfactual_0006_01,0.0313217455227315,0.5195878354475084,2.950020196014964,9
