sensor,treatment_site_id,counterfactual_site_id,control_rank,match_quality,matching_score
sentinel1,treatment_0001,counterfactual_0003_03,1,tokenizer_latent_knn,12.52619457244873
sentinel1,treatment_0001,counterfactual_0020_06,2,tokenizer_latent_knn,12.566425323486328
sentinel1,treatment_0001,counterfactual_0003_06,3,tokenizer_latent_knn,12.662139892578125
sentinel1,treatment_0001,counterfactual_0014_06,4,tokenizer_latent_knn,12.675466537475586
sentinel1,treatment_0001,counterfactual_0025_03,5,tokenizer_latent_knn,12.684409141540527
sentinel1,treatment_0001,counterfactual_0021_10,6,tokenizer_latent_knn,12.704269409179688
sentinel1,treatment_0001,counterfactual_0027_07,7,tokenizer_latent_knn,12.766511917114258
sentinel1,treatment_0001,counterfactual_0024_06,8,tokenizer_latent_knn,12.777437210083008
sentinel1,treatment_0001,counterfactual_0016_07,9,tokenizer_latent_knn,12.791213035583496
sentinel1,treatment_0001,counterfactual_0001_07,10,tokenizer_latent_knn,12.81528091430664
sentinel1,treatment_0002,counterfactual_0016_02,1,tokenizer_latent_knn,12.446745872497559
sentinel1,treatment_0002,counterfactual_0022_10,2,tokenizer_latent_knn,12.505780220031738
sentinel1,treatment_0002,counterfactual_0001_09,3,tokenizer_latent_knn,12.50877857208252
sentinel1,treatment_0002,counterfactual_0012_03,4,tokenizer_latent_knn,12.653532028198242
sentinel1,treatment_0002,counterfactual_0007_06,5,tokenizer_latent_knn,12.658180236816406
sentinel1,treatment_0002,counterfactual_0025_09,6,tokenizer_latent_knn,12.666062355041504
sentinel1,treatment_0002,counterfactual_0015_09,7,tokenizer_latent_knn,12.68270492553711
sentinel1,treatment_0002,counterfactual_0009_09,8,tokenizer_latent_knn,12.68934154510498
sentinel1,treatment_0002,counterfactual_0021_06,9,tokenizer_latent_knn,12.702503204345703
sentinel1,treatment_0002,counterfactual_0025_10,10,tokenizer_latent_knn,12.716389656066895
sentinel1,treatment_0003,counterfactual_0019_03,1,tokenizer_latent_knn,11.990163803100586
sentinel1,treatment_0003,counterfactual_0006_06,2,tokenizer_latent_knn,12.034514427185059
sentinel1,treatment_0003,counterfactual_0017_07,3,tokenizer_latent_knn,12.159767150878906
sentinel1,treatment_0003,counterfactual_0019_02,4,tokenizer_latent_knn,12.222338676452637
sentinel1,treatment_0003,counterfactual_0011_07,5,tokenizer_latent_knn,12.235145568847656
sentinel1,treatment_0003,counterfactual_0019_09,6,tokenizer_latent_knn,12.26384449005127
sentinel1,treatment_0003,counterfactual_0019_01,7,tokenizer_latent_knn,12.268228530883789
sentinel1,treatment_0003,counterfactual_0010_10,8,tokenizer_latent_knn,12.270318031311035
sentinel1,treatment_0003,counterfactual_0006_05,9,tokenizer_latent_knn,12.284345626831055
sentinel1,treatment_0003,counterfactual_0012_08,10,tokenizer_latent_knn,12.309246063232422
sentinel1,treatment_0004,counterfactual_0001_08,1,tokenizer_latent_knn,12.536438941955566
sentinel1,treatment_0004,counterfactual_0014_02,2,tokenizer_latent_knn,12.555676460266113
sentinel1,treatment_0004,counterfactual_0006_09,3,tokenizer_latent_knn,12.565686225891113
sentinel1,treatment_0004,counterfactual_0024_01,4,tokenizer_latent_knn,12.613994598388672
sentinel1,treatment_0004,counterfactual_0017_07,5,tokenizer_latent_knn,12.646732330322266
sentinel1,treatment_0004,counterfactual_0006_02,6,tokenizer_latent_knn,12.64756965637207
sentinel1,treatment_0004,counterfactual_0017_01,7,tokenizer_latent_knn,12.650171279907227
sentinel1,treatment_0004,counterfactual_0025_08,8,tokenizer_latent_knn,12.651169776916504
sentinel1,treatment_0004,counterfactual_0018_02,9,tokenizer_latent_knn,12.656424522399902
sentinel1,treatment_0004,counterfactual_0010_09,10,tokenizer_latent_knn,12.66583251953125
sentinel1,treatment_0005,counterfactual_0012_10,1,tokenizer_latent_knn,12.311208724975586
sentinel1,treatment_0005,counterfactual_0017_01,2,tokenizer_latent_knn,12.365869522094727
sentinel1,treatment_0005,counterfactual_0002_07,3,tokenizer_latent_knn,12.395641326904297
sentinel1,treatment_0005,counterfactual_0011_07,4,tokenizer_latent_knn,12.476919174194336
sentinel1,treatment_0005,counterfactual_0023_07,5,tokenizer_latent_knn,12.482141494750977
sentinel1,treatment_0005,counterfactual_0015_01,6,tokenizer_latent_knn,12.501450538635254
sentinel1,treatment_0005,counterfactual_0014_01,7,tokenizer_latent_knn,12.507576942443848
sentinel1,treatment_0005,counterfactual_0025_08,8,tokenizer_latent_knn,12.510970115661621
sentinel1,treatment_0005,counterfactual_0008_08,9,tokenizer_latent_knn,12.515524864196777
sentinel1,treatment_0005,counterfactual_0016_03,10,tokenizer_latent_knn,12.528621673583984
sentinel1,treatment_0006,counterfactual_0024_07,1,tokenizer_latent_knn,12.377781867980957
sentinel1,treatment_0006,counterfactual_0021_09,2,tokenizer_latent_knn,12.557037353515625
sentinel1,treatment_0006,counterfactual_0014_10,3,tokenizer_latent_knn,12.629740715026855
sentinel1,treatment_0006,counterfactual_0019_06,4,tokenizer_latent_knn,12.694172859191895
sentinel1,treatment_0006,counterfactual_0025_08,5,tokenizer_latent_knn,12.71599006652832
sentinel1,treatment_0006,counterfactual_0002_06,6,tokenizer_latent_knn,12.7276611328125
sentinel1,treatment_0006,counterfactual_0019_10,7,tokenizer_latent_knn,12.761319160461426
sentinel1,treatment_0006,counterfactual_0015_03,8,tokenizer_latent_knn,12.791728019714355
sentinel1,treatment_0006,counterfactual_0002_04,9,tokenizer_latent_knn,12.799009323120117
sentinel1,treatment_0006,counterfactual_0013_06,10,tokenizer_latent_knn,12.803647994995117
sentinel1,treatment_0007,counterfactual_0015_06,1,tokenizer_latent_knn,12.06619930267334
sentinel1,treatment_0007,counterfactual_0008_01,2,tokenizer_latent_knn,12.398235321044922
sentinel1,treatment_0007,counterfactual_0012_03,3,tokenizer_latent_knn,12.48537540435791
sentinel1,treatment_0007,counterfactual_0012_05,4,tokenizer_latent_knn,12.541138648986816
sentinel1,treatment_0007,counterfactual_0010_02,5,tokenizer_latent_knn,12.565008163452148
sentinel1,treatment_0007,counterfactual_0013_01,6,tokenizer_latent_knn,12.574629783630371
sentinel1,treatment_0007,counterfactual_0006_05,7,tokenizer_latent_knn,12.600153923034668
sentinel1,treatment_0007,counterfactual_0021_09,8,tokenizer_latent_knn,12.607942581176758
sentinel1,treatment_0007,counterfactual_0021_08,9,tokenizer_latent_knn,12.609976768493652
sentinel1,treatment_0007,counterfactual_0003_02,10,tokenizer_latent_knn,12.61234188079834
sentinel1,treatment_0008,counterfactual_0015_08,1,tokenizer_latent_knn,12.193982124328613
sentinel1,treatment_0008,counterfactual_0014_07,2,tokenizer_latent_knn,12.23858642578125
sentinel1,treatment_0008,counterfactual_0006_06,3,tokenizer_latent_knn,12.271698951721191
sentinel1,treatment_0008,counterfactual_0025_09,4,tokenizer_latent_knn,12.406975746154785
sentinel1,treatment_0008,counterfactual_0007_07,5,tokenizer_latent_knn,12.464674949645996
sentinel1,treatment_0008,counterfactual_0019_10,6,tokenizer_latent_knn,12.50133991241455
sentinel1,treatment_0008,counterfactual_0020_05,7,tokenizer_latent_knn,12.508469581604004
sentinel1,treatment_0008,counterfactual_0024_02,8,tokenizer_latent_knn,12.533395767211914
sentinel1,treatment_0008,counterfactual_0012_04,9,tokenizer_latent_knn,12.537731170654297
sentinel1,treatment_0008,counterfactual_0012_08,10,tokenizer_latent_knn,12.54774284362793
sentinel1,treatment_0009,counterfactual_0006_08,1,tokenizer_latent_knn,12.464146614074707
sentinel1,treatment_0009,counterfactual_0003_02,2,tokenizer_latent_knn,12.495450019836426
sentinel1,treatment_0009,counterfactual_0015_09,3,tokenizer_latent_knn,12.56057357788086
sentinel1,treatment_0009,counterfactual_0016_09,4,tokenizer_latent_knn,12.620635986328125
sentinel1,treatment_0009,counterfactual_0022_04,5,tokenizer_latent_knn,12.63058090209961
sentinel1,treatment_0009,counterfactual_0022_03,6,tokenizer_latent_knn,12.632844924926758
sentinel1,treatment_0009,counterfactual_0015_08,7,tokenizer_latent_knn,12.677122116088867
sentinel1,treatment_0009,counterfactual_0006_06,8,tokenizer_latent_knn,12.677377700805664
sentinel1,treatment_0009,counterfactual_0020_07,9,tokenizer_latent_knn,12.685744285583496
sentinel1,treatment_0009,counterfactual_0018_09,10,tokenizer_latent_knn,12.689441680908203
sentinel1,treatment_0010,counterfactual_0006_08,1,tokenizer_latent_knn,12.205034255981445
sentinel1,treatment_0010,counterfactual_0025_01,2,tokenizer_latent_knn,12.627240180969238
sentinel1,treatment_0010,counterfactual_0013_06,3,tokenizer_latent_knn,12.629157066345215
sentinel1,treatment_0010,counterfactual_0012_10,4,tokenizer_latent_knn,12.636345863342285
sentinel1,treatment_0010,counterfactual_0006_06,5,tokenizer_latent_knn,12.660662651062012
sentinel1,treatment_0010,counterfactual_0016_01,6,tokenizer_latent_knn,12.669020652770996
sentinel1,treatment_0010,counterfactual_0008_04,7,tokenizer_latent_knn,12.680334091186523
sentinel1,treatment_0010,counterfactual_0007_06,8,tokenizer_latent_knn,12.681396484375
sentinel1,treatment_0010,counterfactual_0025_08,9,tokenizer_latent_knn,12.687047004699707
sentinel1,treatment_0010,counterfactual_0007_09,10,tokenizer_latent_knn,12.70117473602295
sentinel1,treatment_0011,counterfactual_0025_08,1,tokenizer_latent_knn,12.20515251159668
sentinel1,treatment_0011,counterfactual_0019_02,2,tokenizer_latent_knn,12.515954971313477
sentinel1,treatment_0011,counterfactual_0019_10,3,tokenizer_latent_knn,12.52430248260498
sentinel1,treatment_0011,counterfactual_0012_08,4,tokenizer_latent_knn,12.578909873962402
sentinel1,treatment_0011,counterfactual_0017_10,5,tokenizer_latent_knn,12.60507583618164
sentinel1,treatment_0011,counterfactual_0016_05,6,tokenizer_latent_knn,12.608083724975586
sentinel1,treatment_0011,counterfactual_0021_09,7,tokenizer_latent_knn,12.609882354736328
sentinel1,treatment_0011,counterfactual_0004_07,8,tokenizer_latent_knn,12.664424896240234
sentinel1,treatment_0011,counterfactual_0013_06,9,tokenizer_latent_knn,12.69543170928955
sentinel1,treatment_0011,counterfactual_0027_01,10,tokenizer_latent_knn,12.700632095336914
sentinel1,treatment_0012,counterfactual_0025_08,1,tokenizer_latent_knn,12.352397918701172
sentinel1,treatment_0012,counterfactual_0012_08,2,tokenizer_latent_knn,12.376864433288574
sentinel1,treatment_0012,counterfactual_0022_03,3,tokenizer_latent_knn,12.407909393310547
sentinel1,treatment_0012,counterfactual_0019_10,4,tokenizer_latent_knn,12.422643661499023
sentinel1,treatment_0012,counterfactual_0019_08,5,tokenizer_latent_knn,12.513680458068848
sentinel1,treatment_0012,counterfactual_0006_03,6,tokenizer_latent_knn,12.527812004089355
sentinel1,treatment_0012,counterfactual_0018_01,7,tokenizer_latent_knn,12.52900505065918
sentinel1,treatment_0012,counterfactual_0006_09,8,tokenizer_latent_knn,12.550403594970703
sentinel1,treatment_0012,counterfactual_0016_08,9,tokenizer_latent_knn,12.559941291809082
sentinel1,treatment_0012,counterfactual_0001_01,10,tokenizer_latent_knn,12.56147289276123
sentinel1,treatment_0013,counterfactual_0003_02,1,tokenizer_latent_knn,12.440410614013672
sentinel1,treatment_0013,counterfactual_0020_02,2,tokenizer_latent_knn,12.451005935668945
sentinel1,treatment_0013,counterfactual_0025_10,3,tokenizer_latent_knn,12.511032104492188
sentinel1,treatment_0013,counterfactual_0006_06,4,tokenizer_latent_knn,12.584834098815918
sentinel1,treatment_0013,counterfactual_0001_04,5,tokenizer_latent_knn,12.599996566772461
sentinel1,treatment_0013,counterfactual_0012_06,6,tokenizer_latent_knn,12.600692749023438
sentinel1,treatment_0013,counterfactual_0015_06,7,tokenizer_latent_knn,12.608860969543457
sentinel1,treatment_0013,counterfactual_0025_07,8,tokenizer_latent_knn,12.650017738342285
sentinel1,treatment_0013,counterfactual_0019_08,9,tokenizer_latent_knn,12.679544448852539
sentinel1,treatment_0013,counterfactual_0017_07,10,tokenizer_latent_knn,12.691680908203125
sentinel1,treatment_0014,counterfactual_0010_06,1,tokenizer_latent_knn,12.459972381591797
sentinel1,treatment_0014,counterfactual_0010_08,2,tokenizer_latent_knn,12.58980941772461
sentinel1,treatment_0014,counterfactual_0005_06,3,tokenizer_latent_knn,12.617094039916992
sentinel1,treatment_0014,counterfactual_0003_06,4,tokenizer_latent_knn,12.654342651367188
sentinel1,treatment_0014,counterfactual_0021_04,5,tokenizer_latent_knn,12.704389572143555
sentinel1,treatment_0014,counterfactual_0017_04,6,tokenizer_latent_knn,12.711702346801758
sentinel1,treatment_0014,counterfactual_0012_10,7,tokenizer_latent_knn,12.735297203063965
sentinel1,treatment_0014,counterfactual_0011_02,8,tokenizer_latent_knn,12.742502212524414
sentinel1,treatment_0014,counterfactual_0024_05,9,tokenizer_latent_knn,12.797733306884766
sentinel1,treatment_0014,counterfactual_0009_03,10,tokenizer_latent_knn,12.819058418273926
sentinel1,treatment_0015,counterfactual_0012_08,1,tokenizer_latent_knn,12.159555435180664
sentinel1,treatment_0015,counterfactual_0001_04,2,tokenizer_latent_knn,12.416670799255371
sentinel1,treatment_0015,counterfactual_0019_02,3,tokenizer_latent_knn,12.42093563079834
sentinel1,treatment_0015,counterfactual_0010_08,4,tokenizer_latent_knn,12.48448371887207
sentinel1,treatment_0015,counterfactual_0018_09,5,tokenizer_latent_knn,12.506962776184082
sentinel1,treatment_0015,counterfactual_0017_07,6,tokenizer_latent_knn,12.574222564697266
sentinel1,treatment_0015,counterfactual_0007_09,7,tokenizer_latent_knn,12.592767715454102
sentinel1,treatment_0015,counterfactual_0011_07,8,tokenizer_latent_knn,12.593596458435059
sentinel1,treatment_0015,counterfactual_0017_08,9,tokenizer_latent_knn,12.601299285888672
sentinel1,treatment_0015,counterfactual_0019_10,10,tokenizer_latent_knn,12.614054679870605
sentinel1,treatment_0016,counterfactual_0021_09,1,tokenizer_latent_knn,12.400639533996582
sentinel1,treatment_0016,counterfactual_0006_06,2,tokenizer_latent_knn,12.456169128417969
sentinel1,treatment_0016,counterfactual_0020_02,3,tokenizer_latent_knn,12.480145454406738
sentinel1,treatment_0016,counterfactual_0015_08,4,tokenizer_latent_knn,12.525460243225098
sentinel1,treatment_0016,counterfactual_0012_10,5,tokenizer_latent_knn,12.561684608459473
sentinel1,treatment_0016,counterfactual_0019_10,6,tokenizer_latent_knn,12.575072288513184
sentinel1,treatment_0016,counterfactual_0023_01,7,tokenizer_latent_knn,12.576171875
sentinel1,treatment_0016,counterfactual_0019_09,8,tokenizer_latent_knn,12.599175453186035
sentinel1,treatment_0016,counterfactual_0012_09,9,tokenizer_latent_knn,12.602339744567871
sentinel1,treatment_0016,counterfactual_0016_02,10,tokenizer_latent_knn,12.621230125427246
sentinel1,treatment_0017,counterfactual_0022_08,1,tokenizer_latent_knn,12.32413387298584
sentinel1,treatment_0017,counterfactual_0003_04,2,tokenizer_latent_knn,12.456375122070312
sentinel1,treatment_0017,counterfactual_0006_03,3,tokenizer_latent_knn,12.601037979125977
sentinel1,treatment_0017,counterfactual_0024_08,4,tokenizer_latent_knn,12.607290267944336
sentinel1,treatment_0017,counterfactual_0019_01,5,tokenizer_latent_knn,12.621063232421875
sentinel1,treatment_0017,counterfactual_0007_04,6,tokenizer_latent_knn,12.630082130432129
sentinel1,treatment_0017,counterfactual_0012_10,7,tokenizer_latent_knn,12.648934364318848
sentinel1,treatment_0017,counterfactual_0009_07,8,tokenizer_latent_knn,12.67261791229248
sentinel1,treatment_0017,counterfactual_0020_02,9,tokenizer_latent_knn,12.674745559692383
sentinel1,treatment_0017,counterfactual_0019_10,10,tokenizer_latent_knn,12.677955627441406
sentinel1,treatment_0018,counterfactual_0018_03,1,tokenizer_latent_knn,12.714000701904297
sentinel1,treatment_0018,counterfactual_0007_06,2,tokenizer_latent_knn,12.714113235473633
sentinel1,treatment_0018,counterfactual_0005_05,3,tokenizer_latent_knn,12.728554725646973
sentinel1,treatment_0018,counterfactual_0008_01,4,tokenizer_latent_knn,12.731389045715332
sentinel1,treatment_0018,counterfactual_0025_08,5,tokenizer_latent_knn,12.787784576416016
sentinel1,treatment_0018,counterfactual_0003_06,6,tokenizer_latent_knn,12.803321838378906
sentinel1,treatment_0018,counterfactual_0015_08,7,tokenizer_latent_knn,12.842870712280273
sentinel1,treatment_0018,counterfactual_0019_05,8,tokenizer_latent_knn,12.85484504699707
sentinel1,treatment_0018,counterfactual_0022_10,9,tokenizer_latent_knn,12.865334510803223
sentinel1,treatment_0018,counterfactual_0015_06,10,tokenizer_latent_knn,12.884467124938965
sentinel1,treatment_0019,counterfactual_0024_01,1,tokenizer_latent_knn,12.423473358154297
sentinel1,treatment_0019,counterfactual_0003_08,2,tokenizer_latent_knn,12.603761672973633
sentinel1,treatment_0019,counterfactual_0025_06,3,tokenizer_latent_knn,12.611302375793457
sentinel1,treatment_0019,counterfactual_0014_10,4,tokenizer_latent_knn,12.636953353881836
sentinel1,treatment_0019,counterfactual_0003_01,5,tokenizer_latent_knn,12.664368629455566
sentinel1,treatment_0019,counterfactual_0011_10,6,tokenizer_latent_knn,12.670928955078125
sentinel1,treatment_0019,counterfactual_0004_03,7,tokenizer_latent_knn,12.706596374511719
sentinel1,treatment_0019,counterfactual_0025_04,8,tokenizer_latent_knn,12.72524642944336
sentinel1,treatment_0019,counterfactual_0006_08,9,tokenizer_latent_knn,12.739590644836426
sentinel1,treatment_0019,counterfactual_0005_06,10,tokenizer_latent_knn,12.741724967956543
sentinel1,treatment_0020,counterfactual_0024_01,1,tokenizer_latent_knn,12.352166175842285
sentinel1,treatment_0020,counterfactual_0019_08,2,tokenizer_latent_knn,12.52364730834961
sentinel1,treatment_0020,counterfactual_0025_01,3,tokenizer_latent_knn,12.548259735107422
sentinel1,treatment_0020,counterfactual_0012_07,4,tokenizer_latent_knn,12.552512168884277
sentinel1,treatment_0020,counterfactual_0006_06,5,tokenizer_latent_knn,12.558610916137695
sentinel1,treatment_0020,counterfactual_0003_04,6,tokenizer_latent_knn,12.610568046569824
sentinel1,treatment_0020,counterfactual_0002_09,7,tokenizer_latent_knn,12.626730918884277
sentinel1,treatment_0020,counterfactual_0005_06,8,tokenizer_latent_knn,12.638029098510742
sentinel1,treatment_0020,counterfactual_0020_08,9,tokenizer_latent_knn,12.653385162353516
sentinel1,treatment_0020,counterfactual_0020_02,10,tokenizer_latent_knn,12.655427932739258
sentinel1,treatment_0021,counterfactual_0016_02,1,tokenizer_latent_knn,12.410284042358398
sentinel1,treatment_0021,counterfactual_0025_02,2,tokenizer_latent_knn,12.459135055541992
sentinel1,treatment_0021,counterfactual_0019_02,3,tokenizer_latent_knn,12.487126350402832
sentinel1,treatment_0021,counterfactual_0014_08,4,tokenizer_latent_knn,12.524284362792969
sentinel1,treatment_0021,counterfactual_0017_01,5,tokenizer_latent_knn,12.531991958618164
sentinel1,treatment_0021,counterfactual_0010_06,6,tokenizer_latent_knn,12.557640075683594
sentinel1,treatment_0021,counterfactual_0020_06,7,tokenizer_latent_knn,12.577877044677734
sentinel1,treatment_0021,counterfactual_0016_04,8,tokenizer_latent_knn,12.586610794067383
sentinel1,treatment_0021,counterfactual_0013_02,9,tokenizer_latent_knn,12.596363067626953
sentinel1,treatment_0021,counterfactual_0003_04,10,tokenizer_latent_knn,12.599437713623047
sentinel1,treatment_0022,counterfactual_0022_04,1,tokenizer_latent_knn,12.307076454162598
sentinel1,treatment_0022,counterfactual_0014_03,2,tokenizer_latent_knn,12.437687873840332
sentinel1,treatment_0022,counterfactual_0025_08,3,tokenizer_latent_knn,12.438608169555664
sentinel1,treatment_0022,counterfactual_0011_10,4,tokenizer_latent_knn,12.455263137817383
sentinel1,treatment_0022,counterfactual_0021_10,5,tokenizer_latent_knn,12.468979835510254
sentinel1,treatment_0022,counterfactual_0017_01,6,tokenizer_latent_knn,12.482659339904785
sentinel1,treatment_0022,counterfactual_0006_08,7,tokenizer_latent_knn,12.518156051635742
sentinel1,treatment_0022,counterfactual_0022_06,8,tokenizer_latent_knn,12.592942237854004
sentinel1,treatment_0022,counterfactual_0012_10,9,tokenizer_latent_knn,12.596908569335938
sentinel1,treatment_0022,counterfactual_0018_09,10,tokenizer_latent_knn,12.637520790100098
sentinel1,treatment_0023,counterfactual_0015_06,1,tokenizer_latent_knn,12.308918952941895
sentinel1,treatment_0023,counterfactual_0024_02,2,tokenizer_latent_knn,12.377093315124512
sentinel1,treatment_0023,counterfactual_0010_08,3,tokenizer_latent_knn,12.425596237182617
sentinel1,treatment_0023,counterfactual_0017_05,4,tokenizer_latent_knn,12.455260276794434
sentinel1,treatment_0023,counterfactual_0016_05,5,tokenizer_latent_knn,12.512065887451172
sentinel1,treatment_0023,counterfactual_0014_10,6,tokenizer_latent_knn,12.524650573730469
sentinel1,treatment_0023,counterfactual_0013_02,7,tokenizer_latent_knn,12.530083656311035
sentinel1,treatment_0023,counterfactual_0016_02,8,tokenizer_latent_knn,12.530908584594727
sentinel1,treatment_0023,counterfactual_0015_03,9,tokenizer_latent_knn,12.532180786132812
sentinel1,treatment_0023,counterfactual_0001_08,10,tokenizer_latent_knn,12.53360366821289
sentinel1,treatment_0024,counterfactual_0024_05,1,tokenizer_latent_knn,12.373222351074219
sentinel1,treatment_0024,counterfactual_0012_10,2,tokenizer_latent_knn,12.4227933883667
sentinel1,treatment_0024,counterfactual_0019_09,3,tokenizer_latent_knn,12.426725387573242
sentinel1,treatment_0024,counterfactual_0019_10,4,tokenizer_latent_knn,12.478974342346191
sentinel1,treatment_0024,counterfactual_0003_04,5,tokenizer_latent_knn,12.511590003967285
sentinel1,treatment_0024,counterfactual_0007_06,6,tokenizer_latent_knn,12.528838157653809
sentinel1,treatment_0024,counterfactual_0007_07,7,tokenizer_latent_knn,12.585588455200195
sentinel1,treatment_0024,counterfactual_0015_01,8,tokenizer_latent_knn,12.618915557861328
sentinel1,treatment_0024,counterfactual_0025_01,9,tokenizer_latent_knn,12.621028900146484
sentinel1,treatment_0024,counterfactual_0025_02,10,tokenizer_latent_knn,12.62631893157959
sentinel1,treatment_0025,counterfactual_0011_10,1,tokenizer_latent_knn,12.344350814819336
sentinel1,treatment_0025,counterfactual_0003_02,2,tokenizer_latent_knn,12.445111274719238
sentinel1,treatment_0025,counterfactual_0024_01,3,tokenizer_latent_knn,12.517318725585938
sentinel1,treatment_0025,counterfactual_0011_01,4,tokenizer_latent_knn,12.550324440002441
sentinel1,treatment_0025,counterfactual_0008_09,5,tokenizer_latent_knn,12.571473121643066
sentinel1,treatment_0025,counterfactual_0025_06,6,tokenizer_latent_knn,12.57552719116211
sentinel1,treatment_0025,counterfactual_0009_01,7,tokenizer_latent_knn,12.59012508392334
sentinel1,treatment_0025,counterfactual_0016_03,8,tokenizer_latent_knn,12.60264778137207
sentinel1,treatment_0025,counterfactual_0021_09,9,tokenizer_latent_knn,12.60608196258545
sentinel1,treatment_0025,counterfactual_0025_07,10,tokenizer_latent_knn,12.60621166229248
sentinel1,treatment_0027,counterfactual_0013_02,1,tokenizer_latent_knn,12.71072006225586
sentinel1,treatment_0027,counterfactual_0019_02,2,tokenizer_latent_knn,12.756559371948242
sentinel1,treatment_0027,counterfactual_0003_06,3,tokenizer_latent_knn,12.785013198852539
sentinel1,treatment_0027,counterfactual_0018_03,4,tokenizer_latent_knn,12.82862663269043
sentinel1,treatment_0027,counterfactual_0003_02,5,tokenizer_latent_knn,12.87431526184082
sentinel1,treatment_0027,counterfactual_0003_01,6,tokenizer_latent_knn,12.903159141540527
sentinel1,treatment_0027,counterfactual_0012_10,7,tokenizer_latent_knn,12.914544105529785
sentinel1,treatment_0027,counterfactual_0020_10,8,tokenizer_latent_knn,12.921823501586914
sentinel1,treatment_0027,counterfactual_0023_06,9,tokenizer_latent_knn,12.925297737121582
sentinel1,treatment_0027,counterfactual_0017_01,10,tokenizer_latent_knn,12.928833961486816
sentinel2,treatment_0001,counterfactual_0006_05,1,tokenizer_latent_knn,9.489333152770996
sentinel2,treatment_0001,counterfactual_0003_04,2,tokenizer_latent_knn,9.769037246704102
sentinel2,treatment_0001,counterfactual_0022_03,3,tokenizer_latent_knn,9.82027530670166
sentinel2,treatment_0001,counterfactual_0007_08,4,tokenizer_latent_knn,9.916622161865234
sentinel2,treatment_0001,counterfactual_0006_06,5,tokenizer_latent_knn,9.920034408569336
sentinel2,treatment_0001,counterfactual_0006_09,6,tokenizer_latent_knn,9.978604316711426
sentinel2,treatment_0001,counterfactual_0017_07,7,tokenizer_latent_knn,9.985846519470215
sentinel2,treatment_0001,counterfactual_0024_08,8,tokenizer_latent_knn,9.990886688232422
sentinel2,treatment_0001,counterfactual_0007_06,9,tokenizer_latent_knn,10.037602424621582
sentinel2,treatment_0001,counterfactual_0025_07,10,tokenizer_latent_knn,10.12148380279541
sentinel2,treatment_0002,counterfactual_0024_05,1,tokenizer_latent_knn,8.591939926147461
sentinel2,treatment_0002,counterfactual_0017_02,2,tokenizer_latent_knn,8.682300567626953
sentinel2,treatment_0002,counterfactual_0016_03,3,tokenizer_latent_knn,8.701249122619629
sentinel2,treatment_0002,counterfactual_0003_04,4,tokenizer_latent_knn,8.721794128417969
sentinel2,treatment_0002,counterfactual_0025_09,5,tokenizer_latent_knn,8.770413398742676
sentinel2,treatment_0002,counterfactual_0015_06,6,tokenizer_latent_knn,8.802507400512695
sentinel2,treatment_0002,counterfactual_0020_10,7,tokenizer_latent_knn,8.818241119384766
sentinel2,treatment_0002,counterfactual_0003_06,8,tokenizer_latent_knn,8.83621597290039
sentinel2,treatment_0002,counterfactual_0024_07,9,tokenizer_latent_knn,8.885923385620117
sentinel2,treatment_0002,counterfactual_0016_02,10,tokenizer_latent_knn,8.904441833496094
sentinel2,treatment_0003,counterfactual_0024_08,1,tokenizer_latent_knn,7.163295745849609
sentinel2,treatment_0003,counterfactual_0025_09,2,tokenizer_latent_knn,7.207043647766113
sentinel2,treatment_0003,counterfactual_0017_02,3,tokenizer_latent_knn,7.227279186248779
sentinel2,treatment_0003,counterfactual_0006_09,4,tokenizer_latent_knn,7.379694938659668
sentinel2,treatment_0003,counterfactual_0017_07,5,tokenizer_latent_knn,7.423672199249268
sentinel2,treatment_0003,counterfactual_0012_08,6,tokenizer_latent_knn,7.460897922515869
sentinel2,treatment_0003,counterfactual_0007_06,7,tokenizer_latent_knn,7.471230506896973
sentinel2,treatment_0003,counterfactual_0024_10,8,tokenizer_latent_knn,7.510502815246582
sentinel2,treatment_0003,counterfactual_0024_06,9,tokenizer_latent_knn,7.530431270599365
sentinel2,treatment_0003,counterfactual_0019_10,10,tokenizer_latent_knn,7.5377044677734375
sentinel2,treatment_0004,counterfactual_0024_08,1,tokenizer_latent_knn,9.442946434020996
sentinel2,treatment_0004,counterfactual_0007_08,2,tokenizer_latent_knn,9.49734115600586
sentinel2,treatment_0004,counterfactual_0017_02,3,tokenizer_latent_knn,9.545930862426758
sentinel2,treatment_0004,counterfactual_0024_06,4,tokenizer_latent_knn,9.620022773742676
sentinel2,treatment_0004,counterfactual_0024_10,5,tokenizer_latent_knn,9.671170234680176
sentinel2,treatment_0004,counterfactual_0007_06,6,tokenizer_latent_knn,9.689484596252441
sentinel2,treatment_0004,counterfactual_0015_09,7,tokenizer_latent_knn,9.709362983703613
sentinel2,treatment_0004,counterfactual_0012_08,8,tokenizer_latent_knn,9.716255187988281
sentinel2,treatment_0004,counterfactual_0006_05,9,tokenizer_latent_knn,9.760321617126465
sentinel2,treatment_0004,counterfactual_0017_07,10,tokenizer_latent_knn,9.784384727478027
sentinel2,treatment_0005,counterfactual_0012_04,1,tokenizer_latent_knn,8.994125366210938
sentinel2,treatment_0005,counterfactual_0019_10,2,tokenizer_latent_knn,8.997476577758789
sentinel2,treatment_0005,counterfactual_0012_08,3,tokenizer_latent_knn,9.036504745483398
sentinel2,treatment_0005,counterfactual_0006_03,4,tokenizer_latent_knn,9.058921813964844
sentinel2,treatment_0005,counterfactual_0015_06,5,tokenizer_latent_knn,9.162997245788574
sentinel2,treatment_0005,counterfactual_0024_05,6,tokenizer_latent_knn,9.164519309997559
sentinel2,treatment_0005,counterfactual_0011_07,7,tokenizer_latent_knn,9.185420036315918
sentinel2,treatment_0005,counterfactual_0024_10,8,tokenizer_latent_knn,9.213231086730957
sentinel2,treatment_0005,counterfactual_0017_02,9,tokenizer_latent_knn,9.240121841430664
sentinel2,treatment_0005,counterfactual_0020_02,10,tokenizer_latent_knn,9.305100440979004
sentinel2,treatment_0006,counterfactual_0024_08,1,tokenizer_latent_knn,8.532536506652832
sentinel2,treatment_0006,counterfactual_0003_04,2,tokenizer_latent_knn,8.575127601623535
sentinel2,treatment_0006,counterfactual_0025_08,3,tokenizer_latent_knn,8.709775924682617
sentinel2,treatment_0006,counterfactual_0015_06,4,tokenizer_latent_knn,8.71636962890625
sentinel2,treatment_0006,counterfactual_0007_06,5,tokenizer_latent_knn,8.764774322509766
sentinel2,treatment_0006,counterfactual_0017_02,6,tokenizer_latent_knn,8.901121139526367
sentinel2,treatment_0006,counterfactual_0017_07,7,tokenizer_latent_knn,8.906649589538574
sentinel2,treatment_0006,counterfactual_0024_10,8,tokenizer_latent_knn,9.011333465576172
sentinel2,treatment_0006,counterfactual_0024_01,9,tokenizer_latent_knn,9.02017593383789
sentinel2,treatment_0006,counterfactual_0006_09,10,tokenizer_latent_knn,9.0394287109375
sentinel2,treatment_0007,counterfactual_0017_02,1,tokenizer_latent_knn,7.222212791442871
sentinel2,treatment_0007,counterfactual_0015_06,2,tokenizer_latent_knn,7.249890327453613
sentinel2,treatment_0007,counterfactual_0012_08,3,tokenizer_latent_knn,7.354794979095459
sentinel2,treatment_0007,counterfactual_0024_08,4,tokenizer_latent_knn,7.383178234100342
sentinel2,treatment_0007,counterfactual_0012_04,5,tokenizer_latent_knn,7.398427486419678
sentinel2,treatment_0007,counterfactual_0003_04,6,tokenizer_latent_knn,7.466711521148682
sentinel2,treatment_0007,counterfactual_0007_06,7,tokenizer_latent_knn,7.561614036560059
sentinel2,treatment_0007,counterfactual_0024_03,8,tokenizer_latent_knn,7.573062419891357
sentinel2,treatment_0007,counterfactual_0006_03,9,tokenizer_latent_knn,7.624737739562988
sentinel2,treatment_0007,counterfactual_0024_06,10,tokenizer_latent_knn,7.63382625579834
sentinel2,treatment_0008,counterfactual_0012_08,1,tokenizer_latent_knn,8.359776496887207
sentinel2,treatment_0008,counterfactual_0003_05,2,tokenizer_latent_knn,8.4468412399292
sentinel2,treatment_0008,counterfactual_0007_06,3,tokenizer_latent_knn,8.478336334228516
sentinel2,treatment_0008,counterfactual_0015_06,4,tokenizer_latent_knn,8.485113143920898
sentinel2,treatment_0008,counterfactual_0006_03,5,tokenizer_latent_knn,8.496776580810547
sentinel2,treatment_0008,counterfactual_0007_08,6,tokenizer_latent_knn,8.547869682312012
sentinel2,treatment_0008,counterfactual_0006_09,7,tokenizer_latent_knn,8.552189826965332
sentinel2,treatment_0008,counterfactual_0012_10,8,tokenizer_latent_knn,8.670860290527344
sentinel2,treatment_0008,counterfactual_0003_04,9,tokenizer_latent_knn,8.71143627166748
sentinel2,treatment_0008,counterfactual_0024_02,10,tokenizer_latent_knn,8.727107048034668
sentinel2,treatment_0009,counterfactual_0024_05,1,tokenizer_latent_knn,8.45986270904541
sentinel2,treatment_0009,counterfactual_0012_04,2,tokenizer_latent_knn,8.517410278320312
sentinel2,treatment_0009,counterfactual_0017_07,3,tokenizer_latent_knn,8.681230545043945
sentinel2,treatment_0009,counterfactual_0024_09,4,tokenizer_latent_knn,8.724855422973633
sentinel2,treatment_0009,counterfactual_0006_03,5,tokenizer_latent_knn,8.766369819641113
sentinel2,treatment_0009,counterfactual_0012_08,6,tokenizer_latent_knn,8.901117324829102
sentinel2,treatment_0009,counterfactual_0003_08,7,tokenizer_latent_knn,8.913387298583984
sentinel2,treatment_0009,counterfactual_0019_05,8,tokenizer_latent_knn,8.920095443725586
sentinel2,treatment_0009,counterfactual_0006_09,9,tokenizer_latent_knn,8.921899795532227
sentinel2,treatment_0009,counterfactual_0015_06,10,tokenizer_latent_knn,8.987789154052734
sentinel2,treatment_0010,counterfactual_0013_03,1,tokenizer_latent_knn,9.398523330688477
sentinel2,treatment_0010,counterfactual_0024_05,2,tokenizer_latent_knn,9.42065143585205
sentinel2,treatment_0010,counterfactual_0003_06,3,tokenizer_latent_knn,9.443583488464355
sentinel2,treatment_0010,counterfactual_0006_09,4,tokenizer_latent_knn,9.697843551635742
sentinel2,treatment_0010,counterfactual_0024_09,5,tokenizer_latent_knn,9.700801849365234
sentinel2,treatment_0010,counterfactual_0004_03,6,tokenizer_latent_knn,9.718518257141113
sentinel2,treatment_0010,counterfactual_0007_04,7,tokenizer_latent_knn,9.740241050720215
sentinel2,treatment_0010,counterfactual_0017_07,8,tokenizer_latent_knn,9.80732250213623
sentinel2,treatment_0010,counterfactual_0003_08,9,tokenizer_latent_knn,9.888242721557617
sentinel2,treatment_0010,counterfactual_0024_01,10,tokenizer_latent_knn,9.94160270690918
sentinel2,treatment_0011,counterfactual_0017_02,1,tokenizer_latent_knn,8.252083778381348
sentinel2,treatment_0011,counterfactual_0017_07,2,tokenizer_latent_knn,8.320269584655762
sentinel2,treatment_0011,counterfactual_0016_03,3,tokenizer_latent_knn,8.512730598449707
sentinel2,treatment_0011,counterfactual_0015_06,4,tokenizer_latent_knn,8.53743839263916
sentinel2,treatment_0011,counterfactual_0006_03,5,tokenizer_latent_knn,8.548737525939941
sentinel2,treatment_0011,counterfactual_0003_04,6,tokenizer_latent_knn,8.560054779052734
sentinel2,treatment_0011,counterfactual_0024_10,7,tokenizer_latent_knn,8.590024948120117
sentinel2,treatment_0011,counterfactual_0012_08,8,tokenizer_latent_knn,8.62142276763916
sentinel2,treatment_0011,counterfactual_0024_05,9,tokenizer_latent_knn,8.626676559448242
sentinel2,treatment_0011,counterfactual_0024_08,10,tokenizer_latent_knn,8.6290922164917
sentinel2,treatment_0012,counterfactual_0017_07,1,tokenizer_latent_knn,7.689891815185547
sentinel2,treatment_0012,counterfactual_0017_02,2,tokenizer_latent_knn,7.770788192749023
sentinel2,treatment_0012,counterfactual_0024_05,3,tokenizer_latent_knn,7.913225173950195
sentinel2,treatment_0012,counterfactual_0006_09,4,tokenizer_latent_knn,7.957396030426025
sentinel2,treatment_0012,counterfactual_0003_06,5,tokenizer_latent_knn,8.020357131958008
sentinel2,treatment_0012,counterfactual_0019_05,6,tokenizer_latent_knn,8.03821849822998
sentinel2,treatment_0012,counterfactual_0024_09,7,tokenizer_latent_knn,8.05431842803955
sentinel2,treatment_0012,counterfactual_0012_04,8,tokenizer_latent_knn,8.079862594604492
sentinel2,treatment_0012,counterfactual_0016_01,9,tokenizer_latent_knn,8.120649337768555
sentinel2,treatment_0012,counterfactual_0025_04,10,tokenizer_latent_knn,8.123906135559082
sentinel2,treatment_0013,counterfactual_0012_08,1,tokenizer_latent_knn,7.749640941619873
sentinel2,treatment_0013,counterfactual_0015_06,2,tokenizer_latent_knn,7.8697590827941895
sentinel2,treatment_0013,counterfactual_0024_08,3,tokenizer_latent_knn,7.889352321624756
sentinel2,treatment_0013,counterfactual_0024_10,4,tokenizer_latent_knn,8.004825592041016
sentinel2,treatment_0013,counterfactual_0017_02,5,tokenizer_latent_knn,8.005999565124512
sentinel2,treatment_0013,counterfactual_0006_03,6,tokenizer_latent_knn,8.007658958435059
sentinel2,treatment_0013,counterfactual_0007_06,7,tokenizer_latent_knn,8.025895118713379
sentinel2,treatment_0013,counterfactual_0012_04,8,tokenizer_latent_knn,8.04370403289795
sentinel2,treatment_0013,counterfactual_0019_03,9,tokenizer_latent_knn,8.135676383972168
sentinel2,treatment_0013,counterfactual_0006_09,10,tokenizer_latent_knn,8.163169860839844
sentinel2,treatment_0014,counterfactual_0013_01,1,tokenizer_latent_knn,7.798216819763184
sentinel2,treatment_0014,counterfactual_0003_04,2,tokenizer_latent_knn,7.980825424194336
sentinel2,treatment_0014,counterfactual_0007_06,3,tokenizer_latent_knn,7.987547874450684
sentinel2,treatment_0014,counterfactual_0013_06,4,tokenizer_latent_knn,8.037809371948242
sentinel2,treatment_0014,counterfactual_0024_08,5,tokenizer_latent_knn,8.051780700683594
sentinel2,treatment_0014,counterfactual_0006_09,6,tokenizer_latent_knn,8.052271842956543
sentinel2,treatment_0014,counterfactual_0007_08,7,tokenizer_latent_knn,8.080570220947266
sentinel2,treatment_0014,counterfactual_0017_02,8,tokenizer_latent_knn,8.090300559997559
sentinel2,treatment_0014,counterfactual_0006_05,9,tokenizer_latent_knn,8.189190864562988
sentinel2,treatment_0014,counterfactual_0013_07,10,tokenizer_latent_knn,8.211430549621582
sentinel2,treatment_0015,counterfactual_0024_05,1,tokenizer_latent_knn,9.105772972106934
sentinel2,treatment_0015,counterfactual_0017_07,2,tokenizer_latent_knn,9.270339012145996
sentinel2,treatment_0015,counterfactual_0011_07,3,tokenizer_latent_knn,9.33153247833252
sentinel2,treatment_0015,counterfactual_0006_03,4,tokenizer_latent_knn,9.370108604431152
sentinel2,treatment_0015,counterfactual_0019_10,5,tokenizer_latent_knn,9.423934936523438
sentinel2,treatment_0015,counterfactual_0015_06,6,tokenizer_latent_knn,9.46674919128418
sentinel2,treatment_0015,counterfactual_0014_07,7,tokenizer_latent_knn,9.520256996154785
sentinel2,treatment_0015,counterfactual_0006_09,8,tokenizer_latent_knn,9.555834770202637
sentinel2,treatment_0015,counterfactual_0017_02,9,tokenizer_latent_knn,9.592630386352539
sentinel2,treatment_0015,counterfactual_0024_04,10,tokenizer_latent_knn,9.714067459106445
sentinel2,treatment_0016,counterfactual_0024_05,1,tokenizer_latent_knn,8.048529624938965
sentinel2,treatment_0016,counterfactual_0003_06,2,tokenizer_latent_knn,8.386176109313965
sentinel2,treatment_0016,counterfactual_0003_08,3,tokenizer_latent_knn,8.765653610229492
sentinel2,treatment_0016,counterfactual_0006_09,4,tokenizer_latent_knn,8.782452583312988
sentinel2,treatment_0016,counterfactual_0006_03,5,tokenizer_latent_knn,8.797483444213867
sentinel2,treatment_0016,counterfactual_0017_07,6,tokenizer_latent_knn,8.867674827575684
sentinel2,treatment_0016,counterfactual_0017_02,7,tokenizer_latent_knn,8.871304512023926
sentinel2,treatment_0016,counterfactual_0024_07,8,tokenizer_latent_knn,8.877850532531738
sentinel2,treatment_0016,counterfactual_0003_05,9,tokenizer_latent_knn,8.87812328338623
sentinel2,treatment_0016,counterfactual_0013_03,10,tokenizer_latent_knn,8.897147178649902
sentinel2,treatment_0017,counterfactual_0024_08,1,tokenizer_latent_knn,8.116785049438477
sentinel2,treatment_0017,counterfactual_0017_07,2,tokenizer_latent_knn,8.152700424194336
sentinel2,treatment_0017,counterfactual_0006_09,3,tokenizer_latent_knn,8.199682235717773
sentinel2,treatment_0017,counterfactual_0012_08,4,tokenizer_latent_knn,8.2101411819458
sentinel2,treatment_0017,counterfactual_0007_06,5,tokenizer_latent_knn,8.227331161499023
sentinel2,treatment_0017,counterfactual_0025_08,6,tokenizer_latent_knn,8.2550687789917
sentinel2,treatment_0017,counterfactual_0003_05,7,tokenizer_latent_knn,8.262195587158203
sentinel2,treatment_0017,counterfactual_0007_08,8,tokenizer_latent_knn,8.299391746520996
sentinel2,treatment_0017,counterfactual_0017_02,9,tokenizer_latent_knn,8.353429794311523
sentinel2,treatment_0017,counterfactual_0024_10,10,tokenizer_latent_knn,8.3814115524292
sentinel2,treatment_0018,counterfactual_0017_02,1,tokenizer_latent_knn,8.497568130493164
sentinel2,treatment_0018,counterfactual_0015_06,2,tokenizer_latent_knn,8.605542182922363
sentinel2,treatment_0018,counterfactual_0017_07,3,tokenizer_latent_knn,8.671598434448242
sentinel2,treatment_0018,counterfactual_0012_08,4,tokenizer_latent_knn,8.750574111938477
sentinel2,treatment_0018,counterfactual_0007_06,5,tokenizer_latent_knn,8.845648765563965
sentinel2,treatment_0018,counterfactual_0012_10,6,tokenizer_latent_knn,8.856319427490234
sentinel2,treatment_0018,counterfactual_0024_05,7,tokenizer_latent_knn,8.901473045349121
sentinel2,treatment_0018,counterfactual_0006_03,8,tokenizer_latent_knn,8.907858848571777
sentinel2,treatment_0018,counterfactual_0024_08,9,tokenizer_latent_knn,8.912164688110352
sentinel2,treatment_0018,counterfactual_0016_01,10,tokenizer_latent_knn,8.937829971313477
sentinel2,treatment_0019,counterfactual_0012_08,1,tokenizer_latent_knn,7.233432769775391
sentinel2,treatment_0019,counterfactual_0017_07,2,tokenizer_latent_knn,7.469645977020264
sentinel2,treatment_0019,counterfactual_0017_02,3,tokenizer_latent_knn,7.542275428771973
sentinel2,treatment_0019,counterfactual_0024_06,4,tokenizer_latent_knn,7.565789222717285
sentinel2,treatment_0019,counterfactual_0015_06,5,tokenizer_latent_knn,7.568695068359375
sentinel2,treatment_0019,counterfactual_0019_10,6,tokenizer_latent_knn,7.601325511932373
sentinel2,treatment_0019,counterfactual_0025_09,7,tokenizer_latent_knn,7.638760566711426
sentinel2,treatment_0019,counterfactual_0006_09,8,tokenizer_latent_knn,7.71266508102417
sentinel2,treatment_0019,counterfactual_0024_05,9,tokenizer_latent_knn,7.724774360656738
sentinel2,treatment_0019,counterfactual_0024_10,10,tokenizer_latent_knn,7.748541355133057
sentinel2,treatment_0020,counterfactual_0024_07,1,tokenizer_latent_knn,8.123432159423828
sentinel2,treatment_0020,counterfactual_0024_05,2,tokenizer_latent_knn,8.374383926391602
sentinel2,treatment_0020,counterfactual_0015_09,3,tokenizer_latent_knn,8.406824111938477
sentinel2,treatment_0020,counterfactual_0019_05,4,tokenizer_latent_knn,8.435212135314941
sentinel2,treatment_0020,counterfactual_0003_06,5,tokenizer_latent_knn,8.509271621704102
sentinel2,treatment_0020,counterfactual_0024_08,6,tokenizer_latent_knn,8.651084899902344
sentinel2,treatment_0020,counterfactual_0016_02,7,tokenizer_latent_knn,8.714888572692871
sentinel2,treatment_0020,counterfactual_0017_07,8,tokenizer_latent_knn,8.730446815490723
sentinel2,treatment_0020,counterfactual_0006_09,9,tokenizer_latent_knn,8.742284774780273
sentinel2,treatment_0020,counterfactual_0003_08,10,tokenizer_latent_knn,8.766849517822266
sentinel2,treatment_0021,counterfactual_0015_04,1,tokenizer_latent_knn,8.982599258422852
sentinel2,treatment_0021,counterfactual_0019_03,2,tokenizer_latent_knn,9.1828031539917
sentinel2,treatment_0021,counterfactual_0025_09,3,tokenizer_latent_knn,9.204878807067871
sentinel2,treatment_0021,counterfactual_0024_08,4,tokenizer_latent_knn,9.242768287658691
sentinel2,treatment_0021,counterfactual_0025_01,5,tokenizer_latent_knn,9.290674209594727
sentinel2,treatment_0021,counterfactual_0007_08,6,tokenizer_latent_knn,9.30837631225586
sentinel2,treatment_0021,counterfactual_0013_08,7,tokenizer_latent_knn,9.449163436889648
sentinel2,treatment_0021,counterfactual_0016_09,8,tokenizer_latent_knn,9.458847045898438
sentinel2,treatment_0021,counterfactual_0003_09,9,tokenizer_latent_knn,9.481717109680176
sentinel2,treatment_0021,counterfactual_0024_10,10,tokenizer_latent_knn,9.509648323059082
sentinel2,treatment_0022,counterfactual_0024_10,1,tokenizer_latent_knn,9.259057998657227
sentinel2,treatment_0022,counterfactual_0019_03,2,tokenizer_latent_knn,9.267598152160645
sentinel2,treatment_0022,counterfactual_0019_05,3,tokenizer_latent_knn,9.382816314697266
sentinel2,treatment_0022,counterfactual_0025_09,4,tokenizer_latent_knn,9.469839096069336
sentinel2,treatment_0022,counterfactual_0007_06,5,tokenizer_latent_knn,9.478544235229492
sentinel2,treatment_0022,counterfactual_0025_07,6,tokenizer_latent_knn,9.510740280151367
sentinel2,treatment_0022,counterfactual_0003_05,7,tokenizer_latent_knn,9.556060791015625
sentinel2,treatment_0022,counterfactual_0015_09,8,tokenizer_latent_knn,9.602876663208008
sentinel2,treatment_0022,counterfactual_0016_09,9,tokenizer_latent_knn,9.615967750549316
sentinel2,treatment_0022,counterfactual_0024_08,10,tokenizer_latent_knn,9.627245903015137
sentinel2,treatment_0023,counterfactual_0007_06,1,tokenizer_latent_knn,8.608197212219238
sentinel2,treatment_0023,counterfactual_0024_08,2,tokenizer_latent_knn,8.760509490966797
sentinel2,treatment_0023,counterfactual_0025_09,3,tokenizer_latent_knn,8.808171272277832
sentinel2,treatment_0023,counterfactual_0017_02,4,tokenizer_latent_knn,8.830099105834961
sentinel2,treatment_0023,counterfactual_0019_09,5,tokenizer_latent_knn,8.867790222167969
sentinel2,treatment_0023,counterfactual_0015_06,6,tokenizer_latent_knn,8.883308410644531
sentinel2,treatment_0023,counterfactual_0006_06,7,tokenizer_latent_knn,8.88587474822998
sentinel2,treatment_0023,counterfactual_0024_06,8,tokenizer_latent_knn,8.889996528625488
sentinel2,treatment_0023,counterfactual_0012_08,9,tokenizer_latent_knn,8.926054000854492
sentinel2,treatment_0023,counterfactual_0024_01,10,tokenizer_latent_knn,8.935043334960938
sentinel2,treatment_0024,counterfactual_0006_03,1,tokenizer_latent_knn,7.613846778869629
sentinel2,treatment_0024,counterfactual_0015_06,2,tokenizer_latent_knn,7.797065734863281
sentinel2,treatment_0024,counterfactual_0024_10,3,tokenizer_latent_knn,7.948886394500732
sentinel2,treatment_0024,counterfactual_0024_08,4,tokenizer_latent_knn,7.9862284660339355
sentinel2,treatment_0024,counterfactual_0017_02,5,tokenizer_latent_knn,7.990293979644775
sentinel2,treatment_0024,counterfactual_0003_04,6,tokenizer_latent_knn,8.097001075744629
sentinel2,treatment_0024,counterfactual_0012_08,7,tokenizer_latent_knn,8.158787727355957
sentinel2,treatment_0024,counterfactual_0011_07,8,tokenizer_latent_knn,8.159309387207031
sentinel2,treatment_0024,counterfactual_0006_09,9,tokenizer_latent_knn,8.246805191040039
sentinel2,treatment_0024,counterfactual_0024_01,10,tokenizer_latent_knn,8.259431838989258
sentinel2,treatment_0025,counterfactual_0017_02,1,tokenizer_latent_knn,7.552107810974121
sentinel2,treatment_0025,counterfactual_0019_10,2,tokenizer_latent_knn,7.650850296020508
sentinel2,treatment_0025,counterfactual_0012_08,3,tokenizer_latent_knn,7.731386184692383
sentinel2,treatment_0025,counterfactual_0024_05,4,tokenizer_latent_knn,7.796149253845215
sentinel2,treatment_0025,counterfactual_0006_09,5,tokenizer_latent_knn,7.808704853057861
sentinel2,treatment_0025,counterfactual_0015_06,6,tokenizer_latent_knn,7.823884010314941
sentinel2,treatment_0025,counterfactual_0017_07,7,tokenizer_latent_knn,7.8403096199035645
sentinel2,treatment_0025,counterfactual_0024_06,8,tokenizer_latent_knn,7.844613075256348
sentinel2,treatment_0025,counterfactual_0024_08,9,tokenizer_latent_knn,7.879371166229248
sentinel2,treatment_0025,counterfactual_0016_03,10,tokenizer_latent_knn,7.921995162963867
sentinel2,treatment_0027,counterfactual_0024_02,1,tokenizer_latent_knn,9.682607650756836
sentinel2,treatment_0027,counterfactual_0017_02,2,tokenizer_latent_knn,9.695798873901367
sentinel2,treatment_0027,counterfactual_0019_03,3,tokenizer_latent_knn,9.702061653137207
sentinel2,treatment_0027,counterfactual_0024_10,4,tokenizer_latent_knn,9.707195281982422
sentinel2,treatment_0027,counterfactual_0019_02,5,tokenizer_latent_knn,9.723102569580078
sentinel2,treatment_0027,counterfactual_0015_06,6,tokenizer_latent_knn,9.770149230957031
sentinel2,treatment_0027,counterfactual_0012_08,7,tokenizer_latent_knn,9.792434692382812
sentinel2,treatment_0027,counterfactual_0024_06,8,tokenizer_latent_knn,9.870942115783691
sentinel2,treatment_0027,counterfactual_0024_08,9,tokenizer_latent_knn,9.914105415344238
sentinel2,treatment_0027,counterfactual_0003_04,10,tokenizer_latent_knn,9.927237510681152
